time,dt,client,flags,health,pre_origin_x,pre_origin_y,pre_origin_z,post_origin_x,post_origin_y,post_origin_z,pre_velocity_x,pre_velocity_y,pre_velocity_z,post_velocity_x,post_velocity_y,post_velocity_z,head_x,head_y,head_z,body_movement_x,body_movement_y,body_movement_z,actual_body_movement_x,actual_body_movement_y,actual_body_movement_z,velocity_average_x,velocity_average_y,velocity_average_z,launch_x,launch_y,launch_z,launched,hands_anchored,body_bounced,player_trace_allsolid,player_trace_startsolid,launch_contact_intentional,off_trace_start_x,off_trace_start_y,off_trace_start_z,off_desired_end_x,off_desired_end_y,off_desired_end_z,off_contact_anchor_x,off_contact_anchor_y,off_contact_anchor_z,off_movement_x,off_movement_y,off_movement_z,off_cmd_velocity_x,off_cmd_velocity_y,off_cmd_velocity_z,off_cmd_velocity_mag_field,off_cmd_velocity_mag_vec,off_colliding,off_previous_touching,off_touching,off_fallback_used,main_trace_start_x,main_trace_start_y,main_trace_start_z,main_desired_end_x,main_desired_end_y,main_desired_end_z,main_contact_anchor_x,main_contact_anchor_y,main_contact_anchor_z,main_movement_x,main_movement_y,main_movement_z,main_cmd_velocity_x,main_cmd_velocity_y,main_cmd_velocity_z,main_cmd_velocity_mag_field,main_cmd_velocity_mag_vec,main_colliding,main_previous_touching,main_touching,main_fallback_used
150.338123,0.013672,0,4104,100.0,202.859695,1668.531128,39.572269,202.882294,1668.569092,39.529594,0.000000,0.000000,0.000000,0.000000,0.000000,0.000000,202.882294,1668.569092,30.529594,0.022598,0.037964,-0.042675,0.022598,0.037964,-0.042675,-0.000109,-0.000028,0.000020,0.000000,0.000000,0.000000,0,1,0,0,0,0,177.460098,1691.600464,32.457325,177.375000,1691.500000,32.500000,177.397598,1691.537964,32.457325,0.085098,0.100464,-0.042675,0.000000,0.000000,0.000000,0.000010,0.000000,1,1,1,0,195.210098,1704.350464,33.332325,195.250000,1704.375000,33.375000,195.272598,1704.412964,33.332325,-0.039902,-0.024536,-0.042675,0.000000,0.000000,0.000000,0.000033,0.000000,1,1,1,0
150.351843,0.013720,0,4104,100.0,202.882294,1668.569092,39.529594,202.904892,1668.482056,39.611919,0.000000,0.000000,0.000000,0.000000,0.000000,0.000000,202.904892,1668.482056,30.611919,0.022598,-0.087036,0.082325,0.022598,-0.087036,0.082325,-0.000109,-0.000028,0.000020,0.000000,0.000000,0.000000,0,1,0,0,0,0,177.397598,1691.537964,32.457325,177.375000,1691.625000,32.375000,177.397598,1691.537964,32.457325,0.022598,-0.087036,0.082325,0.000000,0.000000,0.000000,0.000001,0.000000,1,1,1,0,195.272598,1704.412964,33.332325,195.250000,1704.500000,33.250000,195.272598,1704.412964,33.332325,0.022598,-0.087036,0.082325,0.000000,0.000000,0.000000,0.000112,0.000000,1,1,1,0
150.365485,0.013641,0,4104,100.0,202.904892,1668.482056,39.611919,202.927490,1668.520020,39.569244,0.000000,0.000000,0.000000,0.000000,0.000000,0.000000,202.927490,1668.520020,30.569244,0.022598,0.037964,-0.042675,0.022598,0.037964,-0.042675,-0.000109,-0.000028,0.000020,0.000000,0.000000,0.000000,0,1,0,0,0,0,177.397598,1691.537964,32.457325,177.375000,1691.500000,32.500000,177.397598,1691.537964,32.457325,0.022598,0.037964,-0.042675,0.000000,0.000000,0.000000,0.000122,0.000000,1,1,1,0,195.272598,1704.412964,33.332325,195.250000,1704.375000,33.375000,195.272598,1704.412964,33.332325,0.022598,0.037964,-0.042675,0.000000,0.000000,0.000000,0.000055,0.000000,1,1,1,0
150.380197,0.014712,0,4104,100.0,202.927490,1668.520020,39.569244,202.950089,1668.557983,39.526569,0.000000,0.000000,0.000000,0.000000,0.000000,0.000000,202.950089,1668.557983,30.526569,0.022598,0.037964,-0.042675,0.022598,0.037964,-0.042675,-0.000109,-0.000028,0.000020,0.000000,0.000000,0.000000,0,1,0,0,0,0,177.397598,1691.537964,32.457325,177.375000,1691.500000,32.500000,177.397598,1691.537964,32.457325,0.022598,0.037964,-0.042675,0.000000,0.000000,0.000000,0.000006,0.000000,1,1,1,0,195.272598,1704.412964,33.332325,195.250000,1704.375000,33.375000,195.272598,1704.412964,33.332325,0.022598,0.037964,-0.042675,0.000000,0.000000,0.000000,0.000069,0.000000,1,1,1,0
150.393888,0.013691,0,4104,100.0,202.950089,1668.557983,39.526569,202.847687,1668.595947,39.546394,0.000000,0.000000,0.000000,0.000000,0.000000,0.000000,202.847687,1668.595947,30.546394,-0.102402,0.037964,0.019825,-0.102402,0.037964,0.019825,-0.000109,-0.000028,0.000020,0.000000,0.000000,0.000000,0,1,0,0,0,0,177.397598,1691.537964,32.457325,177.500000,1691.500000,32.500000,177.397598,1691.537964,32.519825,-0.102402,0.037964,-0.042675,0.000000,0.000000,0.000000,0.000000,0.000000,1,1,1,0,195.272598,1704.412964,33.332325,195.375000,1704.375000,33.250000,195.272598,1704.412964,33.269825,-0.102402,0.037964,0.082325,0.000000,0.000000,0.000000,0.000174,0.000000,1,1,1,0
150.407545,0.013658,0,4104,100.0,202.847687,1668.595947,39.546394,202.870285,1668.571411,39.566219,0.000000,0.000000,0.000000,0.000000,0.000000,0.000000,202.870285,1668.571411,30.566219,0.022598,-0.024536,0.019825,0.022598,-0.024536,0.019825,-0.000109,-0.000028,0.000020,0.000000,0.000000,0.000000,0,1,0,0,0,0,177.397598,1691.537964,32.519825,177.375000,1691.500000,32.500000,177.397598,1691.475464,32.519825,0.022598,0.037964,0.019825,0.000000,0.000000,0.000000,0.000026,0.000000,1,1,1,0,195.272598,1704.412964,33.269825,195.250000,1704.500000,33.250000,195.272598,1704.475464,33.269825,0.022598,-0.087036,0.019825,0.000000,0.000000,0.000000,0.000042,0.000000,1,1,1,0
150.421742,0.014196,0,4104,100.0,202.870285,1668.571411,39.566219,202.955383,1668.546875,39.461044,0.000000,0.000000,0.000000,0.000000,0.000000,0.000000,202.955383,1668.546875,30.461044,0.085098,-0.024536,-0.105175,0.085098,-0.024536,-0.105175,-0.000109,-0.000028,0.000020,0.000000,0.000000,0.000000,0,1,0,0,0,0,177.397598,1691.475464,32.519825,177.250000,1691.500000,32.625000,177.335098,1691.475464,32.519825,0.147598,-0.024536,-0.105175,0.000000,0.000000,0.000000,0.000000,0.000000,1,1,1,0,195.272598,1704.475464,33.269825,195.250000,1704.500000,33.375000,195.335098,1704.475464,33.269825,0.022598,-0.024536,-0.105175,0.000000,0.000000,0.000000,0.000122,0.000000,1,1,1,0
150.435428,0.013686,0,4104,100.0,202.955383,1668.546875,39.461044,202.915482,1668.647339,39.480869,0.000000,0.000000,0.000000,0.000000,0.000000,0.000000,202.915482,1668.647339,30.480869,-0.039902,0.100464,0.019825,-0.039902,0.100464,0.019825,-0.000109,-0.000028,0.000020,0.000000,0.000000,0.000000,0,1,0,0,0,0,177.335098,1691.475464,32.519825,177.375000,1691.375000,32.500000,177.335098,1691.475464,32.519825,-0.039902,0.100464,0.019825,0.000000,0.000000,0.000000,0.000006,0.000000,1,1,1,0,195.335098,1704.475464,33.269825,195.375000,1704.375000,33.250000,195.335098,1704.475464,33.269825,-0.039902,0.100464,0.019825,0.000000,0.000000,0.000000,0.000000,0.000000,1,1,1,0
150.448529,0.013101,0,4104,100.0,202.915482,1668.647339,39.480869,203.000580,1668.622803,39.500694,0.000000,0.000000,0.000000,0.000000,0.000000,0.000000,203.000580,1668.622803,30.500694,0.085098,-0.024536,0.019825,0.085098,-0.024536,0.019825,-0.000109,-0.000028,0.000020,0.000000,0.000000,0.000000,0,1,0,0,0,0,177.335098,1691.475464,32.519825,177.250000,1691.500000,32.500000,177.335098,1691.475464,32.519825,0.085098,-0.024536,0.019825,0.000000,0.000000,0.000000,0.000063,0.000000,1,1,1,0,195.335098,1704.475464,33.269825,195.250000,1704.500000,33.250000,195.335098,1704.475464,33.269825,0.085098,-0.024536,0.019825,0.000000,0.000000,0.000000,0.000005,0.000000,1,1,1,0
150.463186,0.014657,0,4104,100.0,203.000580,1668.622803,39.500694,202.960678,1668.660767,39.520519,0.000000,0.000000,0.000000,0.000000,0.000000,0.000000,202.960678,1668.660767,30.520519,-0.039902,0.037964,0.019825,-0.039902,0.037964,0.019825,-0.000109,-0.000028,0.000020,0.000000,0.000000,0.000000,0,1,0,0,0,0,177.335098,1691.475464,32.519825,177.375000,1691.375000,32.500000,177.335098,1691.412964,32.519825,-0.039902,0.100464,0.019825,0.000000,0.000000,0.000000,0.000046,0.000000,1,1,1,0,195.335098,1704.475464,33.269825,195.375000,1704.500000,33.250000,195.335098,1704.537964,33.269825,-0.039902,-0.024536,0.019825,0.000000,0.000000,0.000000,0.000094,0.000000,1,1,1,0
150.476371,0.013185,0,4104,100.0,202.960678,1668.660767,39.520519,202.920776,1668.698730,39.540344,0.000000,0.000000,0.000000,0.000000,0.000000,0.000000,202.920776,1668.698730,30.540344,-0.039902,0.037964,0.019825,-0.039902,0.037964,0.019825,-0.000109,-0.000028,0.000020,0.000000,0.000000,0.000000,0,1,0,0,0,0,177.335098,1691.412964,32.519825,177.375000,1691.375000,32.500000,177.335098,1691.412964,32.519825,-0.039902,0.037964,0.019825,0.000000,0.000000,0.000000,0.000074,0.000000,1,1,1,0,195.335098,1704.537964,33.269825,195.375000,1704.500000,33.250000,195.335098,1704.537964,33.269825,-0.039902,0.037964,0.019825,0.000000,0.000000,0.000000,0.000251,0.000000,1,1,1,0
150.490508,0.014137,0,4104,100.0,202.920776,1668.698730,39.540344,203.068375,1668.674194,39.560169,0.000000,0.000000,0.000000,0.000000,0.000000,0.000000,203.068375,1668.674194,30.560169,0.147598,-0.024536,0.019825,0.147598,-0.024536,0.019825,-0.000109,-0.000028,0.000020,0.000000,0.000000,0.000000,0,1,0,0,0,0,177.335098,1691.412964,32.519825,177.125000,1691.375000,32.500000,177.272598,1691.350464,32.519825,0.210098,0.037964,0.019825,0.000000,0.000000,0.000000,0.000041,0.000000,1,1,1,0,195.335098,1704.537964,33.269825,195.250000,1704.625000,33.250000,195.397598,1704.600464,33.269825,0.085098,-0.087036,0.019825,0.000000,0.000000,0.000000,0.000009,0.000000,1,1,1,0
150.504704,0.014196,0,4104,100.0,203.068375,1668.674194,39.560169,202.965973,1668.774658,39.579994,0.000000,0.000000,0.000000,0.000000,0.000000,0.000000,202.965973,1668.774658,30.579994,-0.102402,0.100464,0.019825,-0.102402,0.100464,0.019825,-0.000109,-0.000028,0.000020,0.000000,0.000000,0.000000,0,1,0,0,0,0,177.272598,1691.350464,32.519825,177.375000,1691.250000,32.500000,177.272598,1691.350464,32.519825,-0.102402,0.100464,0.019825,0.000000,0.000000,0.000000,0.000224,0.000000,1,1,1,0,195.397598,1704.600464,33.269825,195.500000,1704.500000,33.250000,195.397598,1704.600464,33.269825,-0.102402,0.100464,0.019825,0.000000,0.000000,0.000000,0.000268,0.000000,1,1,1,0
150.518409,0.013705,0,4104,100.0,202.965973,1668.774658,39.579994,202.988571,1668.750122,39.474819,0.000000,0.000000,0.000000,0.000000,0.000000,0.000000,202.988571,1668.750122,30.474819,0.022598,-0.024536,-0.105175,0.022598,-0.024536,-0.105175,-0.000109,-0.000028,0.000020,0.000000,0.000000,0.000000,0,1,0,0,0,0,177.272598,1691.350464,32.519825,177.250000,1691.375000,32.625000,177.272598,1691.350464,32.519825,0.022598,-0.024536,-0.105175,0.000000,0.000000,0.000000,0.000287,0.000000,1,1,1,0,195.397598,1704.600464,33.269825,195.375000,1704.625000,33.375000,195.397598,1704.600464,33.269825,0.022598,-0.024536,-0.105175,0.000000,0.000000,0.000000,0.000004,0.000000,1,1,1,0
150.533149,0.014741,0,4104,100.0,202.988571,1668.750122,39.474819,203.011169,1668.788086,39.494644,0.000000,0.000000,0.000000,0.000000,0.000000,0.000000,203.011169,1668.788086,30.494644,0.022598,0.037964,0.019825,0.022598,0.037964,0.019825,-0.000109,-0.000028,0.000020,0.000000,0.000000,0.000000,0,1,0,0,0,0,177.272598,1691.350464,32.519825,177.250000,1691.250000,32.500000,177.272598,1691.287964,32.519825,0.022598,0.100464,0.019825,0.000000,0.000000,0.000000,0.000000,0.000000,1,1,1,0,195.397598,1704.600464,33.269825,195.375000,1704.625000,33.250000,195.397598,1704.662964,33.269825,0.022598,-0.024536,0.019825,0.000000,0.000000,0.000000,0.000050,0.000000,1,1,1,0
150.546386,0.013236,0,4104,100.0,203.011169,1668.788086,39.494644,203.096268,1668.826050,39.514469,0.000000,0.000000,0.000000,0.000000,0.000000,0.000000,203.096268,1668.826050,30.514469,0.085098,0.037964,0.019825,0.085098,0.037964,0.019825,-0.000109,-0.000028,0.000020,0.000000,0.000000,0.000000,0,1,0,0,0,0,177.272598,1691.287964,32.519825,177.125000,1691.250000,32.500000,177.210098,1691.287964,32.519825,0.147598,0.037964,0.019825,0.000000,0.000000,0.000000,0.000096,0.000000,1,1,1,0,195.397598,1704.662964,33.269825,195.375000,1704.625000,33.250000,195.460098,1704.662964,33.269825,0.022598,0.037964,0.019825,0.000000,0.000000,0.000000,0.000167,0.000000,1,1,1,0
150.560113,0.013727,0,4104,100.0,203.096268,1668.826050,39.514469,203.056366,1668.801514,39.534294,0.000000,0.000000,0.000000,0.000000,0.000000,0.000000,203.056366,1668.801514,30.534294,-0.039902,-0.024536,0.019825,-0.039902,-0.024536,0.019825,-0.000109,-0.000028,0.000020,0.000000,0.000000,0.000000,0,1,0,0,0,0,177.210098,1691.287964,32.519825,177.250000,1691.250000,32.500000,177.210098,1691.225464,32.519825,-0.039902,0.037964,0.019825,0.000000,0.000000,0.000000,0.000021,0.000000,1,1,1,0,195.460098,1704.662964,33.269825,195.500000,1704.750000,33.250000,195.460098,1704.725464,33.269825,-0.039902,-0.087036,0.019825,0.000000,0.000000,0.000000,0.000027,0.000000,1,1,1,0
150.574751,0.014638,0,4104,100.0,203.056366,1668.801514,39.534294,203.141464,1668.901978,39.554119,0.000000,0.000000,0.000000,0.000000,0.000000,0.000000,203.141464,1668.901978,30.554119,0.085098,0.100464,0.019825,0.085098,0.100464,0.019825,-0.000109,-0.000028,0.000020,0.000000,0.000000,0.000000,0,1,0,0,0,0,177.210098,1691.225464,32.519825,177.125000,1691.125000,32.500000,177.210098,1691.225464,32.519825,0.085098,0.100464,0.019825,0.000000,0.000000,0.000000,0.000096,0.000000,1,1,1,0,195.460098,1704.725464,33.269825,195.375000,1704.625000,33.250000,195.460098,1704.725464,33.269825,0.085098,0.100464,0.019825,0.000000,0.000000,0.000000,0.000000,0.000000,1,1,1,0
150.587972,0.013222,0,4104,100.0,203.141464,1668.901978,39.554119,203.101562,1668.877441,39.573944,0.000000,0.000000,0.000000,0.000000,0.000000,0.000000,203.101562,1668.877441,30.573944,-0.039902,-0.024536,0.019825,-0.039902,-0.024536,0.019825,-0.000109,-0.000028,0.000020,0.000000,0.000000,0.000000,0,1,0,0,0,0,177.210098,1691.225464,32.519825,177.250000,1691.250000,32.500000,177.210098,1691.225464,32.519825,-0.039902,-0.024536,0.019825,0.000000,0.000000,0.000000,0.000022,0.000000,1,1,1,0,195.460098,1704.725464,33.269825,195.500000,1704.750000,33.250000,195.460098,1704.725464,33.269825,-0.039902,-0.024536,0.019825,0.000000,0.000000,0.000000,0.000035,0.000000,1,1,1,0
150.601689,0.013717,0,4104,100.0,203.101562,1668.877441,39.573944,203.124161,1668.915405,39.468769,0.000000,0.000000,0.000000,0.000000,0.000000,0.000000,203.124161,1668.915405,30.468769,0.022598,0.037964,-0.105175,0.022598,0.037964,-0.105175,-0.000109,-0.000028,0.000020,0.000000,0.000000,0.000000,0,1,0,0,0,0,177.210098,1691.225464,32.519825,177.125000,1691.125000,32.625000,177.147598,1691.162964,32.519825,0.085098,0.100464,-0.105175,0.000000,0.000000,0.000000,0.000003,0.000000,1,1,1,0,195.460098,1704.725464,33.269825,195.500000,1704.750000,33.375000,195.522598,1704.787964,33.269825,-0.039902,-0.024536,-0.105175,0.000000,0.000000,0.000000,0.000144,0.000000,1,1,1,0
150.615301,0.013612,0,4104,100.0,203.124161,1668.915405,39.468769,203.146759,1668.953369,39.488594,0.000000,0.000000,0.000000,0.000000,0.000000,0.000000,203.146759,1668.953369,30.488594,0.022598,0.037964,0.019825,0.022598,0.037964,0.019825,-0.000109,-0.000028,0.000020,0.000000,0.000000,0.000000,0,1,0,0,0,0,177.147598,1691.162964,32.519825,177.125000,1691.125000,32.500000,177.147598,1691.162964,32.519825,0.022598,0.037964,0.019825,0.000000,0.000000,0.000000,0.000038,0.000000,1,1,1,0,195.522598,1704.787964,33.269825,195.500000,1704.750000,33.250000,195.522598,1704.787964,33.269825,0.022598,0.037964,0.019825,0.000000,0.000000,0.000000,0.000268,0.000000,1,1,1,0
150.630001,0.014700,0,4104,100.0,203.146759,1668.953369,39.488594,203.169357,1668.866333,39.508419,0.000000,0.000000,0.000000,0.000000,0.000000,0.000000,203.169357,1668.866333,30.508419,0.022598,-0.087036,0.019825,0.022598,-0.087036,0.019825,-0.000109,-0.000028,0.000020,0.000000,0.000000,0.000000,0,1,0,0,0,0,177.147598,1691.162964,32.519825,177.125000,1691.250000,32.500000,177.147598,1691.162964,32.519825,0.022598,-0.087036,0.019825,0.000000,0.000000,0.000000,0.000180,0.000000,1,1,1,0,195.522598,1704.787964,33.269825,195.500000,1704.875000,33.250000,195.522598,1704.787964,33.269825,0.022598,-0.087036,0.019825,0.000000,0.000000,0.000000,0.000004,0.000000,1,1,1,0
150.643134,0.013133,0,4104,100.0,203.169357,1668.866333,39.508419,203.191956,1668.904297,39.528244,0.000000,0.000000,0.000000,0.000000,0.000000,0.000000,203.191956,1668.904297,30.528244,0.022598,0.037964,0.019825,0.022598,0.037964,0.019825,-0.000109,-0.000028,0.000020,0.000000,0.000000,0.000000,0,1,0,0,0,0,177.147598,1691.162964,32.519825,177.125000,1691.125000,32.500000,177.147598,1691.162964,32.519825,0.022598,0.037964,0.019825,0.000000,0.000000,0.000000,0.000001,0.000000,1,1,1,0,195.522598,1704.787964,33.269825,195.500000,1704.750000,33.250000,195.522598,1704.787964,33.269825,0.022598,0.037964,0.019825,0.000000,0.000000,0.000000,0.000144,0.000000,1,1,1,0
150.657834,0.014700,0,4104,100.0,203.191956,1668.904297,39.528244,203.089554,1669.004761,39.548069,0.000000,0.000000,0.000000,0.000000,0.000000,0.000000,203.089554,1669.004761,30.548069,-0.102402,0.100464,0.019825,-0.102402,0.100464,0.019825,-0.000109,-0.000028,0.000020,0.000000,0.000000,0.000000,0,1,0,0,0,0,177.147598,1691.162964,32.519825,177.250000,1691.000000,32.500000,177.147598,1691.100464,32.519825,-0.102402,0.162964,0.019825,0.000000,0.000000,0.000000,0.000130,0.000000,1,1,1,0,195.522598,1704.787964,33.269825,195.625000,1704.750000,33.250000,195.522598,1704.850464,33.269825,-0.102402,0.037964,0.019825,0.000000,0.000000,0.000000,0.000109,0.000000,1,1,1,0
150.671791,0.013957,0,4104,100.0,203.089554,1669.004761,39.548069,203.112152,1668.980225,39.567894,0.000000,0.000000,0.000000,0.000000,0.000000,0.000000,203.112152,1668.980225,30.567894,0.022598,-0.024536,0.019825,0.022598,-0.024536,0.019825,-0.000109,-0.000028,0.000020,0.000000,0.000000,0.000000,0,1,0,0,0,0,177.147598,1691.100464,32.519825,177.125000,1691.125000,32.500000,177.147598,1691.100464,32.519825,0.022598,-0.024536,0.019825,0.000000,0.000000,0.000000,0.000002,0.000000,1,1,1,0,195.522598,1704.850464,33.269825,195.500000,1704.875000,33.250000,195.522598,1704.850464,33.269825,0.022598,-0.024536,0.019825,0.000000,0.000000,0.000000,0.000012,0.000000,1,1,1,0
150.685463,0.013672,0,4104,100.0,203.112152,1668.980225,39.567894,203.134750,1668.955688,39.462719,0.000000,0.000000,0.000000,0.000000,0.000000,0.000000,203.134750,1668.955688,30.462719,0.022598,-0.024536,-0.105175,0.022598,-0.024536,-0.105175,-0.000109,-0.000028,0.000020,0.000000,0.000000,0.000000,0,1,0,0,0,0,177.147598,1691.100464,32.519825,177.125000,1691.125000,32.625000,177.147598,1691.100464,32.519825,0.022598,-0.024536,-0.105175,0.000000,0.000000,0.000000,0.000137,0.000000,1,1,1,0,195.522598,1704.850464,33.269825,195.500000,1704.875000,33.375000,195.522598,1704.850464,33.269825,0.022598,-0.024536,-0.105175,0.000000,0.000000,0.000000,0.000004,0.000000,1,1,1,0
150.699690,0.014228,0,4104,100.0,203.134750,1668.955688,39.462719,203.157349,1668.931152,39.482544,0.000000,0.000000,0.000000,0.000000,0.000000,0.000000,203.157349,1668.931152,30.482544,0.022598,-0.024536,0.019825,0.022598,-0.024536,0.019825,-0.000109,-0.000028,0.000020,0.000000,0.000000,0.000000,0,1,0,0,0,0,177.147598,1691.100464,32.519825,177.125000,1691.125000,32.500000,177.147598,1691.100464,32.519825,0.022598,-0.024536,0.019825,0.000000,0.000000,0.000000,0.000003,0.000000,1,1,1,0,195.522598,1704.850464,33.269825,195.500000,1704.875000,33.250000,195.522598,1704.850464,33.269825,0.022598,-0.024536,0.019825,0.000000,0.000000,0.000000,0.000143,0.000000,1,1,1,0
150.712904,0.013214,0,4104,100.0,203.157349,1668.931152,39.482544,203.179947,1669.031616,39.502369,0.000000,0.000000,0.000000,0.000000,0.000000,0.000000,203.179947,1669.031616,30.502369,0.022598,0.100464,0.019825,0.022598,0.100464,0.019825,-0.000109,-0.000028,0.000020,0.000000,0.000000,0.000000,0,1,0,0,0,0,177.147598,1691.100464,32.519825,177.125000,1691.000000,32.500000,177.147598,1691.100464,32.519825,0.022598,0.100464,0.019825,0.000000,0.000000,0.000000,0.000003,0.000000,1,1,1,0,195.522598,1704.850464,33.269825,195.500000,1704.750000,33.250000,195.522598,1704.850464,33.269825,0.022598,0.100464,0.019825,0.000000,0.000000,0.000000,0.000094,0.000000,1,1,1,0
150.727558,0.014654,0,4104,100.0,203.179947,1669.031616,39.502369,203.202545,1669.007080,39.522194,0.000000,0.000000,0.000000,0.000000,0.000000,0.000000,203.202545,1669.007080,30.522194,0.022598,-0.024536,0.019825,0.022598,-0.024536,0.019825,-0.000109,-0.000028,0.000020,0.000000,0.000000,0.000000,0,1,0,0,0,0,177.147598,1691.100464,32.519825,177.125000,1691.125000,32.500000,177.147598,1691.100464,32.519825,0.022598,-0.024536,0.019825,0.000000,0.000000,0.000000,0.000000,0.000000,1,1,1,0,195.522598,1704.850464,33.269825,195.500000,1704.875000,33.250000,195.522598,1704.850464,33.269825,0.022598,-0.024536,0.019825,0.000000,0.000000,0.000000,0.000117,0.000000,1,1,1,0
150.740235,0.012677,0,4104,100.0,203.202545,1669.007080,39.522194,203.100143,1668.982544,39.542019,0.000000,0.000000,0.000000,0.000000,0.000000,0.000000,203.100143,1668.982544,30.542019,-0.102402,-0.024536,0.019825,-0.102402,-0.024536,0.019825,-0.000109,-0.000028,0.000020,0.000000,0.000000,0.000000,0,1,0,0,0,0,177.147598,1691.100464,32.519825,177.250000,1691.125000,32.500000,177.147598,1691.100464,32.519825,-0.102402,-0.024536,0.019825,0.000000,0.000000,0.000000,0.000145,0.000000,1,1,1,0,195.522598,1704.850464,33.269825,195.625000,1704.875000,33.250000,195.522598,1704.850464,33.269825,-0.102402,-0.024536,0.019825,0.000000,0.000000,0.000000,0.000001,0.000000,1,1,1,0
150.754500,0.014265,0,4104,100.0,203.100143,1668.982544,39.542019,203.122742,1668.958008,39.561844,0.000000,0.000000,0.000000,0.000000,0.000000,0.000000,203.122742,1668.958008,30.561844,0.022598,-0.024536,0.019825,0.022598,-0.024536,0.019825,-0.000109,-0.000028,0.000020,0.000000,0.000000,0.000000,0,1,0,0,0,0,177.147598,1691.100464,32.519825,177.125000,1691.125000,32.500000,177.147598,1691.100464,32.519825,0.022598,-0.024536,0.019825,0.000000,0.000000,0.000000,0.000019,0.000000,1,1,1,0,195.522598,1704.850464,33.269825,195.500000,1704.875000,33.250000,195.522598,1704.850464,33.269825,0.022598,-0.024536,0.019825,0.000000,0.000000,0.000000,0.000117,0.000000,1,1,1,0
150.768257,0.013757,0,4104,100.0,203.122742,1668.958008,39.561844,203.145340,1668.933472,39.581669,0.000000,0.000000,0.000000,0.000000,0.000000,0.000000,203.145340,1668.933472,30.581669,0.022598,-0.024536,0.019825,0.022598,-0.024536,0.019825,-0.000109,-0.000028,0.000020,0.000000,0.000000,0.000000,0,1,0,0,0,0,177.147598,1691.100464,32.519825,177.125000,1691.125000,32.500000,177.147598,1691.100464,32.519825,0.022598,-0.024536,0.019825,0.000000,0.000000,0.000000,0.000259,0.000000,1,1,1,0,195.522598,1704.850464,33.269825,195.500000,1704.875000,33.250000,195.522598,1704.850464,33.269825,0.022598,-0.024536,0.019825,0.000000,0.000000,0.000000,0.000252,0.000000,1,1,1,0
150.782469,0.014213,0,4104,100.0,203.145340,1668.933472,39.581669,203.167938,1669.033936,39.476494,0.000000,0.000000,0.000000,0.000000,0.000000,0.000000,203.167938,1669.033936,30.476494,0.022598,0.100464,-0.105175,0.022598,0.100464,-0.105175,-0.000109,-0.000028,0.000020,0.000000,0.000000,0.000000,0,1,0,0,0,0,177.147598,1691.100464,32.519825,177.125000,1691.000000,32.625000,177.147598,1691.100464,32.519825,0.022598,0.100464,-0.105175,0.000000,0.000000,0.000000,0.000134,0.000000,1,1,1,0,195.522598,1704.850464,33.269825,195.500000,1704.750000,33.375000,195.522598,1704.850464,33.269825,0.022598,0.100464,-0.105175,0.000000,0.000000,0.000000,0.000004,0.000000,1,1,1,0
150.796207,0.013738,0,4104,100.0,203.167938,1669.033936,39.476494,203.190536,1669.009399,39.496319,0.000000,0.000000,0.000000,0.000000,0.000000,0.000000,203.190536,1669.009399,30.496319,0.022598,-0.024536,0.019825,0.022598,-0.024536,0.019825,-0.000109,-0.000028,0.000020,0.000000,0.000000,0.000000,0,1,0,0,0,0,177.147598,1691.100464,32.519825,177.125000,1691.125000,32.500000,177.147598,1691.100464,32.519825,0.022598,-0.024536,0.019825,0.000000,0.000000,0.000000,0.000196,0.000000,1,1,1,0,195.522598,1704.850464,33.269825,195.500000,1704.875000,33.250000,195.522598,1704.850464,33.269825,0.022598,-0.024536,0.019825,0.000000,0.000000,0.000000,0.000144,0.000000,1,1,1,0
150.810930,0.014723,0,4104,100.0,203.190536,1669.009399,39.496319,203.088135,1668.984863,39.516144,0.000000,0.000000,0.000000,0.000000,0.000000,0.000000,203.088135,1668.984863,30.516144,-0.102402,-0.024536,0.019825,-0.102402,-0.024536,0.019825,-0.000109,-0.000028,0.000020,0.000000,0.000000,0.000000,0,1,0,0,0,0,177.147598,1691.100464,32.519825,177.250000,1691.125000,32.500000,177.147598,1691.100464,32.519825,-0.102402,-0.024536,0.019825,0.000000,0.000000,0.000000,0.000100,0.000000,1,1,1,0,195.522598,1704.850464,33.269825,195.625000,1704.875000,33.250000,195.522598,1704.850464,33.269825,-0.102402,-0.024536,0.019825,0.000000,0.000000,0.000000,0.000004,0.000000,1,1,1,0
150.824140,0.013209,0,4104,100.0,203.088135,1668.984863,39.516144,203.110733,1668.960327,39.535969,0.000000,0.000000,0.000000,0.000000,0.000000,0.000000,203.110733,1668.960327,30.535969,0.022598,-0.024536,0.019825,0.022598,-0.024536,0.019825,-0.000109,-0.000028,0.000020,0.000000,0.000000,0.000000,0,1,0,0,0,0,177.147598,1691.100464,32.519825,177.125000,1691.125000,32.500000,177.147598,1691.100464,32.519825,0.022598,-0.024536,0.019825,0.000000,0.000000,0.000000,0.000000,0.000000,1,1,1,0,195.522598,1704.850464,33.269825,195.500000,1704.875000,33.250000,195.522598,1704.850464,33.269825,0.022598,-0.024536,0.019825,0.000000,0.000000,0.000000,0.000027,0.000000,1,1,1,0
150.837787,0.013647,0,4104,100.0,203.110733,1668.960327,39.535969,203.133331,1668.935791,39.555794,0.000000,0.000000,0.000000,0.000000,0.000000,0.000000,203.133331,1668.935791,30.555794,0.022598,-0.024536,0.019825,0.022598,-0.024536,0.019825,-0.000109,-0.000028,0.000020,0.000000,0.000000,0.000000,0,1,0,0,0,0,177.147598,1691.100464,32.519825,177.125000,1691.125000,32.500000,177.147598,1691.100464,32.519825,0.022598,-0.024536,0.019825,0.000000,0.000000,0.000000,0.000003,0.000000,1,1,1,0,195.522598,1704.850464,33.269825,195.500000,1704.875000,33.250000,195.522598,1704.850464,33.269825,0.022598,-0.024536,0.019825,0.000000,0.000000,0.000000,0.000268,0.000000,1,1,1,0
150.852513,0.014727,0,4104,100.0,203.133331,1668.935791,39.555794,203.155930,1668.973755,39.575619,0.000000,0.000000,0.000000,0.000000,0.000000,0.000000,203.155930,1668.973755,30.575619,0.022598,0.037964,0.019825,0.022598,0.037964,0.019825,-0.000109,-0.000028,0.000020,0.000000,0.000000,0.000000,0,1,0,0,0,0,177.147598,1691.100464,32.519825,177.125000,1691.125000,32.500000,177.147598,1691.162964,32.519825,0.022598,-0.024536,0.019825,0.000000,0.000000,0.000000,0.000134,0.000000,1,1,1,0,195.522598,1704.850464,33.269825,195.500000,1704.750000,33.250000,195.522598,1704.787964,33.269825,0.022598,0.100464,0.019825,0.000000,0.000000,0.000000,0.000144,0.000000,1,1,1,0
150.866177,0.013664,0,4104,100.0,203.155930,1668.973755,39.575619,203.178528,1668.886719,39.470444,0.000000,0.000000,0.000000,0.000000,0.000000,0.000000,203.178528,1668.886719,30.470444,0.022598,-0.087036,-0.105175,0.022598,-0.087036,-0.105175,-0.000109,-0.000028,0.000020,0.000000,0.000000,0.000000,0,1,0,0,0,0,177.147598,1691.162964,32.519825,177.125000,1691.250000,32.625000,177.147598,1691.162964,32.519825,0.022598,-0.087036,-0.105175,0.000000,0.000000,0.000000,0.000022,0.000000,1,1,1,0,195.522598,1704.787964,33.269825,195.500000,1704.875000,33.375000,195.522598,1704.787964,33.269825,0.022598,-0.087036,-0.105175,0.000000,0.000000,0.000000,0.000046,0.000000,1,1,1,0
150.879414,0.013237,0,4104,100.0,203.178528,1668.886719,39.470444,203.201126,1668.924683,39.490269,0.000000,0.000000,0.000000,0.000000,0.000000,0.000000,203.201126,1668.924683,30.490269,0.022598,0.037964,0.019825,0.022598,0.037964,0.019825,-0.000109,-0.000028,0.000020,0.000000,0.000000,0.000000,0,1,0,0,0,0,177.147598,1691.162964,32.519825,177.125000,1691.125000,32.500000,177.147598,1691.162964,32.519825,0.022598,0.037964,0.019825,0.000000,0.000000,0.000000,0.000134,0.000000,1,1,1,0,195.522598,1704.787964,33.269825,195.500000,1704.750000,33.250000,195.522598,1704.787964,33.269825,0.022598,0.037964,0.019825,0.000000,0.000000,0.000000,0.000050,0.000000,1,1,1,0
150.893068,0.013654,0,4104,100.0,203.201126,1668.924683,39.490269,203.098724,1668.962646,39.510094,0.000000,0.000000,0.000000,0.000000,0.000000,0.000000,203.098724,1668.962646,30.510094,-0.102402,0.037964,0.019825,-0.102402,0.037964,0.019825,-0.000109,-0.000028,0.000020,0.000000,0.000000,0.000000,0,1,0,0,0,0,177.147598,1691.162964,32.519825,177.250000,1691.125000,32.500000,177.147598,1691.162964,32.519825,-0.102402,0.037964,0.019825,0.000000,0.000000,0.000000,0.000000,0.000000,1,1,1,0,195.522598,1704.787964,33.269825,195.625000,1704.750000,33.250000,195.522598,1704.787964,33.269825,-0.102402,0.037964,0.019825,0.000000,0.000000,0.000000,0.000117,0.000000,1,1,1,0
150.907784,0.014716,0,4104,100.0,203.098724,1668.962646,39.510094,203.121323,1668.813110,39.529919,0.000000,0.000000,0.000000,0.000000,0.000000,0.000000,203.121323,1668.813110,30.529919,0.022598,-0.149536,0.019825,0.022598,-0.149536,0.019825,-0.000109,-0.000028,0.000020,0.000000,0.000000,0.000000,0,1,0,0,0,0,177.147598,1691.162964,32.519825,177.125000,1691.375000,32.500000,177.147598,1691.225464,32.519825,0.022598,-0.212036,0.019825,0.000000,0.000000,0.000000,0.000104,0.000000,1,1,1,0,195.522598,1704.787964,33.269825,195.500000,1704.875000,33.250000,195.522598,1704.725464,33.269825,0.022598,-0.087036,0.019825,0.000000,0.000000,0.000000,0.000046,0.000000,1,1,1,0
150.921460,0.013676,0,4104,100.0,203.121323,1668.813110,39.529919,203.081421,1668.788574,39.549744,0.000000,0.000000,0.000000,0.000000,0.000000,0.000000,203.081421,1668.788574,30.549744,-0.039902,-0.024536,0.019825,-0.039902,-0.024536,0.019825,-0.000109,-0.000028,0.000020,0.000000,0.000000,0.000000,0,1,0,0,0,0,177.147598,1691.225464,32.519825,177.250000,1691.250000,32.500000,177.210098,1691.225464,32.519825,-0.102402,-0.024536,0.019825,0.000000,0.000000,0.000000,0.000100,0.000000,1,1,1,0,195.522598,1704.725464,33.269825,195.500000,1704.750000,33.250000,195.460098,1704.725464,33.269825,0.022598,-0.024536,0.019825,0.000000,0.000000,0.000000,0.000034,0.000000,1,1,1,0
150.934651,0.013191,0,4104,100.0,203.081421,1668.788574,39.549744,203.041519,1668.889038,39.569569,0.000000,0.000000,0.000000,0.000000,0.000000,0.000000,203.041519,1668.889038,30.569569,-0.039902,0.100464,0.019825,-0.039902,0.100464,0.019825,-0.000109,-0.000028,0.000020,0.000000,0.000000,0.000000,0,1,0,0,0,0,177.210098,1691.225464,32.519825,177.250000,1691.125000,32.500000,177.210098,1691.225464,32.519825,-0.039902,0.100464,0.019825,0.000000,0.000000,0.000000,0.000000,0.000000,1,1,1,0,195.460098,1704.725464,33.269825,195.500000,1704.625000,33.250000,195.460098,1704.725464,33.269825,-0.039902,0.100464,0.019825,0.000000,0.000000,0.000000,0.000094,0.000000,1,1,1,0
150.949439,0.014788,0,4104,100.0,203.041519,1668.889038,39.569569,203.126617,1668.864502,39.464394,0.000000,0.000000,0.000000,0.000000,0.000000,0.000000,203.126617,1668.864502,30.464394,0.085098,-0.024536,-0.105175,0.085098,-0.024536,-0.105175,-0.000109,-0.000028,0.000020,0.000000,0.000000,0.000000,0,1,0,0,0,0,177.210098,1691.225464,32.519825,177.125000,1691.250000,32.625000,177.210098,1691.225464,32.519825,0.085098,-0.024536,-0.105175,0.000000,0.000000,0.000000,0.000002,0.000000,1,1,1,0,195.460098,1704.725464,33.269825,195.375000,1704.750000,33.375000,195.460098,1704.725464,33.269825,0.085098,-0.024536,-0.105175,0.000000,0.000000,0.000000,0.000203,0.000000,1,1,1,0
150.963021,0.013583,0,4104,100.0,203.126617,1668.864502,39.464394,203.086716,1668.777466,39.484219,0.000000,0.000000,0.000000,0.000000,0.000000,0.000000,203.086716,1668.777466,30.484219,-0.039902,-0.087036,0.019825,-0.039902,-0.087036,0.019825,-0.000109,-0.000028,0.000020,0.000000,0.000000,0.000000,0,1,0,0,0,0,177.210098,1691.225464,32.519825,177.250000,1691.375000,32.500000,177.210098,1691.287964,32.519825,-0.039902,-0.149536,0.019825,0.000000,0.000000,0.000000,0.000000,0.000000,1,1,1,0,195.460098,1704.725464,33.269825,195.500000,1704.750000,33.250000,195.460098,1704.662964,33.269825,-0.039902,-0.024536,0.019825,0.000000,0.000000,0.000000,0.000004,0.000000,1,1,1,0
150.976234,0.013213,0,4104,100.0,203.086716,1668.777466,39.484219,203.046814,1668.815430,39.504044,0.000000,0.000000,0.000000,0.000000,0.000000,0.000000,203.046814,1668.815430,30.504044,-0.039902,0.037964,0.019825,-0.039902,0.037964,0.019825,-0.000109,-0.000028,0.000020,0.000000,0.000000,0.000000,0,1,0,0,0,0,177.210098,1691.287964,32.519825,177.250000,1691.250000,32.500000,177.210098,1691.287964,32.519825,-0.039902,0.037964,0.019825,0.000000,0.000000,0.000000,0.000000,0.000000,1,1,1,0,195.460098,1704.662964,33.269825,195.500000,1704.625000,33.250000,195.460098,1704.662964,33.269825,-0.039902,0.037964,0.019825,0.000000,0.000000,0.000000,0.000203,0.000000,1,1,1,0
150.991493,0.015259,0,4104,100.0,203.046814,1668.815430,39.504044,203.131912,1668.728394,39.523869,0.000000,0.000000,0.000000,0.000000,0.000000,0.000000,203.131912,1668.728394,30.523869,0.085098,-0.087036,0.019825,0.085098,-0.087036,0.019825,-0.000109,-0.000028,0.000020,0.000000,0.000000,0.000000,0,1,0,0,0,0,177.210098,1691.287964,32.519825,177.125000,1691.375000,32.500000,177.210098,1691.287964,32.519825,0.085098,-0.087036,0.019825,0.000000,0.000000,0.000000,0.000052,0.000000,1,1,1,0,195.460098,1704.662964,33.269825,195.375000,1704.750000,33.250000,195.460098,1704.662964,33.269825,0.085098,-0.087036,0.019825,0.000000,0.000000,0.000000,0.000170,0.000000,1,1,1,0
151.004667,0.013175,0,4104,100.0,203.131912,1668.728394,39.523869,203.029510,1668.703857,39.543694,0.000000,0.000000,0.000000,0.000000,0.000000,0.000000,203.029510,1668.703857,30.543694,-0.102402,-0.024536,0.019825,-0.102402,-0.024536,0.019825,-0.000109,-0.000028,0.000020,0.000000,0.000000,0.000000,0,1,0,0,0,0,177.210098,1691.287964,32.519825,177.375000,1691.375000,32.500000,177.272598,1691.350464,32.519825,-0.164902,-0.087036,0.019825,0.000000,0.000000,0.000000,0.000188,0.000000,1,1,1,0,195.460098,1704.662964,33.269825,195.500000,1704.625000,33.250000,195.397598,1704.600464,33.269825,-0.039902,0.037964,0.019825,0.000000,0.000000,0.000000,0.000046,0.000000,1,1,1,0
151.017890,0.013222,0,4104,100.0,203.029510,1668.703857,39.543694,203.052109,1668.679321,39.563519,0.000000,0.000000,0.000000,0.000000,0.000000,0.000000,203.052109,1668.679321,30.563519,0.022598,-0.024536,0.019825,0.022598,-0.024536,0.019825,-0.000109,-0.000028,0.000020,0.000000,0.000000,0.000000,0,1,0,0,0,0,177.272598,1691.350464,32.519825,177.250000,1691.375000,32.500000,177.272598,1691.350464,32.519825,0.022598,-0.024536,0.019825,0.000000,0.000000,0.000000,0.000130,0.000000,1,1,1,0,195.397598,1704.600464,33.269825,195.375000,1704.625000,33.250000,195.397598,1704.600464,33.269825,0.022598,-0.024536,0.019825,0.000000,0.000000,0.000000,0.000143,0.000000,1,1,1,0
151.033090,0.015200,0,4104,100.0,203.052109,1668.679321,39.563519,203.074707,1668.779785,39.458344,0.000000,0.000000,0.000000,0.000000,0.000000,0.000000,203.074707,1668.779785,30.458344,0.022598,0.100464,-0.105175,0.022598,0.100464,-0.105175,-0.000109,-0.000028,0.000020,0.000000,0.000000,0.000000,0,1,0,0,0,0,177.272598,1691.350464,32.519825,177.250000,1691.250000,32.625000,177.272598,1691.350464,32.519825,0.022598,0.100464,-0.105175,0.000000,0.000000,0.000000,0.000188,0.000000,1,1,1,0,195.397598,1704.600464,33.269825,195.375000,1704.500000,33.375000,195.397598,1704.600464,33.269825,0.022598,0.100464,-0.105175,0.000000,0.000000,0.000000,0.000094,0.000000,1,1,1,0
151.046299,0.013209,0,4104,100.0,203.074707,1668.779785,39.458344,202.972305,1668.755249,39.478168,0.000000,0.000000,0.000000,0.000000,0.000000,0.000000,202.972305,1668.755249,30.478168,-0.102402,-0.024536,0.019825,-0.102402,-0.024536,0.019825,-0.000109,-0.000028,0.000020,0.000000,0.000000,0.000000,0,1,0,0,0,0,177.272598,1691.350464,32.519825,177.375000,1691.375000,32.500000,177.272598,1691.350464,32.519825,-0.102402,-0.024536,0.019825,0.000000,0.000000,0.000000,0.000134,0.000000,1,1,1,0,195.397598,1704.600464,33.269825,195.500000,1704.625000,33.250000,195.397598,1704.600464,33.269825,-0.102402,-0.024536,0.019825,0.000000,0.000000,0.000000,0.000015,0.000000,1,1,1,0
151.060004,0.013705,0,4104,100.0,202.972305,1668.755249,39.478168,202.994904,1668.668213,39.497993,0.000000,0.000000,0.000000,0.000000,0.000000,0.000000,202.994904,1668.668213,30.497993,0.022598,-0.087036,0.019825,0.022598,-0.087036,0.019825,-0.000109,-0.000028,0.000020,0.000000,0.000000,0.000000,0,1,0,0,0,0,177.272598,1691.350464,32.519825,177.250000,1691.500000,32.500000,177.272598,1691.412964,32.519825,0.022598,-0.149536,0.019825,0.000000,0.000000,0.000000,0.000134,0.000000,1,1,1,0,195.397598,1704.600464,33.269825,195.375000,1704.625000,33.250000,195.397598,1704.537964,33.269825,0.022598,-0.024536,0.019825,0.000000,0.000000,0.000000,0.000004,0.000000,1,1,1,0
151.074683,0.014679,0,4104,100.0,202.994904,1668.668213,39.497993,202.955002,1668.706177,39.580318,0.000000,0.000000,0.000000,0.000000,0.000000,0.000000,202.955002,1668.706177,30.580318,-0.039902,0.037964,0.082325,-0.039902,0.037964,0.082325,-0.000109,-0.000028,0.000020,0.000000,0.000000,0.000000,0,1,0,0,0,0,177.272598,1691.412964,32.519825,177.375000,1691.375000,32.375000,177.335098,1691.412964,32.457325,-0.102402,0.037964,0.144825,0.000000,0.000000,0.000000,0.000000,0.000000,1,1,1,0,195.397598,1704.537964,33.269825,195.375000,1704.500000,33.250000,195.335098,1704.537964,33.332325,0.022598,0.037964,0.019825,0.000000,0.000000,0.000000,0.000000,0.000000,1,1,1,0
151.087884,0.013201,0,4104,100.0,202.955002,1668.706177,39.580318,202.915100,1668.619141,39.537643,0.000000,0.000000,0.000000,0.000000,0.000000,0.000000,202.915100,1668.619141,30.537643,-0.039902,-0.087036,-0.042675,-0.039902,-0.087036,-0.042675,-0.000109,-0.000028,0.000020,0.000000,0.000000,0.000000,0,1,0,0,0,0,177.335098,1691.412964,32.457325,177.375000,1691.500000,32.500000,177.335098,1691.412964,32.457325,-0.039902,-0.087036,-0.042675,0.000000,0.000000,0.000000,0.000105,0.000000,1,1,1,0,195.335098,1704.537964,33.332325,195.375000,1704.625000,33.375000,195.335098,1704.537964,33.332325,-0.039902,-0.087036,-0.042675,0.000000,0.000000,0.000000,0.000028,0.000000,1,1,1,0
151.101563,0.013680,0,4104,100.0,202.915100,1668.619141,39.537643,203.000198,1668.657104,39.619968,0.000000,0.000000,0.000000,0.000000,0.000000,0.000000,203.000198,1668.657104,30.619968,0.085098,0.037964,0.082325,0.085098,0.037964,0.082325,-0.000109,-0.000028,0.000020,0.000000,0.000000,0.000000,0,1,0,0,0,0,177.335098,1691.412964,32.457325,177.250000,1691.375000,32.375000,177.335098,1691.412964,32.457325,0.085098,0.037964,0.082325,0.000000,0.000000,0.000000,0.000225,0.000000,1,1,1,0,195.335098,1704.537964,33.332325,195.250000,1704.500000,33.250000,195.335098,1704.537964,33.332325,0.085098,0.037964,0.082325,0.000000,0.000000,0.000000,0.000242,0.000000,1,1,1,0
151.116264,0.014701,0,4104,100.0,203.000198,1668.657104,39.619968,202.960297,1668.632568,39.577293,0.000000,0.000000,0.000000,0.000000,0.000000,0.000000,202.960297,1668.632568,30.577293,-0.039902,-0.024536,-0.042675,-0.039902,-0.024536,-0.042675,-0.000109,-0.000028,0.000020,0.000000,0.000000,0.000000,0,1,0,0,0,0,177.335098,1691.412964,32.457325,177.375000,1691.500000,32.500000,177.335098,1691.475464,32.457325,-0.039902,-0.087036,-0.042675,0.000000,0.000000,0.000000,0.000130,0.000000,1,1,1,0,195.335098,1704.537964,33.332325,195.375000,1704.500000,33.375000,195.335098,1704.475464,33.332325,-0.039902,0.037964,-0.042675,0.000000,0.000000,0.000000,0.000000,0.000000,1,1,1,0
151.129968,0.013704,0,4104,100.0,202.960297,1668.632568,39.577293,202.920395,1668.608032,39.534618,0.000000,0.000000,0.000000,0.000000,0.000000,0.000000,202.920395,1668.608032,30.534618,-0.039902,-0.024536,-0.042675,-0.039902,-0.024536,-0.042675,-0.000109,-0.000028,0.000020,0.000000,0.000000,0.000000,0,1,0,0,0,0,177.335098,1691.475464,32.457325,177.375000,1691.500000,32.500000,177.335098,1691.475464,32.457325,-0.039902,-0.024536,-0.042675,0.000000,0.000000,0.000000,0.000038,0.000000,1,1,1,0,195.335098,1704.475464,33.332325,195.375000,1704.500000,33.375000,195.335098,1704.475464,33.332325,-0.039902,-0.024536,-0.042675,0.000000,0.000000,0.000000,0.000054,0.000000,1,1,1,0
151.143173,0.013205,0,4104,100.0,202.920395,1668.608032,39.534618,203.005493,1668.583496,39.616943,0.000000,0.000000,0.000000,0.000000,0.000000,0.000000,203.005493,1668.583496,30.616943,0.085098,-0.024536,0.082325,0.085098,-0.024536,0.082325,-0.000109,-0.000028,0.000020,0.000000,0.000000,0.000000,0,1,0,0,0,0,177.335098,1691.475464,32.457325,177.250000,1691.500000,32.375000,177.335098,1691.475464,32.457325,0.085098,-0.024536,0.082325,0.000000,0.000000,0.000000,0.000104,0.000000,1,1,1,0,195.335098,1704.475464,33.332325,195.250000,1704.500000,33.250000,195.335098,1704.475464,33.332325,0.085098,-0.024536,0.082325,0.000000,0.000000,0.000000,0.000001,0.000000,1,1,1,0
151.157834,0.014661,0,4104,100.0,203.005493,1668.583496,39.616943,202.965591,1668.558960,39.574268,0.000000,0.000000,0.000000,0.000000,0.000000,0.000000,202.965591,1668.558960,30.574268,-0.039902,-0.024536,-0.042675,-0.039902,-0.024536,-0.042675,-0.000109,-0.000028,0.000020,0.000000,0.000000,0.000000,0,1,0,0,0,0,177.335098,1691.475464,32.457325,177.375000,1691.500000,32.500000,177.335098,1691.475464,32.457325,-0.039902,-0.024536,-0.042675,0.000000,0.000000,0.000000,0.000104,0.000000,1,1,1,0,195.335098,1704.475464,33.332325,195.375000,1704.500000,33.375000,195.335098,1704.475464,33.332325,-0.039902,-0.024536,-0.042675,0.000000,0.000000,0.000000,0.000004,0.000000,1,1,1,0
151.171506,0.013672,0,4104,100.0,202.965591,1668.558960,39.574268,202.925690,1668.659424,39.531593,0.000000,0.000000,0.000000,0.000000,0.000000,0.000000,202.925690,1668.659424,30.531593,-0.039902,0.100464,-0.042675,-0.039902,0.100464,-0.042675,-0.000109,-0.000028,0.000020,0.000000,0.000000,0.000000,0,1,0,0,0,0,177.335098,1691.475464,32.457325,177.375000,1691.375000,32.500000,177.335098,1691.475464,32.457325,-0.039902,0.100464,-0.042675,0.000000,0.000000,0.000000,0.000052,0.000000,1,1,1,0,195.335098,1704.475464,33.332325,195.375000,1704.375000,33.375000,195.335098,1704.475464,33.332325,-0.039902,0.100464,-0.042675,0.000000,0.000000,0.000000,0.000033,0.000000,1,1,1,0
151.185715,0.014209,0,4104,100.0,202.925690,1668.659424,39.531593,202.948288,1668.634888,39.613918,0.000000,0.000000,0.000000,0.000000,0.000000,0.000000,202.948288,1668.634888,30.613918,0.022598,-0.024536,0.082325,0.022598,-0.024536,0.082325,-0.000109,-0.000028,0.000020,0.000000,0.000000,0.000000,0,1,0,0,0,0,177.335098,1691.475464,32.457325,177.375000,1691.500000,32.375000,177.397598,1691.475464,32.457325,-0.039902,-0.024536,0.082325,0.000000,0.000000,0.000000,0.000018,0.000000,1,1,1,0,195.335098,1704.475464,33.332325,195.250000,1704.500000,33.250000,195.272598,1704.475464,33.332325,0.085098,-0.024536,0.082325,0.000000,0.000000,0.000000,0.000004,0.000000,1,1,1,0
151.199404,0.013689,0,4104,100.0,202.948288,1668.634888,39.613918,202.845886,1668.610352,39.571243,0.000000,0.000000,0.000000,0.000000,0.000000,0.000000,202.845886,1668.610352,30.571243,-0.102402,-0.024536,-0.042675,-0.102402,-0.024536,-0.042675,-0.000109,-0.000028,0.000020,0.000000,0.000000,0.000000,0,1,0,0,0,0,177.397598,1691.475464,32.457325,177.500000,1691.500000,32.500000,177.397598,1691.475464,32.457325,-0.102402,-0.024536,-0.042675,0.000000,0.000000,0.000000,0.000180,0.000000,1,1,1,0,195.272598,1704.475464,33.332325,195.375000,1704.500000,33.375000,195.272598,1704.475464,33.332325,-0.102402,-0.024536,-0.042675,0.000000,0.000000,0.000000,0.000001,0.000000,1,1,1,0
151.213042,0.013638,0,4104,100.0,202.845886,1668.610352,39.571243,202.868484,1668.585815,39.528568,0.000000,0.000000,0.000000,0.000000,0.000000,0.000000,202.868484,1668.585815,30.528568,0.022598,-0.024536,-0.042675,0.022598,-0.024536,-0.042675,-0.000109,-0.000028,0.000020,0.000000,0.000000,0.000000,0,1,0,0,0,0,177.397598,1691.475464,32.457325,177.375000,1691.500000,32.500000,177.397598,1691.475464,32.457325,0.022598,-0.024536,-0.042675,0.000000,0.000000,0.000000,0.000003,0.000000,1,1,1,0,195.272598,1704.475464,33.332325,195.250000,1704.500000,33.375000,195.272598,1704.475464,33.332325,0.022598,-0.024536,-0.042675,0.000000,0.000000,0.000000,0.000094,0.000000,1,1,1,0
151.226230,0.013188,0,4104,100.0,202.868484,1668.585815,39.528568,202.953583,1668.561279,39.610893,0.000000,0.000000,0.000000,0.000000,0.000000,0.000000,202.953583,1668.561279,30.610893,0.085098,-0.024536,0.082325,0.085098,-0.024536,0.082325,-0.000109,-0.000028,0.000020,0.000000,0.000000,0.000000,0,1,0,0,0,0,177.397598,1691.475464,32.457325,177.250000,1691.500000,32.375000,177.335098,1691.475464,32.457325,0.147598,-0.024536,0.082325,0.000000,0.000000,0.000000,0.000105,0.000000,1,1,1,0,195.272598,1704.475464,33.332325,195.250000,1704.500000,33.250000,195.335098,1704.475464,33.332325,0.022598,-0.024536,0.082325,0.000000,0.000000,0.000000,0.000000,0.000000,1,1,1,0
151.241464,0.015233,0,4104,100.0,202.953583,1668.561279,39.610893,202.913681,1668.661743,39.568218,0.000000,0.000000,0.000000,0.000000,0.000000,0.000000,202.913681,1668.661743,30.568218,-0.039902,0.100464,-0.042675,-0.039902,0.100464,-0.042675,-0.000109,-0.000028,0.000020,0.000000,0.000000,0.000000,0,1,0,0,0,0,177.335098,1691.475464,32.457325,177.375000,1691.375000,32.500000,177.335098,1691.475464,32.457325,-0.039902,0.100464,-0.042675,0.000000,0.000000,0.000000,0.000000,0.000000,1,1,1,0,195.335098,1704.475464,33.332325,195.375000,1704.375000,33.375000,195.335098,1704.475464,33.332325,-0.039902,0.100464,-0.042675,0.000000,0.000000,0.000000,0.000000,0.000000,1,1,1,0
151.254643,0.013179,0,4104,100.0,202.913681,1668.661743,39.568218,202.998779,1668.637207,39.525543,0.000000,0.000000,0.000000,0.000000,0.000000,0.000000,202.998779,1668.637207,30.525543,0.085098,-0.024536,-0.042675,0.085098,-0.024536,-0.042675,-0.000109,-0.000028,0.000020,0.000000,0.000000,0.000000,0,1,0,0,0,0,177.335098,1691.475464,32.457325,177.250000,1691.500000,32.500000,177.335098,1691.475464,32.457325,0.085098,-0.024536,-0.042675,0.000000,0.000000,0.000000,0.000022,0.000000,1,1,1,0,195.335098,1704.475464,33.332325,195.250000,1704.500000,33.375000,195.335098,1704.475464,33.332325,0.085098,-0.024536,-0.042675,0.000000,0.000000,0.000000,0.000000,0.000000,1,1,1,0
151.267822,0.013179,0,4104,100.0,202.998779,1668.637207,39.525543,202.958878,1668.612671,39.607868,0.000000,0.000000,0.000000,0.000000,0.000000,0.000000,202.958878,1668.612671,30.607868,-0.039902,-0.024536,0.082325,-0.039902,-0.024536,0.082325,-0.000109,-0.000028,0.000020,0.000000,0.000000,0.000000,0,1,0,0,0,0,177.335098,1691.475464,32.457325,177.375000,1691.500000,32.375000,177.335098,1691.475464,32.457325,-0.039902,-0.024536,0.082325,0.000000,0.000000,0.000000,0.000052,0.000000,1,1,1,0,195.335098,1704.475464,33.332325,195.375000,1704.500000,33.250000,195.335098,1704.475464,33.332325,-0.039902,-0.024536,0.082325,0.000000,0.000000,0.000000,0.000000,0.000000,1,1,1,0
151.283142,0.015320,0,4104,100.0,202.958878,1668.612671,39.607868,202.918976,1668.588135,39.565193,0.000000,0.000000,0.000000,0.000000,0.000000,0.000000,202.918976,1668.588135,30.565193,-0.039902,-0.024536,-0.042675,-0.039902,-0.024536,-0.042675,-0.000109,-0.000028,0.000020,0.000000,0.000000,0.000000,0,1,0,0,0,0,177.335098,1691.475464,32.457325,177.375000,1691.500000,32.500000,177.335098,1691.475464,32.457325,-0.039902,-0.024536,-0.042675,0.000000,0.000000,0.000000,0.000022,0.000000,1,1,1,0,195.335098,1704.475464,33.332325,195.375000,1704.500000,33.375000,195.335098,1704.475464,33.332325,-0.039902,-0.024536,-0.042675,0.000000,0.000000,0.000000,0.000203,0.000000,1,1,1,0
151.296224,0.013081,0,4104,100.0,202.918976,1668.588135,39.565193,203.004074,1668.563599,39.522518,0.000000,0.000000,0.000000,0.000000,0.000000,0.000000,203.004074,1668.563599,30.522518,0.085098,-0.024536,-0.042675,0.085098,-0.024536,-0.042675,-0.000109,-0.000028,0.000020,0.000000,0.000000,0.000000,0,1,0,0,0,0,177.335098,1691.475464,32.457325,177.250000,1691.500000,32.500000,177.335098,1691.475464,32.457325,0.085098,-0.024536,-0.042675,0.000000,0.000000,0.000000,0.000000,0.000000,1,1,1,0,195.335098,1704.475464,33.332325,195.250000,1704.500000,33.375000,195.335098,1704.475464,33.332325,0.085098,-0.024536,-0.042675,0.000000,0.000000,0.000000,0.000194,0.000000,1,1,1,0
151.309511,0.013287,0,4104,100.0,203.004074,1668.563599,39.522518,202.964172,1668.601562,39.604843,0.000000,0.000000,0.000000,0.000000,0.000000,0.000000,202.964172,1668.601562,30.604843,-0.039902,0.037964,0.082325,-0.039902,0.037964,0.082325,-0.000109,-0.000028,0.000020,0.000000,0.000000,0.000000,0,1,0,0,0,0,177.335098,1691.475464,32.457325,177.375000,1691.375000,32.375000,177.335098,1691.412964,32.457325,-0.039902,0.100464,0.082325,0.000000,0.000000,0.000000,0.000104,0.000000,1,1,1,0,195.335098,1704.475464,33.332325,195.375000,1704.500000,33.250000,195.335098,1704.537964,33.332325,-0.039902,-0.024536,0.082325,0.000000,0.000000,0.000000,0.000143,0.000000,1,1,1,0
151.324605,0.015094,0,4104,100.0,202.964172,1668.601562,39.604843,202.924271,1668.639526,39.562168,0.000000,0.000000,0.000000,0.000000,0.000000,0.000000,202.924271,1668.639526,30.562168,-0.039902,0.037964,-0.042675,-0.039902,0.037964,-0.042675,-0.000109,-0.000028,0.000020,0.000000,0.000000,0.000000,0,1,0,0,0,0,177.335098,1691.412964,32.457325,177.375000,1691.375000,32.500000,177.335098,1691.412964,32.457325,-0.039902,0.037964,-0.042675,0.000000,0.000000,0.000000,0.000134,0.000000,1,1,1,0,195.335098,1704.537964,33.332325,195.375000,1704.500000,33.375000,195.335098,1704.537964,33.332325,-0.039902,0.037964,-0.042675,0.000000,0.000000,0.000000,0.000144,0.000000,1,1,1,0
151.337787,0.013182,0,4104,100.0,202.924271,1668.639526,39.562168,203.009369,1668.677490,39.644493,0.000000,0.000000,0.000000,0.000000,0.000000,0.000000,203.009369,1668.677490,30.644493,0.085098,0.037964,0.082325,0.085098,0.037964,0.082325,-0.000109,-0.000028,0.000020,0.000000,0.000000,0.000000,0,1,0,0,0,0,177.335098,1691.412964,32.457325,177.250000,1691.375000,32.375000,177.335098,1691.412964,32.457325,0.085098,0.037964,0.082325,0.000000,0.000000,0.000000,0.000006,0.000000,1,1,1,0,195.335098,1704.537964,33.332325,195.250000,1704.500000,33.250000,195.335098,1704.537964,33.332325,0.085098,0.037964,0.082325,0.000000,0.000000,0.000000,0.000170,0.000000,1,1,1,0
151.351433,0.013646,0,4104,100.0,203.009369,1668.677490,39.644493,202.969467,1668.715454,39.601818,0.000000,0.000000,0.000000,0.000000,0.000000,0.000000,202.969467,1668.715454,30.601818,-0.039902,0.037964,-0.042675,-0.039902,0.037964,-0.042675,-0.000109,-0.000028,0.000020,0.000000,0.000000,0.000000,0,1,0,0,0,0,177.335098,1691.412964,32.457325,177.375000,1691.375000,32.500000,177.335098,1691.412964,32.457325,-0.039902,0.037964,-0.042675,0.000000,0.000000,0.000000,0.000134,0.000000,1,1,1,0,195.335098,1704.537964,33.332325,195.375000,1704.500000,33.375000,195.335098,1704.537964,33.332325,-0.039902,0.037964,-0.042675,0.000000,0.000000,0.000000,0.000028,0.000000,1,1,1,0
151.366143,0.014710,0,4104,100.0,202.969467,1668.715454,39.601818,202.992065,1668.628418,39.559143,0.000000,0.000000,0.000000,0.000000,0.000000,0.000000,202.992065,1668.628418,30.559143,0.022598,-0.087036,-0.042675,0.022598,-0.087036,-0.042675,-0.000109,-0.000028,0.000020,0.000000,0.000000,0.000000,0,1,0,0,0,0,177.335098,1691.412964,32.457325,177.250000,1691.500000,32.500000,177.272598,1691.412964,32.457325,0.085098,-0.087036,-0.042675,0.000000,0.000000,0.000000,0.000105,0.000000,1,1,1,0,195.335098,1704.537964,33.332325,195.375000,1704.625000,33.375000,195.397598,1704.537964,33.332325,-0.039902,-0.087036,-0.042675,0.000000,0.000000,0.000000,0.000033,0.000000,1,1,1,0
151.380334,0.014191,0,4104,100.0,202.992065,1668.628418,39.559143,203.014664,1668.728882,39.641468,0.000000,0.000000,0.000000,0.000000,0.000000,0.000000,203.014664,1668.728882,30.641468,0.022598,0.100464,0.082325,0.022598,0.100464,0.082325,-0.000109,-0.000028,0.000020,0.000000,0.000000,0.000000,0,1,0,0,0,0,177.272598,1691.412964,32.457325,177.250000,1691.250000,32.375000,177.272598,1691.350464,32.457325,0.022598,0.162964,0.082325,0.000000,0.000000,0.000000,0.000026,0.000000,1,1,1,0,195.397598,1704.537964,33.332325,195.375000,1704.500000,33.250000,195.397598,1704.600464,33.332325,0.022598,0.037964,0.082325,0.000000,0.000000,0.000000,0.000143,0.000000,1,1,1,0
151.394051,0.013718,0,4104,100.0,203.014664,1668.728882,39.641468,203.037262,1668.704346,39.598793,0.000000,0.000000,0.000000,0.000000,0.000000,0.000000,203.037262,1668.704346,30.598793,0.022598,-0.024536,-0.042675,0.022598,-0.024536,-0.042675,-0.000109,-0.000028,0.000020,0.000000,0.000000,0.000000,0,1,0,0,0,0,177.272598,1691.350464,32.457325,177.250000,1691.375000,32.500000,177.272598,1691.350464,32.457325,0.022598,-0.024536,-0.042675,0.000000,0.000000,0.000000,0.000010,0.000000,1,1,1,0,195.397598,1704.600464,33.332325,195.375000,1704.625000,33.375000,195.397598,1704.600464,33.332325,0.022598,-0.024536,-0.042675,0.000000,0.000000,0.000000,0.000094,0.000000,1,1,1,0
151.407616,0.013565,0,4104,100.0,203.037262,1668.704346,39.598793,203.059860,1668.679810,39.556118,0.000000,0.000000,0.000000,0.000000,0.000000,0.000000,203.059860,1668.679810,30.556118,0.022598,-0.024536,-0.042675,0.022598,-0.024536,-0.042675,-0.000109,-0.000028,0.000020,0.000000,0.000000,0.000000,0,1,0,0,0,0,177.272598,1691.350464,32.457325,177.250000,1691.375000,32.500000,177.272598,1691.350464,32.457325,0.022598,-0.024536,-0.042675,0.000000,0.000000,0.000000,0.000105,0.000000,1,1,1,0,195.397598,1704.600464,33.332325,195.375000,1704.625000,33.375000,195.397598,1704.600464,33.332325,0.022598,-0.024536,-0.042675,0.000000,0.000000,0.000000,0.000081,0.000000,1,1,1,0
151.421342,0.013726,0,4104,100.0,203.059860,1668.679810,39.556118,203.082458,1668.780273,39.575943,0.000000,0.000000,0.000000,0.000000,0.000000,0.000000,203.082458,1668.780273,30.575943,0.022598,0.100464,0.019825,0.022598,0.100464,0.019825,-0.000109,-0.000028,0.000020,0.000000,0.000000,0.000000,0,1,0,0,0,0,177.272598,1691.350464,32.457325,177.250000,1691.250000,32.500000,177.272598,1691.350464,32.519825,0.022598,0.100464,-0.042675,0.000000,0.000000,0.000000,0.000002,0.000000,1,1,1,0,195.397598,1704.600464,33.332325,195.375000,1704.500000,33.250000,195.397598,1704.600464,33.269825,0.022598,0.100464,0.082325,0.000000,0.000000,0.000000,0.000004,0.000000,1,1,1,0
151.434553,0.013211,0,4104,100.0,203.082458,1668.780273,39.575943,203.042557,1668.818237,39.470768,0.000000,0.000000,0.000000,0.000000,0.000000,0.000000,203.042557,1668.818237,30.470768,-0.039902,0.037964,-0.105175,-0.039902,0.037964,-0.105175,-0.000109,-0.000028,0.000020,0.000000,0.000000,0.000000,0,1,0,0,0,0,177.272598,1691.350464,32.519825,177.250000,1691.250000,32.625000,177.210098,1691.287964,32.519825,0.022598,0.100464,-0.105175,0.000000,0.000000,0.000000,0.000144,0.000000,1,1,1,0,195.397598,1704.600464,33.269825,195.500000,1704.625000,33.375000,195.460098,1704.662964,33.269825,-0.102402,-0.024536,-0.105175,0.000000,0.000000,0.000000,0.000342,0.000000,1,1,1,0
151.448711,0.014159,0,4104,100.0,203.042557,1668.818237,39.470768,203.127655,1668.731201,39.490593,0.000000,0.000000,0.000000,0.000000,0.000000,0.000000,203.127655,1668.731201,30.490593,0.085098,-0.087036,0.019825,0.085098,-0.087036,0.019825,-0.000109,-0.000028,0.000020,0.000000,0.000000,0.000000,0,1,0,0,0,0,177.210098,1691.287964,32.519825,177.125000,1691.375000,32.500000,177.210098,1691.287964,32.519825,0.085098,-0.087036,0.019825,0.000000,0.000000,0.000000,0.000006,0.000000,1,1,1,0,195.460098,1704.662964,33.269825,195.375000,1704.750000,33.250000,195.460098,1704.662964,33.269825,0.085098,-0.087036,0.019825,0.000000,0.000000,0.000000,0.000000,0.000000,1,1,1,0
151.462381,0.013669,0,4104,100.0,203.127655,1668.731201,39.490593,203.087753,1668.769165,39.510418,0.000000,0.000000,0.000000,0.000000,0.000000,0.000000,203.087753,1668.769165,30.510418,-0.039902,0.037964,0.019825,-0.039902,0.037964,0.019825,-0.000109,-0.000028,0.000020,0.000000,0.000000,0.000000,0,1,0,0,0,0,177.210098,1691.287964,32.519825,177.250000,1691.250000,32.500000,177.210098,1691.287964,32.519825,-0.039902,0.037964,0.019825,0.000000,0.000000,0.000000,0.000042,0.000000,1,1,1,0,195.460098,1704.662964,33.269825,195.500000,1704.625000,33.250000,195.460098,1704.662964,33.269825,-0.039902,0.037964,0.019825,0.000000,0.000000,0.000000,0.000289,0.000000,1,1,1,0
151.477591,0.015211,0,4104,100.0,203.087753,1668.769165,39.510418,203.047852,1668.869629,39.530243,0.000000,0.000000,0.000000,0.000000,0.000000,0.000000,203.047852,1668.869629,30.530243,-0.039902,0.100464,0.019825,-0.039902,0.100464,0.019825,-0.000109,-0.000028,0.000020,0.000000,0.000000,0.000000,0,1,0,0,0,0,177.210098,1691.287964,32.519825,177.250000,1691.125000,32.500000,177.210098,1691.225464,32.519825,-0.039902,0.162964,0.019825,0.000000,0.000000,0.000000,0.000145,0.000000,1,1,1,0,195.460098,1704.662964,33.269825,195.500000,1704.625000,33.250000,195.460098,1704.725464,33.269825,-0.039902,0.037964,0.019825,0.000000,0.000000,0.000000,0.000203,0.000000,1,1,1,0
151.491766,0.014174,0,4104,100.0,203.047852,1668.869629,39.530243,203.132950,1668.845093,39.550068,0.000000,0.000000,0.000000,0.000000,0.000000,0.000000,203.132950,1668.845093,30.550068,0.085098,-0.024536,0.019825,0.085098,-0.024536,0.019825,-0.000109,-0.000028,0.000020,0.000000,0.000000,0.000000,0,1,0,0,0,0,177.210098,1691.225464,32.519825,177.125000,1691.250000,32.500000,177.210098,1691.225464,32.519825,0.085098,-0.024536,0.019825,0.000000,0.000000,0.000000,0.000019,0.000000,1,1,1,0,195.460098,1704.725464,33.269825,195.375000,1704.750000,33.250000,195.460098,1704.725464,33.269825,0.085098,-0.024536,0.019825,0.000000,0.000000,0.000000,0.000289,0.000000,1,1,1,0
151.503940,0.012175,0,4104,100.0,203.132950,1668.845093,39.550068,203.093048,1668.820557,39.569893,0.000000,0.000000,0.000000,0.000000,0.000000,0.000000,203.093048,1668.820557,30.569893,-0.039902,-0.024536,0.019825,-0.039902,-0.024536,0.019825,-0.000109,-0.000028,0.000020,0.000000,0.000000,0.000000,0,1,0,0,0,0,177.210098,1691.225464,32.519825,177.250000,1691.250000,32.500000,177.210098,1691.225464,32.519825,-0.039902,-0.024536,0.019825,0.000000,0.000000,0.000000,0.000137,0.000000,1,1,1,0,195.460098,1704.725464,33.269825,195.500000,1704.750000,33.250000,195.460098,1704.725464,33.269825,-0.039902,-0.024536,0.019825,0.000000,0.000000,0.000000,0.000117,0.000000,1,1,1,0
151.518121,0.014180,0,4104,100.0,203.093048,1668.820557,39.569893,203.053146,1668.796021,39.464718,0.000000,0.000000,0.000000,0.000000,0.000000,0.000000,203.053146,1668.796021,30.464718,-0.039902,-0.024536,-0.105175,-0.039902,-0.024536,-0.105175,-0.000109,-0.000028,0.000020,0.000000,0.000000,0.000000,0,1,0,0,0,0,177.210098,1691.225464,32.519825,177.250000,1691.250000,32.625000,177.210098,1691.225464,32.519825,-0.039902,-0.024536,-0.105175,0.000000,0.000000,0.000000,0.000105,0.000000,1,1,1,0,195.460098,1704.725464,33.269825,195.500000,1704.750000,33.375000,195.460098,1704.725464,33.269825,-0.039902,-0.024536,-0.105175,0.000000,0.000000,0.000000,0.000117,0.000000,1,1,1,0
151.532823,0.014703,0,4104,100.0,203.053146,1668.796021,39.464718,203.200745,1668.958984,39.484543,0.000000,0.000000,0.000000,0.000000,0.000000,0.000000,203.200745,1668.958984,30.484543,0.147598,0.162964,0.019825,0.147598,0.162964,0.019825,-0.000109,-0.000028,0.000020,0.000000,0.000000,0.000000,0,1,0,0,0,0,177.210098,1691.225464,32.519825,177.000000,1691.000000,32.500000,177.147598,1691.162964,32.519825,0.210098,0.225464,0.019825,0.000000,0.000000,0.000000,0.000104,0.000000,1,1,1,0,195.460098,1704.725464,33.269825,195.375000,1704.625000,33.250000,195.522598,1704.787964,33.269825,0.085098,0.100464,0.019825,0.000000,0.000000,0.000000,0.000190,0.000000,1,1,1,0
151.546021,0.013197,0,4104,100.0,203.200745,1668.958984,39.484543,203.098343,1668.871948,39.504368,0.000000,0.000000,0.000000,0.000000,0.000000,0.000000,203.098343,1668.871948,30.504368,-0.102402,-0.087036,0.019825,-0.102402,-0.087036,0.019825,-0.000109,-0.000028,0.000020,0.000000,0.000000,0.000000,0,1,0,0,0,0,177.147598,1691.162964,32.519825,177.250000,1691.250000,32.500000,177.147598,1691.162964,32.519825,-0.102402,-0.087036,0.019825,0.000000,0.000000,0.000000,0.000002,0.000000,1,1,1,0,195.522598,1704.787964,33.269825,195.625000,1704.875000,33.250000,195.522598,1704.787964,33.269825,-0.102402,-0.087036,0.019825,0.000000,0.000000,0.000000,0.000050,0.000000,1,1,1,0
151.560268,0.014248,0,4104,100.0,203.098343,1668.871948,39.504368,203.120941,1668.909912,39.524193,0.000000,0.000000,0.000000,0.000000,0.000000,0.000000,203.120941,1668.909912,30.524193,0.022598,0.037964,0.019825,0.022598,0.037964,0.019825,-0.000109,-0.000028,0.000020,0.000000,0.000000,0.000000,0,1,0,0,0,0,177.147598,1691.162964,32.519825,177.125000,1691.125000,32.500000,177.147598,1691.162964,32.519825,0.022598,0.037964,0.019825,0.000000,0.000000,0.000000,0.000137,0.000000,1,1,1,0,195.522598,1704.787964,33.269825,195.500000,1704.750000,33.250000,195.522598,1704.787964,33.269825,0.022598,0.037964,0.019825,0.000000,0.000000,0.000000,0.000046,0.000000,1,1,1,0
151.574496,0.014227,0,4104,100.0,203.120941,1668.909912,39.524193,203.143539,1668.947876,39.544018,0.000000,0.000000,0.000000,0.000000,0.000000,0.000000,203.143539,1668.947876,30.544018,0.022598,0.037964,0.019825,0.022598,0.037964,0.019825,-0.000109,-0.000028,0.000020,0.000000,0.000000,0.000000,0,1,0,0,0,0,177.147598,1691.162964,32.519825,177.125000,1691.125000,32.500000,177.147598,1691.162964,32.519825,0.022598,0.037964,0.019825,0.000000,0.000000,0.000000,0.000145,0.000000,1,1,1,0,195.522598,1704.787964,33.269825,195.500000,1704.750000,33.250000,195.522598,1704.787964,33.269825,0.022598,0.037964,0.019825,0.000000,0.000000,0.000000,0.000170,0.000000,1,1,1,0
151.587696,0.013200,0,4104,100.0,203.143539,1668.947876,39.544018,203.166138,1668.860840,39.563843,0.000000,0.000000,0.000000,0.000000,0.000000,0.000000,203.166138,1668.860840,30.563843,0.022598,-0.087036,0.019825,0.022598,-0.087036,0.019825,-0.000109,-0.000028,0.000020,0.000000,0.000000,0.000000,0,1,0,0,0,0,177.147598,1691.162964,32.519825,177.125000,1691.250000,32.500000,177.147598,1691.162964,32.519825,0.022598,-0.087036,0.019825,0.000000,0.000000,0.000000,0.000180,0.000000,1,1,1,0,195.522598,1704.787964,33.269825,195.500000,1704.875000,33.250000,195.522598,1704.787964,33.269825,0.022598,-0.087036,0.019825,0.000000,0.000000,0.000000,0.000342,0.000000,1,1,1,0
151.602416,0.014721,0,4104,100.0,203.166138,1668.860840,39.563843,203.188736,1668.898804,39.458668,0.000000,0.000000,0.000000,0.000000,0.000000,0.000000,203.188736,1668.898804,30.458668,0.022598,0.037964,-0.105175,0.022598,0.037964,-0.105175,-0.000109,-0.000028,0.000020,0.000000,0.000000,0.000000,0,1,0,0,0,0,177.147598,1691.162964,32.519825,177.125000,1691.125000,32.625000,177.147598,1691.162964,32.519825,0.022598,0.037964,-0.105175,0.000000,0.000000,0.000000,0.000145,0.000000,1,1,1,0,195.522598,1704.787964,33.269825,195.500000,1704.750000,33.375000,195.522598,1704.787964,33.269825,0.022598,0.037964,-0.105175,0.000000,0.000000,0.000000,0.000016,0.000000,1,1,1,0
151.615521,0.013104,0,4104,100.0,203.188736,1668.898804,39.458668,203.086334,1668.936768,39.478493,0.000000,0.000000,0.000000,0.000000,0.000000,0.000000,203.086334,1668.936768,30.478493,-0.102402,0.037964,0.019825,-0.102402,0.037964,0.019825,-0.000109,-0.000028,0.000020,0.000000,0.000000,0.000000,0,1,0,0,0,0,177.147598,1691.162964,32.519825,177.250000,1691.125000,32.500000,177.147598,1691.162964,32.519825,-0.102402,0.037964,0.019825,0.000000,0.000000,0.000000,0.000024,0.000000,1,1,1,0,195.522598,1704.787964,33.269825,195.625000,1704.750000,33.250000,195.522598,1704.787964,33.269825,-0.102402,0.037964,0.019825,0.000000,0.000000,0.000000,0.000004,0.000000,1,1,1,0
151.630300,0.014779,0,4104,100.0,203.086334,1668.936768,39.478493,203.108932,1668.974731,39.498318,0.000000,0.000000,0.000000,0.000000,0.000000,0.000000,203.108932,1668.974731,30.498318,0.022598,0.037964,0.019825,0.022598,0.037964,0.019825,-0.000109,-0.000028,0.000020,0.000000,0.000000,0.000000,0,1,0,0,0,0,177.147598,1691.162964,32.519825,177.125000,1691.125000,32.500000,177.147598,1691.162964,32.519825,0.022598,0.037964,0.019825,0.000000,0.000000,0.000000,0.000134,0.000000,1,1,1,0,195.522598,1704.787964,33.269825,195.500000,1704.750000,33.250000,195.522598,1704.787964,33.269825,0.022598,0.037964,0.019825,0.000000,0.000000,0.000000,0.000046,0.000000,1,1,1,0
151.643876,0.013576,0,4104,100.0,203.108932,1668.974731,39.498318,203.131531,1668.887695,39.518143,0.000000,0.000000,0.000000,0.000000,0.000000,0.000000,203.131531,1668.887695,30.518143,0.022598,-0.087036,0.019825,0.022598,-0.087036,0.019825,-0.000109,-0.000028,0.000020,0.000000,0.000000,0.000000,0,1,0,0,0,0,177.147598,1691.162964,32.519825,177.125000,1691.250000,32.500000,177.147598,1691.162964,32.519825,0.022598,-0.087036,0.019825,0.000000,0.000000,0.000000,0.000134,0.000000,1,1,1,0,195.522598,1704.787964,33.269825,195.500000,1704.875000,33.250000,195.522598,1704.787964,33.269825,0.022598,-0.087036,0.019825,0.000000,0.000000,0.000000,0.000053,0.000000,1,1,1,0
151.657525,0.013649,0,4104,100.0,203.131531,1668.887695,39.518143,203.154129,1668.925659,39.537968,0.000000,0.000000,0.000000,0.000000,0.000000,0.000000,203.154129,1668.925659,30.537968,0.022598,0.037964,0.019825,0.022598,0.037964,0.019825,-0.000109,-0.000028,0.000020,0.000000,0.000000,0.000000,0,1,0,0,0,0,177.147598,1691.162964,32.519825,177.125000,1691.125000,32.500000,177.147598,1691.162964,32.519825,0.022598,0.037964,0.019825,0.000000,0.000000,0.000000,0.000052,0.000000,1,1,1,0,195.522598,1704.787964,33.269825,195.500000,1704.750000,33.250000,195.522598,1704.787964,33.269825,0.022598,0.037964,0.019825,0.000000,0.000000,0.000000,0.000027,0.000000,1,1,1,0
151.671289,0.013763,0,4104,100.0,203.154129,1668.925659,39.537968,203.176727,1668.963623,39.557793,0.000000,0.000000,0.000000,0.000000,0.000000,0.000000,203.176727,1668.963623,30.557793,0.022598,0.037964,0.019825,0.022598,0.037964,0.019825,-0.000109,-0.000028,0.000020,0.000000,0.000000,0.000000,0,1,0,0,0,0,177.147598,1691.162964,32.519825,177.125000,1691.125000,32.500000,177.147598,1691.162964,32.519825,0.022598,0.037964,0.019825,0.000000,0.000000,0.000000,0.000023,0.000000,1,1,1,0,195.522598,1704.787964,33.269825,195.500000,1704.750000,33.250000,195.522598,1704.787964,33.269825,0.022598,0.037964,0.019825,0.000000,0.000000,0.000000,0.000004,0.000000,1,1,1,0
151.684450,0.013161,0,4104,100.0,203.176727,1668.963623,39.557793,203.199326,1668.876587,39.577618,0.000000,0.000000,0.000000,0.000000,0.000000,0.000000,203.199326,1668.876587,30.577618,0.022598,-0.087036,0.019825,0.022598,-0.087036,0.019825,-0.000109,-0.000028,0.000020,0.000000,0.000000,0.000000,0,1,0,0,0,0,177.147598,1691.162964,32.519825,177.125000,1691.250000,32.500000,177.147598,1691.162964,32.519825,0.022598,-0.087036,0.019825,0.000000,0.000000,0.000000,0.000192,0.000000,1,1,1,0,195.522598,1704.787964,33.269825,195.500000,1704.875000,33.250000,195.522598,1704.787964,33.269825,0.022598,-0.087036,0.019825,0.000000,0.000000,0.000000,0.000001,0.000000,1,1,1,0
151.698650,0.014200,0,4104,100.0,203.199326,1668.876587,39.577618,203.096924,1668.914551,39.472443,0.000000,0.000000,0.000000,0.000000,0.000000,0.000000,203.096924,1668.914551,30.472443,-0.102402,0.037964,-0.105175,-0.102402,0.037964,-0.105175,-0.000109,-0.000028,0.000020,0.000000,0.000000,0.000000,0,1,0,0,0,0,177.147598,1691.162964,32.519825,177.250000,1691.125000,32.625000,177.147598,1691.162964,32.519825,-0.102402,0.037964,-0.105175,0.000000,0.000000,0.000000,0.000130,0.000000,1,1,1,0,195.522598,1704.787964,33.269825,195.625000,1704.750000,33.375000,195.522598,1704.787964,33.269825,-0.102402,0.037964,-0.105175,0.000000,0.000000,0.000000,0.000144,0.000000,1,1,1,0
151.712331,0.013681,0,4104,100.0,203.096924,1668.914551,39.472443,203.119522,1668.952515,39.492268,0.000000,0.000000,0.000000,0.000000,0.000000,0.000000,203.119522,1668.952515,30.492268,0.022598,0.037964,0.019825,0.022598,0.037964,0.019825,-0.000109,-0.000028,0.000020,0.000000,0.000000,0.000000,0,1,0,0,0,0,177.147598,1691.162964,32.519825,177.125000,1691.125000,32.500000,177.147598,1691.162964,32.519825,0.022598,0.037964,0.019825,0.000000,0.000000,0.000000,0.000146,0.000000,1,1,1,0,195.522598,1704.787964,33.269825,195.500000,1704.750000,33.250000,195.522598,1704.787964,33.269825,0.022598,0.037964,0.019825,0.000000,0.000000,0.000000,0.000190,0.000000,1,1,1,0
151.727540,0.015209,0,4104,100.0,203.119522,1668.952515,39.492268,203.142120,1668.865479,39.512093,0.000000,0.000000,0.000000,0.000000,0.000000,0.000000,203.142120,1668.865479,30.512093,0.022598,-0.087036,0.019825,0.022598,-0.087036,0.019825,-0.000109,-0.000028,0.000020,0.000000,0.000000,0.000000,0,1,0,0,0,0,177.147598,1691.162964,32.519825,177.125000,1691.250000,32.500000,177.147598,1691.162964,32.519825,0.022598,-0.087036,0.019825,0.000000,0.000000,0.000000,0.000019,0.000000,1,1,1,0,195.522598,1704.787964,33.269825,195.500000,1704.875000,33.250000,195.522598,1704.787964,33.269825,0.022598,-0.087036,0.019825,0.000000,0.000000,0.000000,0.000071,0.000000,1,1,1,0
151.740187,0.012647,0,4104,100.0,203.142120,1668.865479,39.512093,203.164719,1668.903442,39.531918,0.000000,0.000000,0.000000,0.000000,0.000000,0.000000,203.164719,1668.903442,30.531918,0.022598,0.037964,0.019825,0.022598,0.037964,0.019825,-0.000109,-0.000028,0.000020,0.000000,0.000000,0.000000,0,1,0,0,0,0,177.147598,1691.162964,32.519825,177.125000,1691.125000,32.500000,177.147598,1691.162964,32.519825,0.022598,0.037964,0.019825,0.000000,0.000000,0.000000,0.000052,0.000000,1,1,1,0,195.522598,1704.787964,33.269825,195.500000,1704.750000,33.250000,195.522598,1704.787964,33.269825,0.022598,0.037964,0.019825,0.000000,0.000000,0.000000,0.000000,0.000000,1,1,1,0
151.753881,0.013694,0,4104,100.0,203.164719,1668.903442,39.531918,203.187317,1668.941406,39.551743,0.000000,0.000000,0.000000,0.000000,0.000000,0.000000,203.187317,1668.941406,30.551743,0.022598,0.037964,0.019825,0.022598,0.037964,0.019825,-0.000109,-0.000028,0.000020,0.000000,0.000000,0.000000,0,1,0,0,0,0,177.147598,1691.162964,32.519825,177.125000,1691.125000,32.500000,177.147598,1691.162964,32.519825,0.022598,0.037964,0.019825,0.000000,0.000000,0.000000,0.000019,0.000000,1,1,1,0,195.522598,1704.787964,33.269825,195.500000,1704.750000,33.250000,195.522598,1704.787964,33.269825,0.022598,0.037964,0.019825,0.000000,0.000000,0.000000,0.000004,0.000000,1,1,1,0
151.768085,0.014204,0,4104,100.0,203.187317,1668.941406,39.551743,203.209915,1668.791870,39.571568,0.000000,0.000000,0.000000,0.000000,0.000000,0.000000,203.209915,1668.791870,30.571568,0.022598,-0.149536,0.019825,0.022598,-0.149536,0.019825,-0.000109,-0.000028,0.000020,0.000000,0.000000,0.000000,0,1,0,0,0,0,177.147598,1691.162964,32.519825,177.125000,1691.375000,32.500000,177.147598,1691.225464,32.519825,0.022598,-0.212036,0.019825,0.000000,0.000000,0.000000,0.000137,0.000000,1,1,1,0,195.522598,1704.787964,33.269825,195.500000,1704.875000,33.250000,195.522598,1704.725464,33.269825,0.022598,-0.087036,0.019825,0.000000,0.000000,0.000000,0.000046,0.000000,1,1,1,0
151.782312,0.014227,0,4104,100.0,203.209915,1668.791870,39.571568,203.045013,1668.892334,39.466393,0.000000,0.000000,0.000000,0.000000,0.000000,0.000000,203.045013,1668.892334,30.466393,-0.164902,0.100464,-0.105175,-0.164902,0.100464,-0.105175,-0.000109,-0.000028,0.000020,0.000000,0.000000,0.000000,0,1,0,0,0,0,177.147598,1691.225464,32.519825,177.375000,1691.125000,32.625000,177.210098,1691.225464,32.519825,-0.227402,0.100464,-0.105175,0.000000,0.000000,0.000000,0.000104,0.000000,1,1,1,0,195.522598,1704.725464,33.269825,195.625000,1704.625000,33.375000,195.460098,1704.725464,33.269825,-0.102402,0.100464,-0.105175,0.000000,0.000000,0.000000,0.000094,0.000000,1,1,1,0
151.795951,0.013639,0,4104,100.0,203.045013,1668.892334,39.466393,203.130112,1668.867798,39.486217,0.000000,0.000000,0.000000,0.000000,0.000000,0.000000,203.130112,1668.867798,30.486217,0.085098,-0.024536,0.019825,0.085098,-0.024536,0.019825,-0.000109,-0.000028,0.000020,0.000000,0.000000,0.000000,0,1,0,0,0,0,177.210098,1691.225464,32.519825,177.125000,1691.250000,32.500000,177.210098,1691.225464,32.519825,0.085098,-0.024536,0.019825,0.000000,0.000000,0.000000,0.000144,0.000000,1,1,1,0,195.460098,1704.725464,33.269825,195.375000,1704.750000,33.250000,195.460098,1704.725464,33.269825,0.085098,-0.024536,0.019825,0.000000,0.000000,0.000000,0.000143,0.000000,1,1,1,0
151.810204,0.014253,0,4104,100.0,203.130112,1668.867798,39.486217,203.090210,1668.843262,39.506042,0.000000,0.000000,0.000000,0.000000,0.000000,0.000000,203.090210,1668.843262,30.506042,-0.039902,-0.024536,0.019825,-0.039902,-0.024536,0.019825,-0.000109,-0.000028,0.000020,0.000000,0.000000,0.000000,0,1,0,0,0,0,177.210098,1691.225464,32.519825,177.250000,1691.250000,32.500000,177.210098,1691.225464,32.519825,-0.039902,-0.024536,0.019825,0.000000,0.000000,0.000000,0.000130,0.000000,1,1,1,0,195.460098,1704.725464,33.269825,195.500000,1704.750000,33.250000,195.460098,1704.725464,33.269825,-0.039902,-0.024536,0.019825,0.000000,0.000000,0.000000,0.000001,0.000000,1,1,1,0
151.824408,0.014204,0,4104,100.0,203.090210,1668.843262,39.506042,203.050308,1668.818726,39.525867,0.000000,0.000000,0.000000,0.000000,0.000000,0.000000,203.050308,1668.818726,30.525867,-0.039902,-0.024536,0.019825,-0.039902,-0.024536,0.019825,-0.000109,-0.000028,0.000020,0.000000,0.000000,0.000000,0,1,0,0,0,0,177.210098,1691.225464,32.519825,177.250000,1691.250000,32.500000,177.210098,1691.225464,32.519825,-0.039902,-0.024536,0.019825,0.000000,0.000000,0.000000,0.000188,0.000000,1,1,1,0,195.460098,1704.725464,33.269825,195.500000,1704.750000,33.250000,195.460098,1704.725464,33.269825,-0.039902,-0.024536,0.019825,0.000000,0.000000,0.000000,0.000143,0.000000,1,1,1,0
151.838157,0.013749,0,4104,100.0,203.050308,1668.818726,39.525867,203.135406,1668.731689,39.545692,0.000000,0.000000,0.000000,0.000000,0.000000,0.000000,203.135406,1668.731689,30.545692,0.085098,-0.087036,0.019825,0.085098,-0.087036,0.019825,-0.000109,-0.000028,0.000020,0.000000,0.000000,0.000000,0,1,0,0,0,0,177.210098,1691.225464,32.519825,177.125000,1691.375000,32.500000,177.210098,1691.287964,32.519825,0.085098,-0.149536,0.019825,0.000000,0.000000,0.000000,0.000134,0.000000,1,1,1,0,195.460098,1704.725464,33.269825,195.375000,1704.750000,33.250000,195.460098,1704.662964,33.269825,0.085098,-0.024536,0.019825,0.000000,0.000000,0.000000,0.000004,0.000000,1,1,1,0
151.851781,0.013624,0,4104,100.0,203.135406,1668.731689,39.545692,203.095505,1668.769653,39.565517,0.000000,0.000000,0.000000,0.000000,0.000000,0.000000,203.095505,1668.769653,30.565517,-0.039902,0.037964,0.019825,-0.039902,0.037964,0.019825,-0.000109,-0.000028,0.000020,0.000000,0.000000,0.000000,0,1,0,0,0,0,177.210098,1691.287964,32.519825,177.250000,1691.250000,32.500000,177.210098,1691.287964,32.519825,-0.039902,0.037964,0.019825,0.000000,0.000000,0.000000,0.000130,0.000000,1,1,1,0,195.460098,1704.662964,33.269825,195.500000,1704.625000,33.250000,195.460098,1704.662964,33.269825,-0.039902,0.037964,0.019825,0.000000,0.000000,0.000000,0.000004,0.000000,1,1,1,0
151.865435,0.013653,0,4104,100.0,203.095505,1668.769653,39.565517,203.055603,1668.807617,39.460342,0.000000,0.000000,0.000000,0.000000,0.000000,0.000000,203.055603,1668.807617,30.460342,-0.039902,0.037964,-0.105175,-0.039902,0.037964,-0.105175,-0.000109,-0.000028,0.000020,0.000000,0.000000,0.000000,0,1,0,0,0,0,177.210098,1691.287964,32.519825,177.250000,1691.250000,32.625000,177.210098,1691.287964,32.519825,-0.039902,0.037964,-0.105175,0.000000,0.000000,0.000000,0.000019,0.000000,1,1,1,0,195.460098,1704.662964,33.269825,195.500000,1704.625000,33.375000,195.460098,1704.662964,33.269825,-0.039902,0.037964,-0.105175,0.000000,0.000000,0.000000,0.000004,0.000000,1,1,1,0
151.880177,0.014742,0,4104,100.0,203.055603,1668.807617,39.460342,203.140701,1668.845581,39.480167,0.000000,0.000000,0.000000,0.000000,0.000000,0.000000,203.140701,1668.845581,30.480167,0.085098,0.037964,0.019825,0.085098,0.037964,0.019825,-0.000109,-0.000028,0.000020,0.000000,0.000000,0.000000,0,1,0,0,0,0,177.210098,1691.287964,32.519825,177.125000,1691.250000,32.500000,177.210098,1691.287964,32.519825,0.085098,0.037964,0.019825,0.000000,0.000000,0.000000,0.000006,0.000000,1,1,1,0,195.460098,1704.662964,33.269825,195.375000,1704.625000,33.250000,195.460098,1704.662964,33.269825,0.085098,0.037964,0.019825,0.000000,0.000000,0.000000,0.000005,0.000000,1,1,1,0
151.893872,0.013696,0,4104,100.0,203.140701,1668.845581,39.480167,203.038300,1668.696045,39.562492,0.000000,0.000000,0.000000,0.000000,0.000000,0.000000,203.038300,1668.696045,30.562492,-0.102402,-0.149536,0.082325,-0.102402,-0.149536,0.082325,-0.000109,-0.000028,0.000020,0.000000,0.000000,0.000000,0,1,0,0,0,0,177.210098,1691.287964,32.519825,177.375000,1691.500000,32.375000,177.272598,1691.350464,32.457325,-0.164902,-0.212036,0.144825,0.000000,0.000000,0.000000,0.000019,0.000000,1,1,1,0,195.460098,1704.662964,33.269825,195.500000,1704.750000,33.250000,195.397598,1704.600464,33.332325,-0.039902,-0.087036,0.019825,0.000000,0.000000,0.000000,0.000117,0.000000,1,1,1,0
151.907471,0.013599,0,4104,100.0,203.038300,1668.696045,39.562492,203.060898,1668.671509,39.644817,0.000000,0.000000,0.000000,0.000000,0.000000,0.000000,203.060898,1668.671509,30.644817,0.022598,-0.024536,0.082325,0.022598,-0.024536,0.082325,-0.000109,-0.000028,0.000020,0.000000,0.000000,0.000000,0,1,0,0,0,0,177.272598,1691.350464,32.457325,177.250000,1691.375000,32.375000,177.272598,1691.350464,32.457325,0.022598,-0.024536,0.082325,0.000000,0.000000,0.000000,0.000105,0.000000,1,1,1,0,195.397598,1704.600464,33.332325,195.375000,1704.625000,33.250000,195.397598,1704.600464,33.332325,0.022598,-0.024536,0.082325,0.000000,0.000000,0.000000,0.000094,0.000000,1,1,1,0
151.921744,0.014273,0,4104,100.0,203.060898,1668.671509,39.644817,203.083496,1668.771973,39.602142,0.000000,0.000000,0.000000,0.000000,0.000000,0.000000,203.083496,1668.771973,30.602142,0.022598,0.100464,-0.042675,0.022598,0.100464,-0.042675,-0.000109,-0.000028,0.000020,0.000000,0.000000,0.000000,0,1,0,0,0,0,177.272598,1691.350464,32.457325,177.250000,1691.250000,32.500000,177.272598,1691.350464,32.457325,0.022598,0.100464,-0.042675,0.000000,0.000000,0.000000,0.000006,0.000000,1,1,1,0,195.397598,1704.600464,33.332325,195.375000,1704.500000,33.375000,195.397598,1704.600464,33.332325,0.022598,0.100464,-0.042675,0.000000,0.000000,0.000000,0.000000,0.000000,1,1,1,0
151.935399,0.013655,0,4104,100.0,203.083496,1668.771973,39.602142,202.981094,1668.747437,39.559467,0.000000,0.000000,0.000000,0.000000,0.000000,0.000000,202.981094,1668.747437,30.559467,-0.102402,-0.024536,-0.042675,-0.102402,-0.024536,-0.042675,-0.000109,-0.000028,0.000020,0.000000,0.000000,0.000000,0,1,0,0,0,0,177.272598,1691.350464,32.457325,177.375000,1691.375000,32.500000,177.272598,1691.350464,32.457325,-0.102402,-0.024536,-0.042675,0.000000,0.000000,0.000000,0.000105,0.000000,1,1,1,0,195.397598,1704.600464,33.332325,195.500000,1704.625000,33.375000,195.397598,1704.600464,33.332325,-0.102402,-0.024536,-0.042675,0.000000,0.000000,0.000000,0.000232,0.000000,1,1,1,0
151.950073,0.014674,0,4104,100.0,202.981094,1668.747437,39.559467,203.003693,1668.660400,39.641792,0.000000,0.000000,0.000000,0.000000,0.000000,0.000000,203.003693,1668.660400,30.641792,0.022598,-0.087036,0.082325,0.022598,-0.087036,0.082325,-0.000109,-0.000028,0.000020,0.000000,0.000000,0.000000,0,1,0,0,0,0,177.272598,1691.350464,32.457325,177.250000,1691.500000,32.375000,177.272598,1691.412964,32.457325,0.022598,-0.149536,0.082325,0.000000,0.000000,0.000000,0.000144,0.000000,1,1,1,0,195.397598,1704.600464,33.332325,195.375000,1704.625000,33.250000,195.397598,1704.537964,33.332325,0.022598,-0.024536,0.082325,0.000000,0.000000,0.000000,0.000046,0.000000,1,1,1,0
151.963382,0.013309,0,4104,100.0,203.003693,1668.660400,39.641792,203.026291,1668.698364,39.599117,0.000000,0.000000,0.000000,0.000000,0.000000,0.000000,203.026291,1668.698364,30.599117,0.022598,0.037964,-0.042675,0.022598,0.037964,-0.042675,-0.000109,-0.000028,0.000020,0.000000,0.000000,0.000000,0,1,0,0,0,0,177.272598,1691.412964,32.457325,177.250000,1691.375000,32.500000,177.272598,1691.412964,32.457325,0.022598,0.037964,-0.042675,0.000000,0.000000,0.000000,0.000192,0.000000,1,1,1,0,195.397598,1704.537964,33.332325,195.375000,1704.500000,33.375000,195.397598,1704.537964,33.332325,0.022598,0.037964,-0.042675,0.000000,0.000000,0.000000,0.000032,0.000000,1,1,1,0
151.977509,0.014127,0,4104,100.0,203.026291,1668.698364,39.599117,203.048889,1668.611328,39.556442,0.000000,0.000000,0.000000,0.000000,0.000000,0.000000,203.048889,1668.611328,30.556442,0.022598,-0.087036,-0.042675,0.022598,-0.087036,-0.042675,-0.000109,-0.000028,0.000020,0.000000,0.000000,0.000000,0,1,0,0,0,0,177.272598,1691.412964,32.457325,177.250000,1691.500000,32.500000,177.272598,1691.412964,32.457325,0.022598,-0.087036,-0.042675,0.000000,0.000000,0.000000,0.000134,0.000000,1,1,1,0,195.397598,1704.537964,33.332325,195.375000,1704.625000,33.375000,195.397598,1704.537964,33.332325,0.022598,-0.087036,-0.042675,0.000000,0.000000,0.000000,0.000001,0.000000,1,1,1,0
151.991244,0.013734,0,4104,100.0,203.048889,1668.611328,39.556442,203.008987,1668.649292,39.638767,0.000000,0.000000,0.000000,0.000000,0.000000,0.000000,203.008987,1668.649292,30.638767,-0.039902,0.037964,0.082325,-0.039902,0.037964,0.082325,-0.000109,-0.000028,0.000020,0.000000,0.000000,0.000000,0,1,0,0,0,0,177.272598,1691.412964,32.457325,177.375000,1691.375000,32.375000,177.335098,1691.412964,32.457325,-0.102402,0.037964,0.082325,0.000000,0.000000,0.000000,0.000130,0.000000,1,1,1,0,195.397598,1704.537964,33.332325,195.375000,1704.500000,33.250000,195.335098,1704.537964,33.332325,0.022598,0.037964,0.082325,0.000000,0.000000,0.000000,0.000242,0.000000,1,1,1,0
152.004434,0.013191,0,4104,100.0,203.008987,1668.649292,39.638767,202.969086,1668.687256,39.596092,0.000000,0.000000,0.000000,0.000000,0.000000,0.000000,202.969086,1668.687256,30.596092,-0.039902,0.037964,-0.042675,-0.039902,0.037964,-0.042675,-0.000109,-0.000028,0.000020,0.000000,0.000000,0.000000,0,1,0,0,0,0,177.335098,1691.412964,32.457325,177.375000,1691.375000,32.500000,177.335098,1691.412964,32.457325,-0.039902,0.037964,-0.042675,0.000000,0.000000,0.000000,0.000052,0.000000,1,1,1,0,195.335098,1704.537964,33.332325,195.375000,1704.500000,33.375000,195.335098,1704.537964,33.332325,-0.039902,0.037964,-0.042675,0.000000,0.000000,0.000000,0.000001,0.000000,1,1,1,0
152.018139,0.013705,0,4104,100.0,202.969086,1668.687256,39.596092,202.929184,1668.725220,39.553417,0.000000,0.000000,0.000000,0.000000,0.000000,0.000000,202.929184,1668.725220,30.553417,-0.039902,0.037964,-0.042675,-0.039902,0.037964,-0.042675,-0.000109,-0.000028,0.000020,0.000000,0.000000,0.000000,0,1,0,0,0,0,177.335098,1691.412964,32.457325,177.375000,1691.375000,32.500000,177.335098,1691.412964,32.457325,-0.039902,0.037964,-0.042675,0.000000,0.000000,0.000000,0.000134,0.000000,1,1,1,0,195.335098,1704.537964,33.332325,195.375000,1704.500000,33.375000,195.335098,1704.537964,33.332325,-0.039902,0.037964,-0.042675,0.000000,0.000000,0.000000,0.000095,0.000000,1,1,1,0
152.032353,0.014214,0,4104,100.0,202.929184,1668.725220,39.553417,203.014282,1668.575684,39.635742,0.000000,0.000000,0.000000,0.000000,0.000000,0.000000,203.014282,1668.575684,30.635742,0.085098,-0.149536,0.082325,0.085098,-0.149536,0.082325,-0.000109,-0.000028,0.000020,0.000000,0.000000,0.000000,0,1,0,0,0,0,177.335098,1691.412964,32.457325,177.250000,1691.625000,32.375000,177.335098,1691.475464,32.457325,0.085098,-0.212036,0.082325,0.000000,0.000000,0.000000,0.000000,0.000000,1,1,1,0,195.335098,1704.537964,33.332325,195.250000,1704.625000,33.250000,195.335098,1704.475464,33.332325,0.085098,-0.087036,0.082325,0.000000,0.000000,0.000000,0.000188,0.000000,1,1,1,0
152.046016,0.013663,0,4104,100.0,203.014282,1668.575684,39.635742,202.974380,1668.551147,39.593067,0.000000,0.000000,0.000000,0.000000,0.000000,0.000000,202.974380,1668.551147,30.593067,-0.039902,-0.024536,-0.042675,-0.039902,-0.024536,-0.042675,-0.000109,-0.000028,0.000020,0.000000,0.000000,0.000000,0,1,0,0,0,0,177.335098,1691.475464,32.457325,177.375000,1691.500000,32.500000,177.335098,1691.475464,32.457325,-0.039902,-0.024536,-0.042675,0.000000,0.000000,0.000000,0.000105,0.000000,1,1,1,0,195.335098,1704.475464,33.332325,195.375000,1704.500000,33.375000,195.335098,1704.475464,33.332325,-0.039902,-0.024536,-0.042675,0.000000,0.000000,0.000000,0.000000,0.000000,1,1,1,0
152.060259,0.014243,0,4104,100.0,202.974380,1668.551147,39.593067,202.934479,1668.651611,39.550392,0.000000,0.000000,0.000000,0.000000,0.000000,0.000000,202.934479,1668.651611,30.550392,-0.039902,0.100464,-0.042675,-0.039902,0.100464,-0.042675,-0.000109,-0.000028,0.000020,0.000000,0.000000,0.000000,0,1,0,0,0,0,177.335098,1691.475464,32.457325,177.375000,1691.375000,32.500000,177.335098,1691.475464,32.457325,-0.039902,0.100464,-0.042675,0.000000,0.000000,0.000000,0.000003,0.000000,1,1,1,0,195.335098,1704.475464,33.332325,195.375000,1704.375000,33.375000,195.335098,1704.475464,33.332325,-0.039902,0.100464,-0.042675,0.000000,0.000000,0.000000,0.000203,0.000000,1,1,1,0
152.074429,0.014170,0,4104,100.0,202.934479,1668.651611,39.550392,203.019577,1668.627075,39.632717,0.000000,0.000000,0.000000,0.000000,0.000000,0.000000,203.019577,1668.627075,30.632717,0.085098,-0.024536,0.082325,0.085098,-0.024536,0.082325,-0.000109,-0.000028,0.000020,0.000000,0.000000,0.000000,0,1,0,0,0,0,177.335098,1691.475464,32.457325,177.250000,1691.500000,32.375000,177.335098,1691.475464,32.457325,0.085098,-0.024536,0.082325,0.000000,0.000000,0.000000,0.000026,0.000000,1,1,1,0,195.335098,1704.475464,33.332325,195.250000,1704.500000,33.250000,195.335098,1704.475464,33.332325,0.085098,-0.024536,0.082325,0.000000,0.000000,0.000000,0.000143,0.000000,1,1,1,0
152.087607,0.013177,0,4104,100.0,203.019577,1668.627075,39.632717,202.979675,1668.602539,39.590042,0.000000,0.000000,0.000000,0.000000,0.000000,0.000000,202.979675,1668.602539,30.590042,-0.039902,-0.024536,-0.042675,-0.039902,-0.024536,-0.042675,-0.000109,-0.000028,0.000020,0.000000,0.000000,0.000000,0,1,0,0,0,0,177.335098,1691.475464,32.457325,177.375000,1691.500000,32.500000,177.335098,1691.475464,32.457325,-0.039902,-0.024536,-0.042675,0.000000,0.000000,0.000000,0.000105,0.000000,1,1,1,0,195.335098,1704.475464,33.332325,195.375000,1704.500000,33.375000,195.335098,1704.475464,33.332325,-0.039902,-0.024536,-0.042675,0.000000,0.000000,0.000000,0.000004,0.000000,1,1,1,0
152.101963,0.014357,0,4104,100.0,202.979675,1668.602539,39.590042,202.939774,1668.578003,39.547367,0.000000,0.000000,0.000000,0.000000,0.000000,0.000000,202.939774,1668.578003,30.547367,-0.039902,-0.024536,-0.042675,-0.039902,-0.024536,-0.042675,-0.000109,-0.000028,0.000020,0.000000,0.000000,0.000000,0,1,0,0,0,0,177.335098,1691.475464,32.457325,177.375000,1691.500000,32.500000,177.335098,1691.475464,32.457325,-0.039902,-0.024536,-0.042675,0.000000,0.000000,0.000000,0.000180,0.000000,1,1,1,0,195.335098,1704.475464,33.332325,195.375000,1704.500000,33.375000,195.335098,1704.475464,33.332325,-0.039902,-0.024536,-0.042675,0.000000,0.000000,0.000000,0.000004,0.000000,1,1,1,0
152.115477,0.013513,0,4104,100.0,202.939774,1668.578003,39.547367,202.899872,1668.553467,39.629692,0.000000,0.000000,0.000000,0.000000,0.000000,0.000000,202.899872,1668.553467,30.629692,-0.039902,-0.024536,0.082325,-0.039902,-0.024536,0.082325,-0.000109,-0.000028,0.000020,0.000000,0.000000,0.000000,0,1,0,0,0,0,177.335098,1691.475464,32.457325,177.375000,1691.500000,32.375000,177.335098,1691.475464,32.457325,-0.039902,-0.024536,0.082325,0.000000,0.000000,0.000000,0.000188,0.000000,1,1,1,0,195.335098,1704.475464,33.332325,195.375000,1704.500000,33.250000,195.335098,1704.475464,33.332325,-0.039902,-0.024536,0.082325,0.000000,0.000000,0.000000,0.000050,0.000000,1,1,1,0
152.130155,0.014678,0,4104,100.0,202.899872,1668.553467,39.629692,202.984970,1668.653931,39.587017,0.000000,0.000000,0.000000,0.000000,0.000000,0.000000,202.984970,1668.653931,30.587017,0.085098,0.100464,-0.042675,0.085098,0.100464,-0.042675,-0.000109,-0.000028,0.000020,0.000000,0.000000,0.000000,0,1,0,0,0,0,177.335098,1691.475464,32.457325,177.250000,1691.375000,32.500000,177.335098,1691.475464,32.457325,0.085098,0.100464,-0.042675,0.000000,0.000000,0.000000,0.000000,0.000000,1,1,1,0,195.335098,1704.475464,33.332325,195.250000,1704.375000,33.375000,195.335098,1704.475464,33.332325,0.085098,0.100464,-0.042675,0.000000,0.000000,0.000000,0.000252,0.000000,1,1,1,0
152.143356,0.013201,0,4104,100.0,202.984970,1668.653931,39.587017,202.945068,1668.629395,39.544342,0.000000,0.000000,0.000000,0.000000,0.000000,0.000000,202.945068,1668.629395,30.544342,-0.039902,-0.024536,-0.042675,-0.039902,-0.024536,-0.042675,-0.000109,-0.000028,0.000020,0.000000,0.000000,0.000000,0,1,0,0,0,0,177.335098,1691.475464,32.457325,177.375000,1691.500000,32.500000,177.335098,1691.475464,32.457325,-0.039902,-0.024536,-0.042675,0.000000,0.000000,0.000000,0.000006,0.000000,1,1,1,0,195.335098,1704.475464,33.332325,195.375000,1704.500000,33.375000,195.335098,1704.475464,33.332325,-0.039902,-0.024536,-0.042675,0.000000,0.000000,0.000000,0.000046,0.000000,1,1,1,0
152.156970,0.013615,0,4104,100.0,202.945068,1668.629395,39.544342,202.905167,1668.604858,39.626667,0.000000,0.000000,0.000000,0.000000,0.000000,0.000000,202.905167,1668.604858,30.626667,-0.039902,-0.024536,0.082325,-0.039902,-0.024536,0.082325,-0.000109,-0.000028,0.000020,0.000000,0.000000,0.000000,0,1,0,0,0,0,177.335098,1691.475464,32.457325,177.375000,1691.500000,32.375000,177.335098,1691.475464,32.457325,-0.039902,-0.024536,0.082325,0.000000,0.000000,0.000000,0.000052,0.000000,1,1,1,0,195.335098,1704.475464,33.332325,195.375000,1704.500000,33.250000,195.335098,1704.475464,33.332325,-0.039902,-0.024536,0.082325,0.000000,0.000000,0.000000,0.000416,0.000000,1,1,1,0
152.171701,0.014731,0,4104,100.0,202.905167,1668.604858,39.626667,202.990265,1668.580322,39.583992,0.000000,0.000000,0.000000,0.000000,0.000000,0.000000,202.990265,1668.580322,30.583992,0.085098,-0.024536,-0.042675,0.085098,-0.024536,-0.042675,-0.000109,-0.000028,0.000020,0.000000,0.000000,0.000000,0,1,0,0,0,0,177.335098,1691.475464,32.457325,177.250000,1691.500000,32.500000,177.335098,1691.475464,32.457325,0.085098,-0.024536,-0.042675,0.000000,0.000000,0.000000,0.000105,0.000000,1,1,1,0,195.335098,1704.475464,33.332325,195.250000,1704.500000,33.375000,195.335098,1704.475464,33.332325,0.085098,-0.024536,-0.042675,0.000000,0.000000,0.000000,0.000000,0.000000,1,1,1,0
152.185391,0.013690,0,4104,100.0,202.990265,1668.580322,39.583992,202.950363,1668.555786,39.541317,0.000000,0.000000,0.000000,0.000000,0.000000,0.000000,202.950363,1668.555786,30.541317,-0.039902,-0.024536,-0.042675,-0.039902,-0.024536,-0.042675,-0.000109,-0.000028,0.000020,0.000000,0.000000,0.000000,0,1,0,0,0,0,177.335098,1691.475464,32.457325,177.375000,1691.500000,32.500000,177.335098,1691.475464,32.457325,-0.039902,-0.024536,-0.042675,0.000000,0.000000,0.000000,0.000038,0.000000,1,1,1,0,195.335098,1704.475464,33.332325,195.375000,1704.500000,33.375000,195.335098,1704.475464,33.332325,-0.039902,-0.024536,-0.042675,0.000000,0.000000,0.000000,0.000143,0.000000,1,1,1,0
152.198513,0.013122,0,4104,100.0,202.950363,1668.555786,39.541317,202.910461,1668.656250,39.623642,0.000000,0.000000,0.000000,0.000000,0.000000,0.000000,202.910461,1668.656250,30.623642,-0.039902,0.100464,0.082325,-0.039902,0.100464,0.082325,-0.000109,-0.000028,0.000020,0.000000,0.000000,0.000000,0,1,0,0,0,0,177.335098,1691.475464,32.457325,177.375000,1691.375000,32.375000,177.335098,1691.475464,32.457325,-0.039902,0.100464,0.082325,0.000000,0.000000,0.000000,0.000002,0.000000,1,1,1,0,195.335098,1704.475464,33.332325,195.375000,1704.375000,33.250000,195.335098,1704.475464,33.332325,-0.039902,0.100464,0.082325,0.000000,0.000000,0.000000,0.000000,0.000000,1,1,1,0
152.213244,0.014731,0,4104,100.0,202.910461,1668.656250,39.623642,202.995560,1668.694214,39.580967,0.000000,0.000000,0.000000,0.000000,0.000000,0.000000,202.995560,1668.694214,30.580967,0.085098,0.037964,-0.042675,0.085098,0.037964,-0.042675,-0.000109,-0.000028,0.000020,0.000000,0.000000,0.000000,0,1,0,0,0,0,177.335098,1691.475464,32.457325,177.250000,1691.375000,32.500000,177.335098,1691.412964,32.457325,0.085098,0.100464,-0.042675,0.000000,0.000000,0.000000,0.000006,0.000000,1,1,1,0,195.335098,1704.475464,33.332325,195.250000,1704.500000,33.375000,195.335098,1704.537964,33.332325,0.085098,-0.024536,-0.042675,0.000000,0.000000,0.000000,0.000001,0.000000,1,1,1,0
152.227452,0.014208,0,4104,100.0,202.995560,1668.694214,39.580967,202.955658,1668.607178,39.538292,0.000000,0.000000,0.000000,0.000000,0.000000,0.000000,202.955658,1668.607178,30.538292,-0.039902,-0.087036,-0.042675,-0.039902,-0.087036,-0.042675,-0.000109,-0.000028,0.000020,0.000000,0.000000,0.000000,0,1,0,0,0,0,177.335098,1691.412964,32.457325,177.375000,1691.500000,32.500000,177.335098,1691.412964,32.457325,-0.039902,-0.087036,-0.042675,0.000000,0.000000,0.000000,0.000000,0.000000,1,1,1,0,195.335098,1704.537964,33.332325,195.375000,1704.625000,33.375000,195.335098,1704.537964,33.332325,-0.039902,-0.087036,-0.042675,0.000000,0.000000,0.000000,0.000143,0.000000,1,1,1,0
152.240071,0.012618,0,4104,100.0,202.955658,1668.607178,39.538292,202.978256,1668.645142,39.620617,0.000000,0.000000,0.000000,0.000000,0.000000,0.000000,202.978256,1668.645142,30.620617,0.022598,0.037964,0.082325,0.022598,0.037964,0.082325,-0.000109,-0.000028,0.000020,0.000000,0.000000,0.000000,0,1,0,0,0,0,177.335098,1691.412964,32.457325,177.250000,1691.375000,32.375000,177.272598,1691.412964,32.457325,0.085098,0.037964,0.082325,0.000000,0.000000,0.000000,0.000000,0.000000,1,1,1,0,195.335098,1704.537964,33.332325,195.375000,1704.500000,33.250000,195.397598,1704.537964,33.332325,-0.039902,0.037964,0.082325,0.000000,0.000000,0.000000,0.000252,0.000000,1,1,1,0
152.254839,0.014768,0,4104,100.0,202.978256,1668.645142,39.620617,203.000854,1668.683105,39.577942,0.000000,0.000000,0.000000,0.000000,0.000000,0.000000,203.000854,1668.683105,30.577942,0.022598,0.037964,-0.042675,0.022598,0.037964,-0.042675,-0.000109,-0.000028,0.000020,0.000000,0.000000,0.000000,0,1,0,0,0,0,177.272598,1691.412964,32.457325,177.250000,1691.375000,32.500000,177.272598,1691.412964,32.457325,0.022598,0.037964,-0.042675,0.000000,0.000000,0.000000,0.000181,0.000000,1,1,1,0,195.397598,1704.537964,33.332325,195.375000,1704.500000,33.375000,195.397598,1704.537964,33.332325,0.022598,0.037964,-0.042675,0.000000,0.000000,0.000000,0.000143,0.000000,1,1,1,0
152.268013,0.013174,0,4104,100.0,203.000854,1668.683105,39.577942,203.023453,1668.783569,39.535267,0.000000,0.000000,0.000000,0.000000,0.000000,0.000000,203.023453,1668.783569,30.535267,0.022598,0.100464,-0.042675,0.022598,0.100464,-0.042675,-0.000109,-0.000028,0.000020,0.000000,0.000000,0.000000,0,1,0,0,0,0,177.272598,1691.412964,32.457325,177.250000,1691.250000,32.500000,177.272598,1691.350464,32.457325,0.022598,0.162964,-0.042675,0.000000,0.000000,0.000000,0.000038,0.000000,1,1,1,0,195.397598,1704.537964,33.332325,195.375000,1704.500000,33.375000,195.397598,1704.600464,33.332325,0.022598,0.037964,-0.042675,0.000000,0.000000,0.000000,0.000018,0.000000,1,1,1,0
152.281650,0.013637,0,4104,100.0,203.023453,1668.783569,39.535267,203.046051,1668.759033,39.617592,0.000000,0.000000,0.000000,0.000000,0.000000,0.000000,203.046051,1668.759033,30.617592,0.022598,-0.024536,0.082325,0.022598,-0.024536,0.082325,-0.000109,-0.000028,0.000020,0.000000,0.000000,0.000000,0,1,0,0,0,0,177.272598,1691.350464,32.457325,177.250000,1691.375000,32.375000,177.272598,1691.350464,32.457325,0.022598,-0.024536,0.082325,0.000000,0.000000,0.000000,0.000000,0.000000,1,1,1,0,195.397598,1704.600464,33.332325,195.375000,1704.625000,33.250000,195.397598,1704.600464,33.332325,0.022598,-0.024536,0.082325,0.000000,0.000000,0.000000,0.000004,0.000000,1,1,1,0
152.296380,0.014731,0,4104,100.0,203.046051,1668.759033,39.617592,203.068649,1668.734497,39.574917,0.000000,0.000000,0.000000,0.000000,0.000000,0.000000,203.068649,1668.734497,30.574917,0.022598,-0.024536,-0.042675,0.022598,-0.024536,-0.042675,-0.000109,-0.000028,0.000020,0.000000,0.000000,0.000000,0,1,0,0,0,0,177.272598,1691.350464,32.457325,177.250000,1691.375000,32.500000,177.272598,1691.350464,32.457325,0.022598,-0.024536,-0.042675,0.000000,0.000000,0.000000,0.000002,0.000000,1,1,1,0,195.397598,1704.600464,33.332325,195.375000,1704.625000,33.375000,195.397598,1704.600464,33.332325,0.022598,-0.024536,-0.042675,0.000000,0.000000,0.000000,0.000253,0.000000,1,1,1,0
152.310018,0.013638,0,4104,100.0,203.068649,1668.734497,39.574917,202.966248,1668.709961,39.532242,0.000000,0.000000,0.000000,0.000000,0.000000,0.000000,202.966248,1668.709961,30.532242,-0.102402,-0.024536,-0.042675,-0.102402,-0.024536,-0.042675,-0.000109,-0.000028,0.000020,0.000000,0.000000,0.000000,0,1,0,0,0,0,177.272598,1691.350464,32.457325,177.375000,1691.375000,32.500000,177.272598,1691.350464,32.457325,-0.102402,-0.024536,-0.042675,0.000000,0.000000,0.000000,0.000003,0.000000,1,1,1,0,195.397598,1704.600464,33.332325,195.500000,1704.625000,33.375000,195.397598,1704.600464,33.332325,-0.102402,-0.024536,-0.042675,0.000000,0.000000,0.000000,0.000353,0.000000,1,1,1,0
152.324661,0.014643,0,4104,100.0,202.966248,1668.709961,39.532242,202.988846,1668.685425,39.614567,0.000000,0.000000,0.000000,0.000000,0.000000,0.000000,202.988846,1668.685425,30.614567,0.022598,-0.024536,0.082325,0.022598,-0.024536,0.082325,-0.000109,-0.000028,0.000020,0.000000,0.000000,0.000000,0,1,0,0,0,0,177.272598,1691.350464,32.457325,177.250000,1691.375000,32.375000,177.272598,1691.350464,32.457325,0.022598,-0.024536,0.082325,0.000000,0.000000,0.000000,0.000002,0.000000,1,1,1,0,195.397598,1704.600464,33.332325,195.375000,1704.625000,33.250000,195.397598,1704.600464,33.332325,0.022598,-0.024536,0.082325,0.000000,0.000000,0.000000,0.000028,0.000000,1,1,1,0
152.337816,0.013155,0,4104,100.0,202.988846,1668.685425,39.614567,203.011444,1668.848389,39.571892,0.000000,0.000000,0.000000,0.000000,0.000000,0.000000,203.011444,1668.848389,30.571892,0.022598,0.162964,-0.042675,0.022598,0.162964,-0.042675,-0.000109,-0.000028,0.000020,0.000000,0.000000,0.000000,0,1,0,0,0,0,177.272598,1691.350464,32.457325,177.250000,1691.125000,32.500000,177.272598,1691.287964,32.457325,0.022598,0.225464,-0.042675,0.000000,0.000000,0.000000,0.000019,0.000000,1,1,1,0,195.397598,1704.600464,33.332325,195.375000,1704.500000,33.375000,195.397598,1704.662964,33.332325,0.022598,0.100464,-0.042675,0.000000,0.000000,0.000000,0.000232,0.000000,1,1,1,0
152.351485,0.013669,0,4104,100.0,203.011444,1668.848389,39.571892,203.096542,1668.761353,39.529217,0.000000,0.000000,0.000000,0.000000,0.000000,0.000000,203.096542,1668.761353,30.529217,0.085098,-0.087036,-0.042675,0.085098,-0.087036,-0.042675,-0.000109,-0.000028,0.000020,0.000000,0.000000,0.000000,0,1,0,0,0,0,177.272598,1691.287964,32.457325,177.125000,1691.375000,32.500000,177.210098,1691.287964,32.457325,0.147598,-0.087036,-0.042675,0.000000,0.000000,0.000000,0.000006,0.000000,1,1,1,0,195.397598,1704.662964,33.332325,195.375000,1704.750000,33.375000,195.460098,1704.662964,33.332325,0.022598,-0.087036,-0.042675,0.000000,0.000000,0.000000,0.000284,0.000000,1,1,1,0
152.366185,0.014700,0,4104,100.0,203.096542,1668.761353,39.529217,203.056641,1668.799316,39.611542,0.000000,0.000000,0.000000,0.000000,0.000000,0.000000,203.056641,1668.799316,30.611542,-0.039902,0.037964,0.082325,-0.039902,0.037964,0.082325,-0.000109,-0.000028,0.000020,0.000000,0.000000,0.000000,0,1,0,0,0,0,177.210098,1691.287964,32.457325,177.250000,1691.250000,32.375000,177.210098,1691.287964,32.457325,-0.039902,0.037964,0.082325,0.000000,0.000000,0.000000,0.000000,0.000000,1,1,1,0,195.460098,1704.662964,33.332325,195.500000,1704.625000,33.250000,195.460098,1704.662964,33.332325,-0.039902,0.037964,0.082325,0.000000,0.000000,0.000000,0.000001,0.000000,1,1,1,0
152.379363,0.013178,0,4104,100.0,203.056641,1668.799316,39.611542,203.141739,1668.837280,39.568867,0.000000,0.000000,0.000000,0.000000,0.000000,0.000000,203.141739,1668.837280,30.568867,0.085098,0.037964,-0.042675,0.085098,0.037964,-0.042675,-0.000109,-0.000028,0.000020,0.000000,0.000000,0.000000,0,1,0,0,0,0,177.210098,1691.287964,32.457325,177.125000,1691.250000,32.500000,177.210098,1691.287964,32.457325,0.085098,0.037964,-0.042675,0.000000,0.000000,0.000000,0.000188,0.000000,1,1,1,0,195.460098,1704.662964,33.332325,195.375000,1704.625000,33.375000,195.460098,1704.662964,33.332325,0.085098,0.037964,-0.042675,0.000000,0.000000,0.000000,0.000046,0.000000,1,1,1,0
152.393082,0.013720,0,4104,100.0,203.141739,1668.837280,39.568867,203.101837,1668.750244,39.463692,0.000000,0.000000,0.000000,0.000000,0.000000,0.000000,203.101837,1668.750244,30.463692,-0.039902,-0.087036,-0.105175,-0.039902,-0.087036,-0.105175,-0.000109,-0.000028,0.000020,0.000000,0.000000,0.000000,0,1,0,0,0,0,177.210098,1691.287964,32.457325,177.250000,1691.375000,32.625000,177.210098,1691.287964,32.519825,-0.039902,-0.087036,-0.167675,0.000000,0.000000,0.000000,0.000038,0.000000,1,1,1,0,195.460098,1704.662964,33.332325,195.500000,1704.750000,33.375000,195.460098,1704.662964,33.269825,-0.039902,-0.087036,-0.042675,0.000000,0.000000,0.000000,0.000242,0.000000,1,1,1,0
152.407792,0.014710,0,4104,100.0,203.101837,1668.750244,39.463692,203.061935,1668.850708,39.483517,0.000000,0.000000,0.000000,0.000000,0.000000,0.000000,203.061935,1668.850708,30.483517,-0.039902,0.100464,0.019825,-0.039902,0.100464,0.019825,-0.000109,-0.000028,0.000020,0.000000,0.000000,0.000000,0,1,0,0,0,0,177.210098,1691.287964,32.519825,177.250000,1691.125000,32.500000,177.210098,1691.225464,32.519825,-0.039902,0.162964,0.019825,0.000000,0.000000,0.000000,0.000019,0.000000,1,1,1,0,195.460098,1704.662964,33.269825,195.500000,1704.625000,33.250000,195.460098,1704.725464,33.269825,-0.039902,0.037964,0.019825,0.000000,0.000000,0.000000,0.000170,0.000000,1,1,1,0
152.421449,0.013657,0,4104,100.0,203.061935,1668.850708,39.483517,203.147034,1668.826172,39.503342,0.000000,0.000000,0.000000,0.000000,0.000000,0.000000,203.147034,1668.826172,30.503342,0.085098,-0.024536,0.019825,0.085098,-0.024536,0.019825,-0.000109,-0.000028,0.000020,0.000000,0.000000,0.000000,0,1,0,0,0,0,177.210098,1691.225464,32.519825,177.125000,1691.250000,32.500000,177.210098,1691.225464,32.519825,0.085098,-0.024536,0.019825,0.000000,0.000000,0.000000,0.000052,0.000000,1,1,1,0,195.460098,1704.725464,33.269825,195.375000,1704.750000,33.250000,195.460098,1704.725464,33.269825,0.085098,-0.024536,0.019825,0.000000,0.000000,0.000000,0.000143,0.000000,1,1,1,0
152.434616,0.013167,0,4104,100.0,203.147034,1668.826172,39.503342,203.107132,1668.801636,39.523167,0.000000,0.000000,0.000000,0.000000,0.000000,0.000000,203.107132,1668.801636,30.523167,-0.039902,-0.024536,0.019825,-0.039902,-0.024536,0.019825,-0.000109,-0.000028,0.000020,0.000000,0.000000,0.000000,0,1,0,0,0,0,177.210098,1691.225464,32.519825,177.250000,1691.250000,32.500000,177.210098,1691.225464,32.519825,-0.039902,-0.024536,0.019825,0.000000,0.000000,0.000000,0.000052,0.000000,1,1,1,0,195.460098,1704.725464,33.269825,195.500000,1704.750000,33.250000,195.460098,1704.725464,33.269825,-0.039902,-0.024536,0.019825,0.000000,0.000000,0.000000,0.000288,0.000000,1,1,1,0
152.449252,0.014636,0,4104,100.0,203.107132,1668.801636,39.523167,203.067230,1668.902100,39.542992,0.000000,0.000000,0.000000,0.000000,0.000000,0.000000,203.067230,1668.902100,30.542992,-0.039902,0.100464,0.019825,-0.039902,0.100464,0.019825,-0.000109,-0.000028,0.000020,0.000000,0.000000,0.000000,0,1,0,0,0,0,177.210098,1691.225464,32.519825,177.250000,1691.125000,32.500000,177.210098,1691.225464,32.519825,-0.039902,0.100464,0.019825,0.000000,0.000000,0.000000,0.000052,0.000000,1,1,1,0,195.460098,1704.725464,33.269825,195.500000,1704.625000,33.250000,195.460098,1704.725464,33.269825,-0.039902,0.100464,0.019825,0.000000,0.000000,0.000000,0.000117,0.000000,1,1,1,0
152.462961,0.013708,0,4104,100.0,203.067230,1668.902100,39.542992,203.089828,1668.877563,39.562817,0.000000,0.000000,0.000000,0.000000,0.000000,0.000000,203.089828,1668.877563,30.562817,0.022598,-0.024536,0.019825,0.022598,-0.024536,0.019825,-0.000109,-0.000028,0.000020,0.000000,0.000000,0.000000,0,1,0,0,0,0,177.210098,1691.225464,32.519825,177.125000,1691.250000,32.500000,177.147598,1691.225464,32.519825,0.085098,-0.024536,0.019825,0.000000,0.000000,0.000000,0.000022,0.000000,1,1,1,0,195.460098,1704.725464,33.269825,195.500000,1704.750000,33.250000,195.522598,1704.725464,33.269825,-0.039902,-0.024536,0.019825,0.000000,0.000000,0.000000,0.000000,0.000000,1,1,1,0
152.476147,0.013187,0,4104,100.0,203.089828,1668.877563,39.562817,203.112427,1668.853027,39.457642,0.000000,0.000000,0.000000,0.000000,0.000000,0.000000,203.112427,1668.853027,30.457642,0.022598,-0.024536,-0.105175,0.022598,-0.024536,-0.105175,-0.000109,-0.000028,0.000020,0.000000,0.000000,0.000000,0,1,0,0,0,0,177.147598,1691.225464,32.519825,177.125000,1691.250000,32.625000,177.147598,1691.225464,32.519825,0.022598,-0.024536,-0.105175,0.000000,0.000000,0.000000,0.000052,0.000000,1,1,1,0,195.522598,1704.725464,33.269825,195.500000,1704.750000,33.375000,195.522598,1704.725464,33.269825,0.022598,-0.024536,-0.105175,0.000000,0.000000,0.000000,0.000252,0.000000,1,1,1,0
152.490810,0.014663,0,4104,100.0,203.112427,1668.853027,39.457642,203.135025,1668.828491,39.477467,0.000000,0.000000,0.000000,0.000000,0.000000,0.000000,203.135025,1668.828491,30.477467,0.022598,-0.024536,0.019825,0.022598,-0.024536,0.019825,-0.000109,-0.000028,0.000020,0.000000,0.000000,0.000000,0,1,0,0,0,0,177.147598,1691.225464,32.519825,177.125000,1691.250000,32.500000,177.147598,1691.225464,32.519825,0.022598,-0.024536,0.019825,0.000000,0.000000,0.000000,0.000188,0.000000,1,1,1,0,195.522598,1704.725464,33.269825,195.500000,1704.750000,33.250000,195.522598,1704.725464,33.269825,0.022598,-0.024536,0.019825,0.000000,0.000000,0.000000,0.000242,0.000000,1,1,1,0
152.504537,0.013727,0,4104,100.0,203.135025,1668.828491,39.477467,203.157623,1668.803955,39.497292,0.000000,0.000000,0.000000,0.000000,0.000000,0.000000,203.157623,1668.803955,30.497292,0.022598,-0.024536,0.019825,0.022598,-0.024536,0.019825,-0.000109,-0.000028,0.000020,0.000000,0.000000,0.000000,0,1,0,0,0,0,177.147598,1691.225464,32.519825,177.125000,1691.250000,32.500000,177.147598,1691.225464,32.519825,0.022598,-0.024536,0.019825,0.000000,0.000000,0.000000,0.000000,0.000000,1,1,1,0,195.522598,1704.725464,33.269825,195.500000,1704.750000,33.250000,195.522598,1704.725464,33.269825,0.022598,-0.024536,0.019825,0.000000,0.000000,0.000000,0.000232,0.000000,1,1,1,0
152.518240,0.013703,0,4104,100.0,203.157623,1668.803955,39.497292,203.180222,1668.904419,39.517117,0.000000,0.000000,0.000000,0.000000,0.000000,0.000000,203.180222,1668.904419,30.517117,0.022598,0.100464,0.019825,0.022598,0.100464,0.019825,-0.000109,-0.000028,0.000020,0.000000,0.000000,0.000000,0,1,0,0,0,0,177.147598,1691.225464,32.519825,177.125000,1691.125000,32.500000,177.147598,1691.225464,32.519825,0.022598,0.100464,0.019825,0.000000,0.000000,0.000000,0.000100,0.000000,1,1,1,0,195.522598,1704.725464,33.269825,195.500000,1704.625000,33.250000,195.522598,1704.725464,33.269825,0.022598,0.100464,0.019825,0.000000,0.000000,0.000000,0.000053,0.000000,1,1,1,0
152.532407,0.014167,0,4104,100.0,203.180222,1668.904419,39.517117,203.202820,1668.879883,39.536942,0.000000,0.000000,0.000000,0.000000,0.000000,0.000000,203.202820,1668.879883,30.536942,0.022598,-0.024536,0.019825,0.022598,-0.024536,0.019825,-0.000109,-0.000028,0.000020,0.000000,0.000000,0.000000,0,1,0,0,0,0,177.147598,1691.225464,32.519825,177.125000,1691.250000,32.500000,177.147598,1691.225464,32.519825,0.022598,-0.024536,0.019825,0.000000,0.000000,0.000000,0.000104,0.000000,1,1,1,0,195.522598,1704.725464,33.269825,195.500000,1704.750000,33.250000,195.522598,1704.725464,33.269825,0.022598,-0.024536,0.019825,0.000000,0.000000,0.000000,0.000143,0.000000,1,1,1,0
152.547637,0.015230,0,4104,100.0,203.202820,1668.879883,39.536942,203.100418,1668.855347,39.556767,0.000000,0.000000,0.000000,0.000000,0.000000,0.000000,203.100418,1668.855347,30.556767,-0.102402,-0.024536,0.019825,-0.102402,-0.024536,0.019825,-0.000109,-0.000028,0.000020,0.000000,0.000000,0.000000,0,1,0,0,0,0,177.147598,1691.225464,32.519825,177.250000,1691.250000,32.500000,177.147598,1691.225464,32.519825,-0.102402,-0.024536,0.019825,0.000000,0.000000,0.000000,0.000006,0.000000,1,1,1,0,195.522598,1704.725464,33.269825,195.625000,1704.750000,33.250000,195.522598,1704.725464,33.269825,-0.102402,-0.024536,0.019825,0.000000,0.000000,0.000000,0.000094,0.000000,1,1,1,0
152.560875,0.013238,0,4104,100.0,203.100418,1668.855347,39.556767,203.123016,1668.830811,39.576591,0.000000,0.000000,0.000000,0.000000,0.000000,0.000000,203.123016,1668.830811,30.576591,0.022598,-0.024536,0.019825,0.022598,-0.024536,0.019825,-0.000109,-0.000028,0.000020,0.000000,0.000000,0.000000,0,1,0,0,0,0,177.147598,1691.225464,32.519825,177.125000,1691.250000,32.500000,177.147598,1691.225464,32.519825,0.022598,-0.024536,0.019825,0.000000,0.000000,0.000000,0.000210,0.000000,1,1,1,0,195.522598,1704.725464,33.269825,195.500000,1704.750000,33.250000,195.522598,1704.725464,33.269825,0.022598,-0.024536,0.019825,0.000000,0.000000,0.000000,0.000004,0.000000,1,1,1,0
152.574545,0.013671,0,4104,100.0,203.123016,1668.830811,39.576591,203.145615,1668.806274,39.471416,0.000000,0.000000,0.000000,0.000000,0.000000,0.000000,203.145615,1668.806274,30.471416,0.022598,-0.024536,-0.105175,0.022598,-0.024536,-0.105175,-0.000109,-0.000028,0.000020,0.000000,0.000000,0.000000,0,1,0,0,0,0,177.147598,1691.225464,32.519825,177.125000,1691.250000,32.625000,177.147598,1691.225464,32.519825,0.022598,-0.024536,-0.105175,0.000000,0.000000,0.000000,0.000002,0.000000,1,1,1,0,195.522598,1704.725464,33.269825,195.500000,1704.750000,33.375000,195.522598,1704.725464,33.269825,0.022598,-0.024536,-0.105175,0.000000,0.000000,0.000000,0.000144,0.000000,1,1,1,0
152.587259,0.012714,0,4104,100.0,203.145615,1668.806274,39.471416,203.168213,1668.906738,39.491241,0.000000,0.000000,0.000000,0.000000,0.000000,0.000000,203.168213,1668.906738,30.491241,0.022598,0.100464,0.019825,0.022598,0.100464,0.019825,-0.000109,-0.000028,0.000020,0.000000,0.000000,0.000000,0,1,0,0,0,0,177.147598,1691.225464,32.519825,177.125000,1691.125000,32.500000,177.147598,1691.225464,32.519825,0.022598,0.100464,0.019825,0.000000,0.000000,0.000000,0.000105,0.000000,1,1,1,0,195.522598,1704.725464,33.269825,195.500000,1704.625000,33.250000,195.522598,1704.725464,33.269825,0.022598,0.100464,0.019825,0.000000,0.000000,0.000000,0.000004,0.000000,1,1,1,0
152.601543,0.014283,0,4104,100.0,203.168213,1668.906738,39.491241,203.190811,1668.882202,39.511066,0.000000,0.000000,0.000000,0.000000,0.000000,0.000000,203.190811,1668.882202,30.511066,0.022598,-0.024536,0.019825,0.022598,-0.024536,0.019825,-0.000109,-0.000028,0.000020,0.000000,0.000000,0.000000,0,1,0,0,0,0,177.147598,1691.225464,32.519825,177.125000,1691.250000,32.500000,177.147598,1691.225464,32.519825,0.022598,-0.024536,0.019825,0.000000,0.000000,0.000000,0.000001,0.000000,1,1,1,0,195.522598,1704.725464,33.269825,195.500000,1704.750000,33.250000,195.522598,1704.725464,33.269825,0.022598,-0.024536,0.019825,0.000000,0.000000,0.000000,0.000144,0.000000,1,1,1,0
152.615250,0.013707,0,4104,100.0,203.190811,1668.882202,39.511066,203.088409,1668.857666,39.530891,0.000000,0.000000,0.000000,0.000000,0.000000,0.000000,203.088409,1668.857666,30.530891,-0.102402,-0.024536,0.019825,-0.102402,-0.024536,0.019825,-0.000109,-0.000028,0.000020,0.000000,0.000000,0.000000,0,1,0,0,0,0,177.147598,1691.225464,32.519825,177.250000,1691.250000,32.500000,177.147598,1691.225464,32.519825,-0.102402,-0.024536,0.019825,0.000000,0.000000,0.000000,0.000122,0.000000,1,1,1,0,195.522598,1704.725464,33.269825,195.625000,1704.750000,33.250000,195.522598,1704.725464,33.269825,-0.102402,-0.024536,0.019825,0.000000,0.000000,0.000000,0.000170,0.000000,1,1,1,0
152.629976,0.014727,0,4104,100.0,203.088409,1668.857666,39.530891,203.111008,1668.833130,39.550716,0.000000,0.000000,0.000000,0.000000,0.000000,0.000000,203.111008,1668.833130,30.550716,0.022598,-0.024536,0.019825,0.022598,-0.024536,0.019825,-0.000109,-0.000028,0.000020,0.000000,0.000000,0.000000,0,1,0,0,0,0,177.147598,1691.225464,32.519825,177.125000,1691.250000,32.500000,177.147598,1691.225464,32.519825,0.022598,-0.024536,0.019825,0.000000,0.000000,0.000000,0.000006,0.000000,1,1,1,0,195.522598,1704.725464,33.269825,195.500000,1704.750000,33.250000,195.522598,1704.725464,33.269825,0.022598,-0.024536,0.019825,0.000000,0.000000,0.000000,0.000050,0.000000,1,1,1,0
152.643107,0.013131,0,4104,100.0,203.111008,1668.833130,39.550716,203.133606,1668.808594,39.570541,0.000000,0.000000,0.000000,0.000000,0.000000,0.000000,203.133606,1668.808594,30.570541,0.022598,-0.024536,0.019825,0.022598,-0.024536,0.019825,-0.000109,-0.000028,0.000020,0.000000,0.000000,0.000000,0,1,0,0,0,0,177.147598,1691.225464,32.519825,177.125000,1691.250000,32.500000,177.147598,1691.225464,32.519825,0.022598,-0.024536,0.019825,0.000000,0.000000,0.000000,0.000000,0.000000,1,1,1,0,195.522598,1704.725464,33.269825,195.500000,1704.750000,33.250000,195.522598,1704.725464,33.269825,0.022598,-0.024536,0.019825,0.000000,0.000000,0.000000,0.000110,0.000000,1,1,1,0
152.657809,0.014701,0,4104,100.0,203.133606,1668.808594,39.570541,203.156204,1668.909058,39.465366,0.000000,0.000000,0.000000,0.000000,0.000000,0.000000,203.156204,1668.909058,30.465366,0.022598,0.100464,-0.105175,0.022598,0.100464,-0.105175,-0.000109,-0.000028,0.000020,0.000000,0.000000,0.000000,0,1,0,0,0,0,177.147598,1691.225464,32.519825,177.125000,1691.125000,32.625000,177.147598,1691.225464,32.519825,0.022598,0.100464,-0.105175,0.000000,0.000000,0.000000,0.000100,0.000000,1,1,1,0,195.522598,1704.725464,33.269825,195.500000,1704.625000,33.375000,195.522598,1704.725464,33.269825,0.022598,0.100464,-0.105175,0.000000,0.000000,0.000000,0.000321,0.000000,1,1,1,0
152.671539,0.013731,0,4104,100.0,203.156204,1668.909058,39.465366,203.116302,1668.822021,39.485191,0.000000,0.000000,0.000000,0.000000,0.000000,0.000000,203.116302,1668.822021,30.485191,-0.039902,-0.087036,0.019825,-0.039902,-0.087036,0.019825,-0.000109,-0.000028,0.000020,0.000000,0.000000,0.000000,0,1,0,0,0,0,177.147598,1691.225464,32.519825,177.250000,1691.375000,32.500000,177.210098,1691.287964,32.519825,-0.102402,-0.149536,0.019825,0.000000,0.000000,0.000000,0.000105,0.000000,1,1,1,0,195.522598,1704.725464,33.269825,195.500000,1704.750000,33.250000,195.460098,1704.662964,33.269825,0.022598,-0.024536,0.019825,0.000000,0.000000,0.000000,0.000004,0.000000,1,1,1,0
152.686223,0.014684,0,4104,100.0,203.116302,1668.822021,39.485191,203.076401,1668.734985,39.505016,0.000000,0.000000,0.000000,0.000000,0.000000,0.000000,203.076401,1668.734985,30.505016,-0.039902,-0.087036,0.019825,-0.039902,-0.087036,0.019825,-0.000109,-0.000028,0.000020,0.000000,0.000000,0.000000,0,1,0,0,0,0,177.210098,1691.287964,32.519825,177.250000,1691.375000,32.500000,177.210098,1691.287964,32.519825,-0.039902,-0.087036,0.019825,0.000000,0.000000,0.000000,0.000026,0.000000,1,1,1,0,195.460098,1704.662964,33.269825,195.500000,1704.750000,33.250000,195.460098,1704.662964,33.269825,-0.039902,-0.087036,0.019825,0.000000,0.000000,0.000000,0.000004,0.000000,1,1,1,0
152.699897,0.013674,0,4104,100.0,203.076401,1668.734985,39.505016,203.036499,1668.772949,39.524841,0.000000,0.000000,0.000000,0.000000,0.000000,0.000000,203.036499,1668.772949,30.524841,-0.039902,0.037964,0.019825,-0.039902,0.037964,0.019825,-0.000109,-0.000028,0.000020,0.000000,0.000000,0.000000,0,1,0,0,0,0,177.210098,1691.287964,32.519825,177.250000,1691.250000,32.500000,177.210098,1691.287964,32.519825,-0.039902,0.037964,0.019825,0.000000,0.000000,0.000000,0.000002,0.000000,1,1,1,0,195.460098,1704.662964,33.269825,195.500000,1704.625000,33.250000,195.460098,1704.662964,33.269825,-0.039902,0.037964,0.019825,0.000000,0.000000,0.000000,0.000027,0.000000,1,1,1,0
152.713067,0.013170,0,4104,100.0,203.036499,1668.772949,39.524841,203.121597,1668.810913,39.544666,0.000000,0.000000,0.000000,0.000000,0.000000,0.000000,203.121597,1668.810913,30.544666,0.085098,0.037964,0.019825,0.085098,0.037964,0.019825,-0.000109,-0.000028,0.000020,0.000000,0.000000,0.000000,0,1,0,0,0,0,177.210098,1691.287964,32.519825,177.125000,1691.250000,32.500000,177.210098,1691.287964,32.519825,0.085098,0.037964,0.019825,0.000000,0.000000,0.000000,0.000188,0.000000,1,1,1,0,195.460098,1704.662964,33.269825,195.375000,1704.625000,33.250000,195.460098,1704.662964,33.269825,0.085098,0.037964,0.019825,0.000000,0.000000,0.000000,0.000004,0.000000,1,1,1,0
152.726260,0.013193,0,4104,100.0,203.121597,1668.810913,39.544666,203.081696,1668.848877,39.564491,0.000000,0.000000,0.000000,0.000000,0.000000,0.000000,203.081696,1668.848877,30.564491,-0.039902,0.037964,0.019825,-0.039902,0.037964,0.019825,-0.000109,-0.000028,0.000020,0.000000,0.000000,0.000000,0,1,0,0,0,0,177.210098,1691.287964,32.519825,177.250000,1691.250000,32.500000,177.210098,1691.287964,32.519825,-0.039902,0.037964,0.019825,0.000000,0.000000,0.000000,0.000000,0.000000,1,1,1,0,195.460098,1704.662964,33.269825,195.500000,1704.625000,33.250000,195.460098,1704.662964,33.269825,-0.039902,0.037964,0.019825,0.000000,0.000000,0.000000,0.000050,0.000000,1,1,1,0
152.741477,0.015216,0,4104,100.0,203.081696,1668.848877,39.564491,203.041794,1668.761841,39.459316,0.000000,0.000000,0.000000,0.000000,0.000000,0.000000,203.041794,1668.761841,30.459316,-0.039902,-0.087036,-0.105175,-0.039902,-0.087036,-0.105175,-0.000109,-0.000028,0.000020,0.000000,0.000000,0.000000,0,1,0,0,0,0,177.210098,1691.287964,32.519825,177.250000,1691.375000,32.625000,177.210098,1691.287964,32.519825,-0.039902,-0.087036,-0.105175,0.000000,0.000000,0.000000,0.000220,0.000000,1,1,1,0,195.460098,1704.662964,33.269825,195.500000,1704.750000,33.375000,195.460098,1704.662964,33.269825,-0.039902,-0.087036,-0.105175,0.000000,0.000000,0.000000,0.000004,0.000000,1,1,1,0
152.754654,0.013178,0,4104,100.0,203.041794,1668.761841,39.459316,203.126892,1668.799805,39.479141,0.000000,0.000000,0.000000,0.000000,0.000000,0.000000,203.126892,1668.799805,30.479141,0.085098,0.037964,0.019825,0.085098,0.037964,0.019825,-0.000109,-0.000028,0.000020,0.000000,0.000000,0.000000,0,1,0,0,0,0,177.210098,1691.287964,32.519825,177.125000,1691.250000,32.500000,177.210098,1691.287964,32.519825,0.085098,0.037964,0.019825,0.000000,0.000000,0.000000,0.000220,0.000000,1,1,1,0,195.460098,1704.662964,33.269825,195.375000,1704.625000,33.250000,195.460098,1704.662964,33.269825,0.085098,0.037964,0.019825,0.000000,0.000000,0.000000,0.000203,0.000000,1,1,1,0
152.767851,0.013196,0,4104,100.0,203.126892,1668.799805,39.479141,203.086990,1668.775269,39.561466,0.000000,0.000000,0.000000,0.000000,0.000000,0.000000,203.086990,1668.775269,30.561466,-0.039902,-0.024536,0.082325,-0.039902,-0.024536,0.082325,-0.000109,-0.000028,0.000020,0.000000,0.000000,0.000000,0,1,0,0,0,0,177.210098,1691.287964,32.519825,177.250000,1691.375000,32.375000,177.210098,1691.350464,32.457325,-0.039902,-0.087036,0.144825,0.000000,0.000000,0.000000,0.000104,0.000000,1,1,1,0,195.460098,1704.662964,33.269825,195.500000,1704.625000,33.250000,195.460098,1704.600464,33.332325,-0.039902,0.037964,0.019825,0.000000,0.000000,0.000000,0.000143,0.000000,1,1,1,0
152.783104,0.015253,0,4104,100.0,203.086990,1668.775269,39.561466,203.047089,1668.750732,39.643791,0.000000,0.000000,0.000000,0.000000,0.000000,0.000000,203.047089,1668.750732,30.643791,-0.039902,-0.024536,0.082325,-0.039902,-0.024536,0.082325,-0.000109,-0.000028,0.000020,0.000000,0.000000,0.000000,0,1,0,0,0,0,177.210098,1691.350464,32.457325,177.250000,1691.375000,32.375000,177.210098,1691.350464,32.457325,-0.039902,-0.024536,0.082325,0.000000,0.000000,0.000000,0.000188,0.000000,1,1,1,0,195.460098,1704.600464,33.332325,195.500000,1704.625000,33.250000,195.460098,1704.600464,33.332325,-0.039902,-0.024536,0.082325,0.000000,0.000000,0.000000,0.000000,0.000000,1,1,1,0
152.796403,0.013299,0,4104,100.0,203.047089,1668.750732,39.643791,203.132187,1668.726196,39.601116,0.000000,0.000000,0.000000,0.000000,0.000000,0.000000,203.132187,1668.726196,30.601116,0.085098,-0.024536,-0.042675,0.085098,-0.024536,-0.042675,-0.000109,-0.000028,0.000020,0.000000,0.000000,0.000000,0,1,0,0,0,0,177.210098,1691.350464,32.457325,177.125000,1691.375000,32.500000,177.210098,1691.350464,32.457325,0.085098,-0.024536,-0.042675,0.000000,0.000000,0.000000,0.000000,0.000000,1,1,1,0,195.460098,1704.600464,33.332325,195.375000,1704.625000,33.375000,195.460098,1704.600464,33.332325,0.085098,-0.024536,-0.042675,0.000000,0.000000,0.000000,0.000203,0.000000,1,1,1,0
152.809974,0.013571,0,4104,100.0,203.132187,1668.726196,39.601116,203.029785,1668.701660,39.558441,0.000000,0.000000,0.000000,0.000000,0.000000,0.000000,203.029785,1668.701660,30.558441,-0.102402,-0.024536,-0.042675,-0.102402,-0.024536,-0.042675,-0.000109,-0.000028,0.000020,0.000000,0.000000,0.000000,0,1,0,0,0,0,177.210098,1691.350464,32.457325,177.375000,1691.375000,32.500000,177.272598,1691.350464,32.457325,-0.164902,-0.024536,-0.042675,0.000000,0.000000,0.000000,0.000000,0.000000,1,1,1,0,195.460098,1704.600464,33.332325,195.500000,1704.625000,33.375000,195.397598,1704.600464,33.332325,-0.039902,-0.024536,-0.042675,0.000000,0.000000,0.000000,0.000190,0.000000,1,1,1,0
152.824726,0.014752,0,4104,100.0,203.029785,1668.701660,39.558441,203.052383,1668.677124,39.640766,0.000000,0.000000,0.000000,0.000000,0.000000,0.000000,203.052383,1668.677124,30.640766,0.022598,-0.024536,0.082325,0.022598,-0.024536,0.082325,-0.000109,-0.000028,0.000020,0.000000,0.000000,0.000000,0,1,0,0,0,0,177.272598,1691.350464,32.457325,177.250000,1691.375000,32.375000,177.272598,1691.350464,32.457325,0.022598,-0.024536,0.082325,0.000000,0.000000,0.000000,0.000022,0.000000,1,1,1,0,195.397598,1704.600464,33.332325,195.375000,1704.625000,33.250000,195.397598,1704.600464,33.332325,0.022598,-0.024536,0.082325,0.000000,0.000000,0.000000,0.000284,0.000000,1,1,1,0
152.837946,0.013221,0,4104,100.0,203.052383,1668.677124,39.640766,203.074982,1668.777588,39.598091,0.000000,0.000000,0.000000,0.000000,0.000000,0.000000,203.074982,1668.777588,30.598091,0.022598,0.100464,-0.042675,0.022598,0.100464,-0.042675,-0.000109,-0.000028,0.000020,0.000000,0.000000,0.000000,0,1,0,0,0,0,177.272598,1691.350464,32.457325,177.250000,1691.250000,32.500000,177.272598,1691.350464,32.457325,0.022598,0.100464,-0.042675,0.000000,0.000000,0.000000,0.000020,0.000000,1,1,1,0,195.397598,1704.600464,33.332325,195.375000,1704.500000,33.375000,195.397598,1704.600464,33.332325,0.022598,0.100464,-0.042675,0.000000,0.000000,0.000000,0.000046,0.000000,1,1,1,0
152.851641,0.013695,0,4104,100.0,203.074982,1668.777588,39.598091,202.972580,1668.753052,39.555416,0.000000,0.000000,0.000000,0.000000,0.000000,0.000000,202.972580,1668.753052,30.555416,-0.102402,-0.024536,-0.042675,-0.102402,-0.024536,-0.042675,-0.000109,-0.000028,0.000020,0.000000,0.000000,0.000000,0,1,0,0,0,0,177.272598,1691.350464,32.457325,177.375000,1691.375000,32.500000,177.272598,1691.350464,32.457325,-0.102402,-0.024536,-0.042675,0.000000,0.000000,0.000000,0.000000,0.000000,1,1,1,0,195.397598,1704.600464,33.332325,195.500000,1704.625000,33.375000,195.397598,1704.600464,33.332325,-0.102402,-0.024536,-0.042675,0.000000,0.000000,0.000000,0.000144,0.000000,1,1,1,0
152.865835,0.014194,0,4104,100.0,202.972580,1668.753052,39.555416,202.995178,1668.666016,39.637741,0.000000,0.000000,0.000000,0.000000,0.000000,0.000000,202.995178,1668.666016,30.637741,0.022598,-0.087036,0.082325,0.022598,-0.087036,0.082325,-0.000109,-0.000028,0.000020,0.000000,0.000000,0.000000,0,1,0,0,0,0,177.272598,1691.350464,32.457325,177.250000,1691.500000,32.375000,177.272598,1691.412964,32.457325,0.022598,-0.149536,0.082325,0.000000,0.000000,0.000000,0.000022,0.000000,1,1,1,0,195.397598,1704.600464,33.332325,195.375000,1704.625000,33.250000,195.397598,1704.537964,33.332325,0.022598,-0.024536,0.082325,0.000000,0.000000,0.000000,0.000004,0.000000,1,1,1,0
152.880135,0.014300,0,4104,100.0,202.995178,1668.666016,39.637741,203.017776,1668.703979,39.595066,0.000000,0.000000,0.000000,0.000000,0.000000,0.000000,203.017776,1668.703979,30.595066,0.022598,0.037964,-0.042675,0.022598,0.037964,-0.042675,-0.000109,-0.000028,0.000020,0.000000,0.000000,0.000000,0,1,0,0,0,0,177.272598,1691.412964,32.457325,177.250000,1691.375000,32.500000,177.272598,1691.412964,32.457325,0.022598,0.037964,-0.042675,0.000000,0.000000,0.000000,0.000000,0.000000,1,1,1,0,195.397598,1704.537964,33.332325,195.375000,1704.500000,33.375000,195.397598,1704.537964,33.332325,0.022598,0.037964,-0.042675,0.000000,0.000000,0.000000,0.000188,0.000000,1,1,1,0
152.893245,0.013110,0,4104,100.0,203.017776,1668.703979,39.595066,203.040375,1668.616943,39.552391,0.000000,0.000000,0.000000,0.000000,0.000000,0.000000,203.040375,1668.616943,30.552391,0.022598,-0.087036,-0.042675,0.022598,-0.087036,-0.042675,-0.000109,-0.000028,0.000020,0.000000,0.000000,0.000000,0,1,0,0,0,0,177.272598,1691.412964,32.457325,177.250000,1691.500000,32.500000,177.272598,1691.412964,32.457325,0.022598,-0.087036,-0.042675,0.000000,0.000000,0.000000,0.000000,0.000000,1,1,1,0,195.397598,1704.537964,33.332325,195.375000,1704.625000,33.375000,195.397598,1704.537964,33.332325,0.022598,-0.087036,-0.042675,0.000000,0.000000,0.000000,0.000095,0.000000,1,1,1,0
152.906923,0.013677,0,4104,100.0,203.040375,1668.616943,39.552391,203.062973,1668.654907,39.634716,0.000000,0.000000,0.000000,0.000000,0.000000,0.000000,203.062973,1668.654907,30.634716,0.022598,0.037964,0.082325,0.022598,0.037964,0.082325,-0.000109,-0.000028,0.000020,0.000000,0.000000,0.000000,0,1,0,0,0,0,177.272598,1691.412964,32.457325,177.250000,1691.375000,32.375000,177.272598,1691.412964,32.457325,0.022598,0.037964,0.082325,0.000000,0.000000,0.000000,0.000100,0.000000,1,1,1,0,195.397598,1704.537964,33.332325,195.375000,1704.500000,33.250000,195.397598,1704.537964,33.332325,0.022598,0.037964,0.082325,0.000000,0.000000,0.000000,0.000117,0.000000,1,1,1,0
152.921662,0.014739,0,4104,100.0,203.062973,1668.654907,39.634716,202.960571,1668.692871,39.592041,0.000000,0.000000,0.000000,0.000000,0.000000,0.000000,202.960571,1668.692871,30.592041,-0.102402,0.037964,-0.042675,-0.102402,0.037964,-0.042675,-0.000109,-0.000028,0.000020,0.000000,0.000000,0.000000,0,1,0,0,0,0,177.272598,1691.412964,32.457325,177.375000,1691.375000,32.500000,177.272598,1691.412964,32.457325,-0.102402,0.037964,-0.042675,0.000000,0.000000,0.000000,0.000006,0.000000,1,1,1,0,195.397598,1704.537964,33.332325,195.500000,1704.500000,33.375000,195.397598,1704.537964,33.332325,-0.102402,0.037964,-0.042675,0.000000,0.000000,0.000000,0.000028,0.000000,1,1,1,0
152.934828,0.013166,0,4104,100.0,202.960571,1668.692871,39.592041,202.983170,1668.605835,39.549366,0.000000,0.000000,0.000000,0.000000,0.000000,0.000000,202.983170,1668.605835,30.549366,0.022598,-0.087036,-0.042675,0.022598,-0.087036,-0.042675,-0.000109,-0.000028,0.000020,0.000000,0.000000,0.000000,0,1,0,0,0,0,177.272598,1691.412964,32.457325,177.250000,1691.500000,32.500000,177.272598,1691.412964,32.457325,0.022598,-0.087036,-0.042675,0.000000,0.000000,0.000000,0.000003,0.000000,1,1,1,0,195.397598,1704.537964,33.332325,195.375000,1704.625000,33.375000,195.397598,1704.537964,33.332325,0.022598,-0.087036,-0.042675,0.000000,0.000000,0.000000,0.000033,0.000000,1,1,1,0
152.948485,0.013658,0,4104,100.0,202.983170,1668.605835,39.549366,203.005768,1668.643799,39.631691,0.000000,0.000000,0.000000,0.000000,0.000000,0.000000,203.005768,1668.643799,30.631691,0.022598,0.037964,0.082325,0.022598,0.037964,0.082325,-0.000109,-0.000028,0.000020,0.000000,0.000000,0.000000,0,1,0,0,0,0,177.272598,1691.412964,32.457325,177.250000,1691.375000,32.375000,177.272598,1691.412964,32.457325,0.022598,0.037964,0.082325,0.000000,0.000000,0.000000,0.000188,0.000000,1,1,1,0,195.397598,1704.537964,33.332325,195.375000,1704.500000,33.250000,195.397598,1704.537964,33.332325,0.022598,0.037964,0.082325,0.000000,0.000000,0.000000,0.000046,0.000000,1,1,1,0
152.963255,0.014769,0,4104,100.0,203.005768,1668.643799,39.631691,203.028366,1668.681763,39.589016,0.000000,0.000000,0.000000,0.000000,0.000000,0.000000,203.028366,1668.681763,30.589016,0.022598,0.037964,-0.042675,0.022598,0.037964,-0.042675,-0.000109,-0.000028,0.000020,0.000000,0.000000,0.000000,0,1,0,0,0,0,177.272598,1691.412964,32.457325,177.250000,1691.375000,32.500000,177.272598,1691.412964,32.457325,0.022598,0.037964,-0.042675,0.000000,0.000000,0.000000,0.000002,0.000000,1,1,1,0,195.397598,1704.537964,33.332325,195.375000,1704.500000,33.375000,195.397598,1704.537964,33.332325,0.022598,0.037964,-0.042675,0.000000,0.000000,0.000000,0.000170,0.000000,1,1,1,0
152.977475,0.014220,0,4104,100.0,203.028366,1668.681763,39.589016,203.050964,1668.719727,39.546341,0.000000,0.000000,0.000000,0.000000,0.000000,0.000000,203.050964,1668.719727,30.546341,0.022598,0.037964,-0.042675,0.022598,0.037964,-0.042675,-0.000109,-0.000028,0.000020,0.000000,0.000000,0.000000,0,1,0,0,0,0,177.272598,1691.412964,32.457325,177.250000,1691.375000,32.500000,177.272598,1691.412964,32.457325,0.022598,0.037964,-0.042675,0.000000,0.000000,0.000000,0.000225,0.000000,1,1,1,0,195.397598,1704.537964,33.332325,195.375000,1704.500000,33.375000,195.397598,1704.537964,33.332325,0.022598,0.037964,-0.042675,0.000000,0.000000,0.000000,0.000004,0.000000,1,1,1,0
152.990187,0.012712,0,4104,100.0,203.050964,1668.719727,39.546341,203.073563,1668.632690,39.628666,0.000000,0.000000,0.000000,0.000000,0.000000,0.000000,203.073563,1668.632690,30.628666,0.022598,-0.087036,0.082325,0.022598,-0.087036,0.082325,-0.000109,-0.000028,0.000020,0.000000,0.000000,0.000000,0,1,0,0,0,0,177.272598,1691.412964,32.457325,177.250000,1691.500000,32.375000,177.272598,1691.412964,32.457325,0.022598,-0.087036,0.082325,0.000000,0.000000,0.000000,0.000100,0.000000,1,1,1,0,195.397598,1704.537964,33.332325,195.375000,1704.625000,33.250000,195.397598,1704.537964,33.332325,0.022598,-0.087036,0.082325,0.000000,0.000000,0.000000,0.000143,0.000000,1,1,1,0
153.003896,0.013710,0,4104,100.0,203.073563,1668.632690,39.628666,202.971161,1668.670654,39.585991,0.000000,0.000000,0.000000,0.000000,0.000000,0.000000,202.971161,1668.670654,30.585991,-0.102402,0.037964,-0.042675,-0.102402,0.037964,-0.042675,-0.000109,-0.000028,0.000020,0.000000,0.000000,0.000000,0,1,0,0,0,0,177.272598,1691.412964,32.457325,177.375000,1691.375000,32.500000,177.272598,1691.412964,32.457325,-0.102402,0.037964,-0.042675,0.000000,0.000000,0.000000,0.000000,0.000000,1,1,1,0,195.397598,1704.537964,33.332325,195.500000,1704.500000,33.375000,195.397598,1704.537964,33.332325,-0.102402,0.037964,-0.042675,0.000000,0.000000,0.000000,0.000050,0.000000,1,1,1,0
153.018066,0.014170,0,4104,100.0,202.971161,1668.670654,39.585991,202.993759,1668.708618,39.543316,0.000000,0.000000,0.000000,0.000000,0.000000,0.000000,202.993759,1668.708618,30.543316,0.022598,0.037964,-0.042675,0.022598,0.037964,-0.042675,-0.000109,-0.000028,0.000020,0.000000,0.000000,0.000000,0,1,0,0,0,0,177.272598,1691.412964,32.457325,177.250000,1691.375000,32.500000,177.272598,1691.412964,32.457325,0.022598,0.037964,-0.042675,0.000000,0.000000,0.000000,0.000021,0.000000,1,1,1,0,195.397598,1704.537964,33.332325,195.375000,1704.500000,33.375000,195.397598,1704.537964,33.332325,0.022598,0.037964,-0.042675,0.000000,0.000000,0.000000,0.000001,0.000000,1,1,1,0
153.033286,0.015220,0,4104,100.0,202.993759,1668.708618,39.543316,203.016357,1668.621582,39.625641,0.000000,0.000000,0.000000,0.000000,0.000000,0.000000,203.016357,1668.621582,30.625641,0.022598,-0.087036,0.082325,0.022598,-0.087036,0.082325,-0.000109,-0.000028,0.000020,0.000000,0.000000,0.000000,0,1,0,0,0,0,177.272598,1691.412964,32.457325,177.250000,1691.500000,32.375000,177.272598,1691.412964,32.457325,0.022598,-0.087036,0.082325,0.000000,0.000000,0.000000,0.000100,0.000000,1,1,1,0,195.397598,1704.537964,33.332325,195.375000,1704.625000,33.250000,195.397598,1704.537964,33.332325,0.022598,-0.087036,0.082325,0.000000,0.000000,0.000000,0.000050,0.000000,1,1,1,0
153.046959,0.013673,0,4104,100.0,203.016357,1668.621582,39.625641,203.038956,1668.659546,39.582966,0.000000,0.000000,0.000000,0.000000,0.000000,0.000000,203.038956,1668.659546,30.582966,0.022598,0.037964,-0.042675,0.022598,0.037964,-0.042675,-0.000109,-0.000028,0.000020,0.000000,0.000000,0.000000,0,1,0,0,0,0,177.272598,1691.412964,32.457325,177.250000,1691.375000,32.500000,177.272598,1691.412964,32.457325,0.022598,0.037964,-0.042675,0.000000,0.000000,0.000000,0.000105,0.000000,1,1,1,0,195.397598,1704.537964,33.332325,195.375000,1704.500000,33.375000,195.397598,1704.537964,33.332325,0.022598,0.037964,-0.042675,0.000000,0.000000,0.000000,0.000001,0.000000,1,1,1,0
153.060098,0.013140,0,4104,100.0,203.038956,1668.659546,39.582966,203.061554,1668.697510,39.540291,0.000000,0.000000,0.000000,0.000000,0.000000,0.000000,203.061554,1668.697510,30.540291,0.022598,0.037964,-0.042675,0.022598,0.037964,-0.042675,-0.000109,-0.000028,0.000020,0.000000,0.000000,0.000000,0,1,0,0,0,0,177.272598,1691.412964,32.457325,177.250000,1691.375000,32.500000,177.272598,1691.412964,32.457325,0.022598,0.037964,-0.042675,0.000000,0.000000,0.000000,0.000038,0.000000,1,1,1,0,195.397598,1704.537964,33.332325,195.375000,1704.500000,33.375000,195.397598,1704.537964,33.332325,0.022598,0.037964,-0.042675,0.000000,0.000000,0.000000,0.000190,0.000000,1,1,1,0
153.074285,0.014187,0,4104,100.0,203.061554,1668.697510,39.540291,203.084152,1668.610474,39.622616,0.000000,0.000000,0.000000,0.000000,0.000000,0.000000,203.084152,1668.610474,30.622616,0.022598,-0.087036,0.082325,0.022598,-0.087036,0.082325,-0.000109,-0.000028,0.000020,0.000000,0.000000,0.000000,0,1,0,0,0,0,177.272598,1691.412964,32.457325,177.250000,1691.500000,32.375000,177.272598,1691.412964,32.457325,0.022598,-0.087036,0.082325,0.000000,0.000000,0.000000,0.000052,0.000000,1,1,1,0,195.397598,1704.537964,33.332325,195.375000,1704.625000,33.250000,195.397598,1704.537964,33.332325,0.022598,-0.087036,0.082325,0.000000,0.000000,0.000000,0.000004,0.000000,1,1,1,0
153.087540,0.013255,0,4104,100.0,203.084152,1668.610474,39.622616,202.981750,1668.648438,39.579941,0.000000,0.000000,0.000000,0.000000,0.000000,0.000000,202.981750,1668.648438,30.579941,-0.102402,0.037964,-0.042675,-0.102402,0.037964,-0.042675,-0.000109,-0.000028,0.000020,0.000000,0.000000,0.000000,0,1,0,0,0,0,177.272598,1691.412964,32.457325,177.375000,1691.375000,32.500000,177.272598,1691.412964,32.457325,-0.102402,0.037964,-0.042675,0.000000,0.000000,0.000000,0.000146,0.000000,1,1,1,0,195.397598,1704.537964,33.332325,195.500000,1704.500000,33.375000,195.397598,1704.537964,33.332325,-0.102402,0.037964,-0.042675,0.000000,0.000000,0.000000,0.000004,0.000000,1,1,1,0
153.101719,0.014179,0,4104,100.0,202.981750,1668.648438,39.579941,203.004349,1668.686401,39.537266,0.000000,0.000000,0.000000,0.000000,0.000000,0.000000,203.004349,1668.686401,30.537266,0.022598,0.037964,-0.042675,0.022598,0.037964,-0.042675,-0.000109,-0.000028,0.000020,0.000000,0.000000,0.000000,0,1,0,0,0,0,177.272598,1691.412964,32.457325,177.250000,1691.375000,32.500000,177.272598,1691.412964,32.457325,0.022598,0.037964,-0.042675,0.000000,0.000000,0.000000,0.000002,0.000000,1,1,1,0,195.397598,1704.537964,33.332325,195.375000,1704.500000,33.375000,195.397598,1704.537964,33.332325,0.022598,0.037964,-0.042675,0.000000,0.000000,0.000000,0.000001,0.000000,1,1,1,0
153.115386,0.013667,0,4104,100.0,203.004349,1668.686401,39.537266,203.026947,1668.724365,39.619591,0.000000,0.000000,0.000000,0.000000,0.000000,0.000000,203.026947,1668.724365,30.619591,0.022598,0.037964,0.082325,0.022598,0.037964,0.082325,-0.000109,-0.000028,0.000020,0.000000,0.000000,0.000000,0,1,0,0,0,0,177.272598,1691.412964,32.457325,177.250000,1691.375000,32.375000,177.272598,1691.412964,32.457325,0.022598,0.037964,0.082325,0.000000,0.000000,0.000000,0.000026,0.000000,1,1,1,0,195.397598,1704.537964,33.332325,195.375000,1704.500000,33.250000,195.397598,1704.537964,33.332325,0.022598,0.037964,0.082325,0.000000,0.000000,0.000000,0.000117,0.000000,1,1,1,0
153.130064,0.014678,0,4104,100.0,203.026947,1668.724365,39.619591,203.049545,1668.637329,39.576916,0.000000,0.000000,0.000000,0.000000,0.000000,0.000000,203.049545,1668.637329,30.576916,0.022598,-0.087036,-0.042675,0.022598,-0.087036,-0.042675,-0.000109,-0.000028,0.000020,0.000000,0.000000,0.000000,0,1,0,0,0,0,177.272598,1691.412964,32.457325,177.250000,1691.500000,32.500000,177.272598,1691.412964,32.457325,0.022598,-0.087036,-0.042675,0.000000,0.000000,0.000000,0.000019,0.000000,1,1,1,0,195.397598,1704.537964,33.332325,195.375000,1704.625000,33.375000,195.397598,1704.537964,33.332325,0.022598,-0.087036,-0.042675,0.000000,0.000000,0.000000,0.000194,0.000000,1,1,1,0
153.143210,0.013146,0,4104,100.0,203.049545,1668.637329,39.576916,203.072144,1668.675293,39.534241,0.000000,0.000000,0.000000,0.000000,0.000000,0.000000,203.072144,1668.675293,30.534241,0.022598,0.037964,-0.042675,0.022598,0.037964,-0.042675,-0.000109,-0.000028,0.000020,0.000000,0.000000,0.000000,0,1,0,0,0,0,177.272598,1691.412964,32.457325,177.250000,1691.375000,32.500000,177.272598,1691.412964,32.457325,0.022598,0.037964,-0.042675,0.000000,0.000000,0.000000,0.000134,0.000000,1,1,1,0,195.397598,1704.537964,33.332325,195.375000,1704.500000,33.375000,195.397598,1704.537964,33.332325,0.022598,0.037964,-0.042675,0.000000,0.000000,0.000000,0.000033,0.000000,1,1,1,0
153.156870,0.013660,0,4104,100.0,203.072144,1668.675293,39.534241,202.969742,1668.713257,39.616566,0.000000,0.000000,0.000000,0.000000,0.000000,0.000000,202.969742,1668.713257,30.616566,-0.102402,0.037964,0.082325,-0.102402,0.037964,0.082325,-0.000109,-0.000028,0.000020,0.000000,0.000000,0.000000,0,1,0,0,0,0,177.272598,1691.412964,32.457325,177.375000,1691.375000,32.375000,177.272598,1691.412964,32.457325,-0.102402,0.037964,0.082325,0.000000,0.000000,0.000000,0.000104,0.000000,1,1,1,0,195.397598,1704.537964,33.332325,195.500000,1704.500000,33.250000,195.397598,1704.537964,33.332325,-0.102402,0.037964,0.082325,0.000000,0.000000,0.000000,0.000004,0.000000,1,1,1,0
153.171540,0.014670,0,4104,100.0,202.969742,1668.713257,39.616566,202.992340,1668.688721,39.573891,0.000000,0.000000,0.000000,0.000000,0.000000,0.000000,202.992340,1668.688721,30.573891,0.022598,-0.024536,-0.042675,0.022598,-0.024536,-0.042675,-0.000109,-0.000028,0.000020,0.000000,0.000000,0.000000,0,1,0,0,0,0,177.272598,1691.412964,32.457325,177.250000,1691.375000,32.500000,177.272598,1691.350464,32.457325,0.022598,0.037964,-0.042675,0.000000,0.000000,0.000000,0.000134,0.000000,1,1,1,0,195.397598,1704.537964,33.332325,195.375000,1704.625000,33.375000,195.397598,1704.600464,33.332325,0.022598,-0.087036,-0.042675,0.000000,0.000000,0.000000,0.000001,0.000000,1,1,1,0
153.185762,0.014222,0,4104,100.0,202.992340,1668.688721,39.573891,203.014938,1668.664185,39.531216,0.000000,0.000000,0.000000,0.000000,0.000000,0.000000,203.014938,1668.664185,30.531216,0.022598,-0.024536,-0.042675,0.022598,-0.024536,-0.042675,-0.000109,-0.000028,0.000020,0.000000,0.000000,0.000000,0,1,0,0,0,0,177.272598,1691.350464,32.457325,177.250000,1691.375000,32.500000,177.272598,1691.350464,32.457325,0.022598,-0.024536,-0.042675,0.000000,0.000000,0.000000,0.000006,0.000000,1,1,1,0,195.397598,1704.600464,33.332325,195.375000,1704.625000,33.375000,195.397598,1704.600464,33.332325,0.022598,-0.024536,-0.042675,0.000000,0.000000,0.000000,0.000117,0.000000,1,1,1,0
153.198492,0.012731,0,4104,100.0,203.014938,1668.664185,39.531216,203.037537,1668.764648,39.613541,0.000000,0.000000,0.000000,0.000000,0.000000,0.000000,203.037537,1668.764648,30.613541,0.022598,0.100464,0.082325,0.022598,0.100464,0.082325,-0.000109,-0.000028,0.000020,0.000000,0.000000,0.000000,0,1,0,0,0,0,177.272598,1691.350464,32.457325,177.250000,1691.250000,32.375000,177.272598,1691.350464,32.457325,0.022598,0.100464,0.082325,0.000000,0.000000,0.000000,0.000052,0.000000,1,1,1,0,195.397598,1704.600464,33.332325,195.375000,1704.500000,33.250000,195.397598,1704.600464,33.332325,0.022598,0.100464,0.082325,0.000000,0.000000,0.000000,0.000094,0.000000,1,1,1,0
153.213173,0.014680,0,4104,100.0,203.037537,1668.764648,39.613541,203.122635,1668.740112,39.570866,0.000000,0.000000,0.000000,0.000000,0.000000,0.000000,203.122635,1668.740112,30.570866,0.085098,-0.024536,-0.042675,0.085098,-0.024536,-0.042675,-0.000109,-0.000028,0.000020,0.000000,0.000000,0.000000,0,1,0,0,0,0,177.272598,1691.350464,32.457325,177.125000,1691.375000,32.500000,177.210098,1691.350464,32.457325,0.147598,-0.024536,-0.042675,0.000000,0.000000,0.000000,0.000000,0.000000,1,1,1,0,195.397598,1704.600464,33.332325,195.375000,1704.625000,33.375000,195.460098,1704.600464,33.332325,0.022598,-0.024536,-0.042675,0.000000,0.000000,0.000000,0.000004,0.000000,1,1,1,0
153.226322,0.013149,0,4104,100.0,203.122635,1668.740112,39.570866,203.082733,1668.715576,39.528191,0.000000,0.000000,0.000000,0.000000,0.000000,0.000000,203.082733,1668.715576,30.528191,-0.039902,-0.024536,-0.042675,-0.039902,-0.024536,-0.042675,-0.000109,-0.000028,0.000020,0.000000,0.000000,0.000000,0,1,0,0,0,0,177.210098,1691.350464,32.457325,177.250000,1691.375000,32.500000,177.210098,1691.350464,32.457325,-0.039902,-0.024536,-0.042675,0.000000,0.000000,0.000000,0.000145,0.000000,1,1,1,0,195.460098,1704.600464,33.332325,195.500000,1704.625000,33.375000,195.460098,1704.600464,33.332325,-0.039902,-0.024536,-0.042675,0.000000,0.000000,0.000000,0.000194,0.000000,1,1,1,0
153.241466,0.015144,0,4104,100.0,203.082733,1668.715576,39.528191,203.042831,1668.691040,39.610516,0.000000,0.000000,0.000000,0.000000,0.000000,0.000000,203.042831,1668.691040,30.610516,-0.039902,-0.024536,0.082325,-0.039902,-0.024536,0.082325,-0.000109,-0.000028,0.000020,0.000000,0.000000,0.000000,0,1,0,0,0,0,177.210098,1691.350464,32.457325,177.250000,1691.375000,32.375000,177.210098,1691.350464,32.457325,-0.039902,-0.024536,0.082325,0.000000,0.000000,0.000000,0.000052,0.000000,1,1,1,0,195.460098,1704.600464,33.332325,195.500000,1704.625000,33.250000,195.460098,1704.600464,33.332325,-0.039902,-0.024536,0.082325,0.000000,0.000000,0.000000,0.000033,0.000000,1,1,1,0
153.254664,0.013198,0,4104,100.0,203.042831,1668.691040,39.610516,203.127930,1668.666504,39.567841,0.000000,0.000000,0.000000,0.000000,0.000000,0.000000,203.127930,1668.666504,30.567841,0.085098,-0.024536,-0.042675,0.085098,-0.024536,-0.042675,-0.000109,-0.000028,0.000020,0.000000,0.000000,0.000000,0,1,0,0,0,0,177.210098,1691.350464,32.457325,177.125000,1691.375000,32.500000,177.210098,1691.350464,32.457325,0.085098,-0.024536,-0.042675,0.000000,0.000000,0.000000,0.000134,0.000000,1,1,1,0,195.460098,1704.600464,33.332325,195.375000,1704.625000,33.375000,195.460098,1704.600464,33.332325,0.085098,-0.024536,-0.042675,0.000000,0.000000,0.000000,0.000018,0.000000,1,1,1,0
153.270348,0.015684,0,4104,100.0,203.127930,1668.666504,39.567841,203.088028,1668.829468,39.525166,0.000000,0.000000,0.000000,0.000000,0.000000,0.000000,203.088028,1668.829468,30.525166,-0.039902,0.162964,-0.042675,-0.039902,0.162964,-0.042675,-0.000109,-0.000028,0.000020,0.000000,0.000000,0.000000,0,1,0,0,0,0,177.210098,1691.350464,32.457325,177.250000,1691.125000,32.500000,177.210098,1691.287964,32.457325,-0.039902,0.225464,-0.042675,0.000000,0.000000,0.000000,0.000188,0.000000,1,1,1,0,195.460098,1704.600464,33.332325,195.500000,1704.500000,33.375000,195.460098,1704.662964,33.332325,-0.039902,0.100464,-0.042675,0.000000,0.000000,0.000000,0.000004,0.000000,1,1,1,0
153.282507,0.012159,0,4104,100.0,203.088028,1668.829468,39.525166,203.048126,1668.742432,39.607491,0.000000,0.000000,0.000000,0.000000,0.000000,0.000000,203.048126,1668.742432,30.607491,-0.039902,-0.087036,0.082325,-0.039902,-0.087036,0.082325,-0.000109,-0.000028,0.000020,0.000000,0.000000,0.000000,0,1,0,0,0,0,177.210098,1691.287964,32.457325,177.250000,1691.375000,32.375000,177.210098,1691.287964,32.457325,-0.039902,-0.087036,0.082325,0.000000,0.000000,0.000000,0.000006,0.000000,1,1,1,0,195.460098,1704.662964,33.332325,195.500000,1704.750000,33.250000,195.460098,1704.662964,33.332325,-0.039902,-0.087036,0.082325,0.000000,0.000000,0.000000,0.000194,0.000000,1,1,1,0
153.296238,0.013731,0,4104,100.0,203.048126,1668.742432,39.607491,203.133224,1668.780396,39.564816,0.000000,0.000000,0.000000,0.000000,0.000000,0.000000,203.133224,1668.780396,30.564816,0.085098,0.037964,-0.042675,0.085098,0.037964,-0.042675,-0.000109,-0.000028,0.000020,0.000000,0.000000,0.000000,0,1,0,0,0,0,177.210098,1691.287964,32.457325,177.125000,1691.250000,32.500000,177.210098,1691.287964,32.457325,0.085098,0.037964,-0.042675,0.000000,0.000000,0.000000,0.000104,0.000000,1,1,1,0,195.460098,1704.662964,33.332325,195.375000,1704.625000,33.375000,195.460098,1704.662964,33.332325,0.085098,0.037964,-0.042675,0.000000,0.000000,0.000000,0.000001,0.000000,1,1,1,0
153.309369,0.013131,0,4104,100.0,203.133224,1668.780396,39.564816,203.093323,1668.818359,39.522141,0.000000,0.000000,0.000000,0.000000,0.000000,0.000000,203.093323,1668.818359,30.522141,-0.039902,0.037964,-0.042675,-0.039902,0.037964,-0.042675,-0.000109,-0.000028,0.000020,0.000000,0.000000,0.000000,0,1,0,0,0,0,177.210098,1691.287964,32.457325,177.250000,1691.250000,32.500000,177.210098,1691.287964,32.457325,-0.039902,0.037964,-0.042675,0.000000,0.000000,0.000000,0.000021,0.000000,1,1,1,0,195.460098,1704.662964,33.332325,195.500000,1704.625000,33.375000,195.460098,1704.662964,33.332325,-0.039902,0.037964,-0.042675,0.000000,0.000000,0.000000,0.000001,0.000000,1,1,1,0
153.324514,0.015145,0,4104,100.0,203.093323,1668.818359,39.522141,203.053421,1668.731323,39.541965,0.000000,0.000000,0.000000,0.000000,0.000000,0.000000,203.053421,1668.731323,30.541965,-0.039902,-0.087036,0.019825,-0.039902,-0.087036,0.019825,-0.000109,-0.000028,0.000020,0.000000,0.000000,0.000000,0,1,0,0,0,0,177.210098,1691.287964,32.457325,177.250000,1691.375000,32.500000,177.210098,1691.287964,32.519825,-0.039902,-0.087036,-0.042675,0.000000,0.000000,0.000000,0.000134,0.000000,1,1,1,0,195.460098,1704.662964,33.332325,195.500000,1704.750000,33.250000,195.460098,1704.662964,33.269825,-0.039902,-0.087036,0.082325,0.000000,0.000000,0.000000,0.000005,0.000000,1,1,1,0
153.337770,0.013256,0,4104,100.0,203.053421,1668.731323,39.541965,203.138519,1668.769287,39.561790,0.000000,0.000000,0.000000,0.000000,0.000000,0.000000,203.138519,1668.769287,30.561790,0.085098,0.037964,0.019825,0.085098,0.037964,0.019825,-0.000109,-0.000028,0.000020,0.000000,0.000000,0.000000,0,1,0,0,0,0,177.210098,1691.287964,32.519825,177.125000,1691.250000,32.500000,177.210098,1691.287964,32.519825,0.085098,0.037964,0.019825,0.000000,0.000000,0.000000,0.000145,0.000000,1,1,1,0,195.460098,1704.662964,33.269825,195.375000,1704.625000,33.250000,195.460098,1704.662964,33.269825,0.085098,0.037964,0.019825,0.000000,0.000000,0.000000,0.000143,0.000000,1,1,1,0
153.352418,0.014648,0,4104,100.0,203.138519,1668.769287,39.561790,203.098618,1668.807251,39.581615,0.000000,0.000000,0.000000,0.000000,0.000000,0.000000,203.098618,1668.807251,30.581615,-0.039902,0.037964,0.019825,-0.039902,0.037964,0.019825,-0.000109,-0.000028,0.000020,0.000000,0.000000,0.000000,0,1,0,0,0,0,177.210098,1691.287964,32.519825,177.250000,1691.250000,32.500000,177.210098,1691.287964,32.519825,-0.039902,0.037964,0.019825,0.000000,0.000000,0.000000,0.000000,0.000000,1,1,1,0,195.460098,1704.662964,33.269825,195.500000,1704.625000,33.250000,195.460098,1704.662964,33.269825,-0.039902,0.037964,0.019825,0.000000,0.000000,0.000000,0.000001,0.000000,1,1,1,0
153.366106,0.013688,0,4104,100.0,203.098618,1668.807251,39.581615,203.058716,1668.845215,39.538940,0.000000,0.000000,0.000000,0.000000,0.000000,0.000000,203.058716,1668.845215,30.538940,-0.039902,0.037964,-0.042675,-0.039902,0.037964,-0.042675,-0.000109,-0.000028,0.000020,0.000000,0.000000,0.000000,0,1,0,0,0,0,177.210098,1691.287964,32.519825,177.250000,1691.250000,32.500000,177.210098,1691.287964,32.457325,-0.039902,0.037964,0.019825,0.000000,0.000000,0.000000,0.000006,0.000000,1,1,1,0,195.460098,1704.662964,33.269825,195.500000,1704.625000,33.375000,195.460098,1704.662964,33.332325,-0.039902,0.037964,-0.105175,0.000000,0.000000,0.000000,0.000004,0.000000,1,1,1,0
153.378766,0.012660,0,4104,100.0,203.058716,1668.845215,39.538940,203.143814,1668.758179,39.621265,0.000000,0.000000,0.000000,0.000000,0.000000,0.000000,203.143814,1668.758179,30.621265,0.085098,-0.087036,0.082325,0.085098,-0.087036,0.082325,-0.000109,-0.000028,0.000020,0.000000,0.000000,0.000000,0,1,0,0,0,0,177.210098,1691.287964,32.457325,177.125000,1691.375000,32.375000,177.210098,1691.287964,32.457325,0.085098,-0.087036,0.082325,0.000000,0.000000,0.000000,0.000100,0.000000,1,1,1,0,195.460098,1704.662964,33.332325,195.375000,1704.750000,33.250000,195.460098,1704.662964,33.332325,0.085098,-0.087036,0.082325,0.000000,0.000000,0.000000,0.000190,0.000000,1,1,1,0
153.392953,0.014187,0,4104,100.0,203.143814,1668.758179,39.621265,203.103912,1668.858643,39.578590,0.000000,0.000000,0.000000,0.000000,0.000000,0.000000,203.103912,1668.858643,30.578590,-0.039902,0.100464,-0.042675,-0.039902,0.100464,-0.042675,-0.000109,-0.000028,0.000020,0.000000,0.000000,0.000000,0,1,0,0,0,0,177.210098,1691.287964,32.457325,177.250000,1691.125000,32.500000,177.210098,1691.225464,32.457325,-0.039902,0.162964,-0.042675,0.000000,0.000000,0.000000,0.000134,0.000000,1,1,1,0,195.460098,1704.662964,33.332325,195.500000,1704.625000,33.375000,195.460098,1704.725464,33.332325,-0.039902,0.037964,-0.042675,0.000000,0.000000,0.000000,0.000015,0.000000,1,1,1,0
153.407664,0.014711,0,4104,100.0,203.103912,1668.858643,39.578590,203.064011,1668.834106,39.473415,0.000000,0.000000,0.000000,0.000000,0.000000,0.000000,203.064011,1668.834106,30.473415,-0.039902,-0.024536,-0.105175,-0.039902,-0.024536,-0.105175,-0.000109,-0.000028,0.000020,0.000000,0.000000,0.000000,0,1,0,0,0,0,177.210098,1691.225464,32.457325,177.250000,1691.250000,32.625000,177.210098,1691.225464,32.519825,-0.039902,-0.024536,-0.167675,0.000000,0.000000,0.000000,0.000000,0.000000,1,1,1,0,195.460098,1704.725464,33.332325,195.500000,1704.750000,33.375000,195.460098,1704.725464,33.269825,-0.039902,-0.024536,-0.042675,0.000000,0.000000,0.000000,0.000170,0.000000,1,1,1,0
153.421386,0.013722,0,4104,100.0,203.064011,1668.834106,39.473415,203.024109,1668.809570,39.493240,0.000000,0.000000,0.000000,0.000000,0.000000,0.000000,203.024109,1668.809570,30.493240,-0.039902,-0.024536,0.019825,-0.039902,-0.024536,0.019825,-0.000109,-0.000028,0.000020,0.000000,0.000000,0.000000,0,1,0,0,0,0,177.210098,1691.225464,32.519825,177.250000,1691.250000,32.500000,177.210098,1691.225464,32.519825,-0.039902,-0.024536,0.019825,0.000000,0.000000,0.000000,0.000130,0.000000,1,1,1,0,195.460098,1704.725464,33.269825,195.500000,1704.750000,33.250000,195.460098,1704.725464,33.269825,-0.039902,-0.024536,0.019825,0.000000,0.000000,0.000000,0.000117,0.000000,1,1,1,0
153.435529,0.014143,0,4104,100.0,203.024109,1668.809570,39.493240,203.109207,1668.910034,39.513065,0.000000,0.000000,0.000000,0.000000,0.000000,0.000000,203.109207,1668.910034,30.513065,0.085098,0.100464,0.019825,0.085098,0.100464,0.019825,-0.000109,-0.000028,0.000020,0.000000,0.000000,0.000000,0,1,0,0,0,0,177.210098,1691.225464,32.519825,177.125000,1691.125000,32.500000,177.210098,1691.225464,32.519825,0.085098,0.100464,0.019825,0.000000,0.000000,0.000000,0.000052,0.000000,1,1,1,0,195.460098,1704.725464,33.269825,195.375000,1704.625000,33.250000,195.460098,1704.725464,33.269825,0.085098,0.100464,0.019825,0.000000,0.000000,0.000000,0.000001,0.000000,1,1,1,0
153.448805,0.013276,0,4104,100.0,203.109207,1668.910034,39.513065,203.069305,1668.885498,39.532890,0.000000,0.000000,0.000000,0.000000,0.000000,0.000000,203.069305,1668.885498,30.532890,-0.039902,-0.024536,0.019825,-0.039902,-0.024536,0.019825,-0.000109,-0.000028,0.000020,0.000000,0.000000,0.000000,0,1,0,0,0,0,177.210098,1691.225464,32.519825,177.250000,1691.250000,32.500000,177.210098,1691.225464,32.519825,-0.039902,-0.024536,0.019825,0.000000,0.000000,0.000000,0.000020,0.000000,1,1,1,0,195.460098,1704.725464,33.269825,195.500000,1704.750000,33.250000,195.460098,1704.725464,33.269825,-0.039902,-0.024536,0.019825,0.000000,0.000000,0.000000,0.000004,0.000000,1,1,1,0
153.462403,0.013598,0,4104,100.0,203.069305,1668.885498,39.532890,203.029404,1668.798462,39.552715,0.000000,0.000000,0.000000,0.000000,0.000000,0.000000,203.029404,1668.798462,30.552715,-0.039902,-0.087036,0.019825,-0.039902,-0.087036,0.019825,-0.000109,-0.000028,0.000020,0.000000,0.000000,0.000000,0,1,0,0,0,0,177.210098,1691.225464,32.519825,177.250000,1691.375000,32.500000,177.210098,1691.287964,32.519825,-0.039902,-0.149536,0.019825,0.000000,0.000000,0.000000,0.000038,0.000000,1,1,1,0,195.460098,1704.725464,33.269825,195.500000,1704.750000,33.250000,195.460098,1704.662964,33.269825,-0.039902,-0.024536,0.019825,0.000000,0.000000,0.000000,0.000027,0.000000,1,1,1,0
153.477572,0.015169,0,4104,100.0,203.029404,1668.798462,39.552715,203.114502,1668.836426,39.572540,0.000000,0.000000,0.000000,0.000000,0.000000,0.000000,203.114502,1668.836426,30.572540,0.085098,0.037964,0.019825,0.085098,0.037964,0.019825,-0.000109,-0.000028,0.000020,0.000000,0.000000,0.000000,0,1,0,0,0,0,177.210098,1691.287964,32.519825,177.125000,1691.250000,32.500000,177.210098,1691.287964,32.519825,0.085098,0.037964,0.019825,0.000000,0.000000,0.000000,0.000104,0.000000,1,1,1,0,195.460098,1704.662964,33.269825,195.375000,1704.625000,33.250000,195.460098,1704.662964,33.269825,0.085098,0.037964,0.019825,0.000000,0.000000,0.000000,0.000050,0.000000,1,1,1,0
153.490242,0.012669,0,4104,100.0,203.114502,1668.836426,39.572540,203.074600,1668.749390,39.467365,0.000000,0.000000,0.000000,0.000000,0.000000,0.000000,203.074600,1668.749390,30.467365,-0.039902,-0.087036,-0.105175,-0.039902,-0.087036,-0.105175,-0.000109,-0.000028,0.000020,0.000000,0.000000,0.000000,0,1,0,0,0,0,177.210098,1691.287964,32.519825,177.250000,1691.375000,32.625000,177.210098,1691.287964,32.519825,-0.039902,-0.087036,-0.105175,0.000000,0.000000,0.000000,0.000003,0.000000,1,1,1,0,195.460098,1704.662964,33.269825,195.500000,1704.750000,33.375000,195.460098,1704.662964,33.269825,-0.039902,-0.087036,-0.105175,0.000000,0.000000,0.000000,0.000117,0.000000,1,1,1,0
153.505472,0.015230,0,4104,100.0,203.074600,1668.749390,39.467365,203.034698,1668.787354,39.487190,0.000000,0.000000,0.000000,0.000000,0.000000,0.000000,203.034698,1668.787354,30.487190,-0.039902,0.037964,0.019825,-0.039902,0.037964,0.019825,-0.000109,-0.000028,0.000020,0.000000,0.000000,0.000000,0,1,0,0,0,0,177.210098,1691.287964,32.519825,177.250000,1691.250000,32.500000,177.210098,1691.287964,32.519825,-0.039902,0.037964,0.019825,0.000000,0.000000,0.000000,0.000006,0.000000,1,1,1,0,195.460098,1704.662964,33.269825,195.500000,1704.625000,33.250000,195.460098,1704.662964,33.269825,-0.039902,0.037964,0.019825,0.000000,0.000000,0.000000,0.000004,0.000000,1,1,1,0
153.518113,0.012641,0,4104,100.0,203.034698,1668.787354,39.487190,203.119797,1668.825317,39.507015,0.000000,0.000000,0.000000,0.000000,0.000000,0.000000,203.119797,1668.825317,30.507015,0.085098,0.037964,0.019825,0.085098,0.037964,0.019825,-0.000109,-0.000028,0.000020,0.000000,0.000000,0.000000,0,1,0,0,0,0,177.210098,1691.287964,32.519825,177.125000,1691.250000,32.500000,177.210098,1691.287964,32.519825,0.085098,0.037964,0.019825,0.000000,0.000000,0.000000,0.000015,0.000000,1,1,1,0,195.460098,1704.662964,33.269825,195.375000,1704.625000,33.250000,195.460098,1704.662964,33.269825,0.085098,0.037964,0.019825,0.000000,0.000000,0.000000,0.000004,0.000000,1,1,1,0
153.533377,0.015264,0,4104,100.0,203.119797,1668.825317,39.507015,203.079895,1668.738281,39.526840,0.000000,0.000000,0.000000,0.000000,0.000000,0.000000,203.079895,1668.738281,30.526840,-0.039902,-0.087036,0.019825,-0.039902,-0.087036,0.019825,-0.000109,-0.000028,0.000020,0.000000,0.000000,0.000000,0,1,0,0,0,0,177.210098,1691.287964,32.519825,177.250000,1691.375000,32.500000,177.210098,1691.287964,32.519825,-0.039902,-0.087036,0.019825,0.000000,0.000000,0.000000,0.000006,0.000000,1,1,1,0,195.460098,1704.662964,33.269825,195.500000,1704.750000,33.250000,195.460098,1704.662964,33.269825,-0.039902,-0.087036,0.019825,0.000000,0.000000,0.000000,0.000000,0.000000,1,1,1,0
153.546617,0.013239,0,4104,100.0,203.079895,1668.738281,39.526840,203.039993,1668.776245,39.546665,0.000000,0.000000,0.000000,0.000000,0.000000,0.000000,203.039993,1668.776245,30.546665,-0.039902,0.037964,0.019825,-0.039902,0.037964,0.019825,-0.000109,-0.000028,0.000020,0.000000,0.000000,0.000000,0,1,0,0,0,0,177.210098,1691.287964,32.519825,177.250000,1691.250000,32.500000,177.210098,1691.287964,32.519825,-0.039902,0.037964,0.019825,0.000000,0.000000,0.000000,0.000006,0.000000,1,1,1,0,195.460098,1704.662964,33.269825,195.500000,1704.625000,33.250000,195.460098,1704.662964,33.269825,-0.039902,0.037964,0.019825,0.000000,0.000000,0.000000,0.000292,0.000000,1,1,1,0
153.560155,0.013538,0,4104,100.0,203.039993,1668.776245,39.546665,203.125092,1668.814209,39.566490,0.000000,0.000000,0.000000,0.000000,0.000000,0.000000,203.125092,1668.814209,30.566490,0.085098,0.037964,0.019825,0.085098,0.037964,0.019825,-0.000109,-0.000028,0.000020,0.000000,0.000000,0.000000,0,1,0,0,0,0,177.210098,1691.287964,32.519825,177.125000,1691.250000,32.500000,177.210098,1691.287964,32.519825,0.085098,0.037964,0.019825,0.000000,0.000000,0.000000,0.000052,0.000000,1,1,1,0,195.460098,1704.662964,33.269825,195.375000,1704.625000,33.250000,195.460098,1704.662964,33.269825,0.085098,0.037964,0.019825,0.000000,0.000000,0.000000,0.000117,0.000000,1,1,1,0
153.573293,0.013138,0,4104,100.0,203.125092,1668.814209,39.566490,203.085190,1668.727173,39.461315,0.000000,0.000000,0.000000,0.000000,0.000000,0.000000,203.085190,1668.727173,30.461315,-0.039902,-0.087036,-0.105175,-0.039902,-0.087036,-0.105175,-0.000109,-0.000028,0.000020,0.000000,0.000000,0.000000,0,1,0,0,0,0,177.210098,1691.287964,32.519825,177.250000,1691.375000,32.625000,177.210098,1691.287964,32.519825,-0.039902,-0.087036,-0.105175,0.000000,0.000000,0.000000,0.000145,0.000000,1,1,1,0,195.460098,1704.662964,33.269825,195.500000,1704.750000,33.375000,195.460098,1704.662964,33.269825,-0.039902,-0.087036,-0.105175,0.000000,0.000000,0.000000,0.000012,0.000000,1,1,1,0
153.588030,0.014737,0,4104,100.0,203.085190,1668.727173,39.461315,203.045288,1668.765137,39.481140,0.000000,0.000000,0.000000,0.000000,0.000000,0.000000,203.045288,1668.765137,30.481140,-0.039902,0.037964,0.019825,-0.039902,0.037964,0.019825,-0.000109,-0.000028,0.000020,0.000000,0.000000,0.000000,0,1,0,0,0,0,177.210098,1691.287964,32.519825,177.250000,1691.250000,32.500000,177.210098,1691.287964,32.519825,-0.039902,0.037964,0.019825,0.000000,0.000000,0.000000,0.000210,0.000000,1,1,1,0,195.460098,1704.662964,33.269825,195.500000,1704.625000,33.250000,195.460098,1704.662964,33.269825,-0.039902,0.037964,0.019825,0.000000,0.000000,0.000000,0.000117,0.000000,1,1,1,0
153.601741,0.013711,0,4104,100.0,203.045288,1668.765137,39.481140,203.130386,1668.803101,39.500965,0.000000,0.000000,0.000000,0.000000,0.000000,0.000000,203.130386,1668.803101,30.500965,0.085098,0.037964,0.019825,0.085098,0.037964,0.019825,-0.000109,-0.000028,0.000020,0.000000,0.000000,0.000000,0,1,0,0,0,0,177.210098,1691.287964,32.519825,177.125000,1691.250000,32.500000,177.210098,1691.287964,32.519825,0.085098,0.037964,0.019825,0.000000,0.000000,0.000000,0.000019,0.000000,1,1,1,0,195.460098,1704.662964,33.269825,195.375000,1704.625000,33.250000,195.460098,1704.662964,33.269825,0.085098,0.037964,0.019825,0.000000,0.000000,0.000000,0.000143,0.000000,1,1,1,0
153.614900,0.013159,0,4104,100.0,203.130386,1668.803101,39.500965,203.090485,1668.778564,39.520790,0.000000,0.000000,0.000000,0.000000,0.000000,0.000000,203.090485,1668.778564,30.520790,-0.039902,-0.024536,0.019825,-0.039902,-0.024536,0.019825,-0.000109,-0.000028,0.000020,0.000000,0.000000,0.000000,0,1,0,0,0,0,177.210098,1691.287964,32.519825,177.250000,1691.375000,32.500000,177.210098,1691.350464,32.519825,-0.039902,-0.087036,0.019825,0.000000,0.000000,0.000000,0.000003,0.000000,1,1,1,0,195.460098,1704.662964,33.269825,195.500000,1704.625000,33.250000,195.460098,1704.600464,33.269825,-0.039902,0.037964,0.019825,0.000000,0.000000,0.000000,0.000117,0.000000,1,1,1,0
153.630096,0.015196,0,4104,100.0,203.090485,1668.778564,39.520790,203.050583,1668.754028,39.540615,0.000000,0.000000,0.000000,0.000000,0.000000,0.000000,203.050583,1668.754028,30.540615,-0.039902,-0.024536,0.019825,-0.039902,-0.024536,0.019825,-0.000109,-0.000028,0.000020,0.000000,0.000000,0.000000,0,1,0,0,0,0,177.210098,1691.350464,32.519825,177.250000,1691.375000,32.500000,177.210098,1691.350464,32.519825,-0.039902,-0.024536,0.019825,0.000000,0.000000,0.000000,0.000144,0.000000,1,1,1,0,195.460098,1704.600464,33.269825,195.500000,1704.625000,33.250000,195.460098,1704.600464,33.269825,-0.039902,-0.024536,0.019825,0.000000,0.000000,0.000000,0.000252,0.000000,1,1,1,0
153.643675,0.013579,0,4104,100.0,203.050583,1668.754028,39.540615,203.135681,1668.729492,39.560440,0.000000,0.000000,0.000000,0.000000,0.000000,0.000000,203.135681,1668.729492,30.560440,0.085098,-0.024536,0.019825,0.085098,-0.024536,0.019825,-0.000109,-0.000028,0.000020,0.000000,0.000000,0.000000,0,1,0,0,0,0,177.210098,1691.350464,32.519825,177.125000,1691.375000,32.500000,177.210098,1691.350464,32.519825,0.085098,-0.024536,0.019825,0.000000,0.000000,0.000000,0.000144,0.000000,1,1,1,0,195.460098,1704.600464,33.269825,195.375000,1704.625000,33.250000,195.460098,1704.600464,33.269825,0.085098,-0.024536,0.019825,0.000000,0.000000,0.000000,0.000001,0.000000,1,1,1,0
153.656667,0.012992,0,4104,100.0,203.135681,1668.729492,39.560440,203.095779,1668.704956,39.642765,0.000000,0.000000,0.000000,0.000000,0.000000,0.000000,203.095779,1668.704956,30.642765,-0.039902,-0.024536,0.082325,-0.039902,-0.024536,0.082325,-0.000109,-0.000028,0.000020,0.000000,0.000000,0.000000,0,1,0,0,0,0,177.210098,1691.350464,32.519825,177.250000,1691.375000,32.375000,177.210098,1691.350464,32.457325,-0.039902,-0.024536,0.144825,0.000000,0.000000,0.000000,0.000052,0.000000,1,1,1,0,195.460098,1704.600464,33.269825,195.500000,1704.625000,33.250000,195.460098,1704.600464,33.332325,-0.039902,-0.024536,0.019825,0.000000,0.000000,0.000000,0.000117,0.000000,1,1,1,0
153.671639,0.014972,0,4104,100.0,203.095779,1668.704956,39.642765,203.055878,1668.680420,39.600090,0.000000,0.000000,0.000000,0.000000,0.000000,0.000000,203.055878,1668.680420,30.600090,-0.039902,-0.024536,-0.042675,-0.039902,-0.024536,-0.042675,-0.000109,-0.000028,0.000020,0.000000,0.000000,0.000000,0,1,0,0,0,0,177.210098,1691.350464,32.457325,177.250000,1691.375000,32.500000,177.210098,1691.350464,32.457325,-0.039902,-0.024536,-0.042675,0.000000,0.000000,0.000000,0.000006,0.000000,1,1,1,0,195.460098,1704.600464,33.332325,195.500000,1704.625000,33.375000,195.460098,1704.600464,33.332325,-0.039902,-0.024536,-0.042675,0.000000,0.000000,0.000000,0.000004,0.000000,1,1,1,0
153.685869,0.014230,0,4104,100.0,203.055878,1668.680420,39.600090,203.140976,1668.780884,39.557415,0.000000,0.000000,0.000000,0.000000,0.000000,0.000000,203.140976,1668.780884,30.557415,0.085098,0.100464,-0.042675,0.085098,0.100464,-0.042675,-0.000109,-0.000028,0.000020,0.000000,0.000000,0.000000,0,1,0,0,0,0,177.210098,1691.350464,32.457325,177.125000,1691.250000,32.500000,177.210098,1691.350464,32.457325,0.085098,0.100464,-0.042675,0.000000,0.000000,0.000000,0.000040,0.000000,1,1,1,0,195.460098,1704.600464,33.332325,195.375000,1704.500000,33.375000,195.460098,1704.600464,33.332325,0.085098,0.100464,-0.042675,0.000000,0.000000,0.000000,0.000004,0.000000,1,1,1,0
153.698592,0.012723,0,4104,100.0,203.140976,1668.780884,39.557415,203.101074,1668.756348,39.639740,0.000000,0.000000,0.000000,0.000000,0.000000,0.000000,203.101074,1668.756348,30.639740,-0.039902,-0.024536,0.082325,-0.039902,-0.024536,0.082325,-0.000109,-0.000028,0.000020,0.000000,0.000000,0.000000,0,1,0,0,0,0,177.210098,1691.350464,32.457325,177.250000,1691.375000,32.375000,177.210098,1691.350464,32.457325,-0.039902,-0.024536,0.082325,0.000000,0.000000,0.000000,0.000067,0.000000,1,1,1,0,195.460098,1704.600464,33.332325,195.500000,1704.625000,33.250000,195.460098,1704.600464,33.332325,-0.039902,-0.024536,0.082325,0.000000,0.000000,0.000000,0.000033,0.000000,1,1,1,0
153.713323,0.014732,0,4104,100.0,203.101074,1668.756348,39.639740,203.061172,1668.731812,39.597065,0.000000,0.000000,0.000000,0.000000,0.000000,0.000000,203.061172,1668.731812,30.597065,-0.039902,-0.024536,-0.042675,-0.039902,-0.024536,-0.042675,-0.000109,-0.000028,0.000020,0.000000,0.000000,0.000000,0,1,0,0,0,0,177.210098,1691.350464,32.457325,177.250000,1691.375000,32.500000,177.210098,1691.350464,32.457325,-0.039902,-0.024536,-0.042675,0.000000,0.000000,0.000000,0.000010,0.000000,1,1,1,0,195.460098,1704.600464,33.332325,195.500000,1704.625000,33.375000,195.460098,1704.600464,33.332325,-0.039902,-0.024536,-0.042675,0.000000,0.000000,0.000000,0.000094,0.000000,1,1,1,0
153.727531,0.014207,0,4104,100.0,203.061172,1668.731812,39.597065,203.083771,1668.707275,39.554390,0.000000,0.000000,0.000000,0.000000,0.000000,0.000000,203.083771,1668.707275,30.554390,0.022598,-0.024536,-0.042675,0.022598,-0.024536,-0.042675,-0.000109,-0.000028,0.000020,0.000000,0.000000,0.000000,0,1,0,0,0,0,177.210098,1691.350464,32.457325,177.250000,1691.375000,32.500000,177.272598,1691.350464,32.457325,-0.039902,-0.024536,-0.042675,0.000000,0.000000,0.000000,0.000006,0.000000,1,1,1,0,195.460098,1704.600464,33.332325,195.375000,1704.625000,33.375000,195.397598,1704.600464,33.332325,0.085098,-0.024536,-0.042675,0.000000,0.000000,0.000000,0.000321,0.000000,1,1,1,0
153.740198,0.012667,0,4104,100.0,203.083771,1668.707275,39.554390,202.981369,1668.620239,39.636715,0.000000,0.000000,0.000000,0.000000,0.000000,0.000000,202.981369,1668.620239,30.636715,-0.102402,-0.087036,0.082325,-0.102402,-0.087036,0.082325,-0.000109,-0.000028,0.000020,0.000000,0.000000,0.000000,0,1,0,0,0,0,177.272598,1691.350464,32.457325,177.375000,1691.500000,32.375000,177.272598,1691.412964,32.457325,-0.102402,-0.149536,0.082325,0.000000,0.000000,0.000000,0.000006,0.000000,1,1,1,0,195.397598,1704.600464,33.332325,195.500000,1704.625000,33.250000,195.397598,1704.537964,33.332325,-0.102402,-0.024536,0.082325,0.000000,0.000000,0.000000,0.000004,0.000000,1,1,1,0
153.753870,0.013672,0,4104,100.0,202.981369,1668.620239,39.636715,203.003967,1668.658203,39.594040,0.000000,0.000000,0.000000,0.000000,0.000000,0.000000,203.003967,1668.658203,30.594040,0.022598,0.037964,-0.042675,0.022598,0.037964,-0.042675,-0.000109,-0.000028,0.000020,0.000000,0.000000,0.000000,0,1,0,0,0,0,177.272598,1691.412964,32.457325,177.250000,1691.375000,32.500000,177.272598,1691.412964,32.457325,0.022598,0.037964,-0.042675,0.000000,0.000000,0.000000,0.000002,0.000000,1,1,1,0,195.397598,1704.537964,33.332325,195.375000,1704.500000,33.375000,195.397598,1704.537964,33.332325,0.022598,0.037964,-0.042675,0.000000,0.000000,0.000000,0.000004,0.000000,1,1,1,0
153.768055,0.014185,0,4104,100.0,203.003967,1668.658203,39.594040,203.026566,1668.696167,39.551365,0.000000,0.000000,0.000000,0.000000,0.000000,0.000000,203.026566,1668.696167,30.551365,0.022598,0.037964,-0.042675,0.022598,0.037964,-0.042675,-0.000109,-0.000028,0.000020,0.000000,0.000000,0.000000,0,1,0,0,0,0,177.272598,1691.412964,32.457325,177.250000,1691.375000,32.500000,177.272598,1691.412964,32.457325,0.022598,0.037964,-0.042675,0.000000,0.000000,0.000000,0.000188,0.000000,1,1,1,0,195.397598,1704.537964,33.332325,195.375000,1704.500000,33.375000,195.397598,1704.537964,33.332325,0.022598,0.037964,-0.042675,0.000000,0.000000,0.000000,0.000001,0.000000,1,1,1,0
153.781734,0.013679,0,4104,100.0,203.026566,1668.696167,39.551365,203.049164,1668.609131,39.633690,0.000000,0.000000,0.000000,0.000000,0.000000,0.000000,203.049164,1668.609131,30.633690,0.022598,-0.087036,0.082325,0.022598,-0.087036,0.082325,-0.000109,-0.000028,0.000020,0.000000,0.000000,0.000000,0,1,0,0,0,0,177.272598,1691.412964,32.457325,177.250000,1691.500000,32.375000,177.272598,1691.412964,32.457325,0.022598,-0.087036,0.082325,0.000000,0.000000,0.000000,0.000006,0.000000,1,1,1,0,195.397598,1704.537964,33.332325,195.375000,1704.625000,33.250000,195.397598,1704.537964,33.332325,0.022598,-0.087036,0.082325,0.000000,0.000000,0.000000,0.000004,0.000000,1,1,1,0
153.796970,0.015236,0,4104,100.0,203.049164,1668.609131,39.633690,203.071762,1668.647095,39.591015,0.000000,0.000000,0.000000,0.000000,0.000000,0.000000,203.071762,1668.647095,30.591015,0.022598,0.037964,-0.042675,0.022598,0.037964,-0.042675,-0.000109,-0.000028,0.000020,0.000000,0.000000,0.000000,0,1,0,0,0,0,177.272598,1691.412964,32.457325,177.250000,1691.375000,32.500000,177.272598,1691.412964,32.457325,0.022598,0.037964,-0.042675,0.000000,0.000000,0.000000,0.000134,0.000000,1,1,1,0,195.397598,1704.537964,33.332325,195.375000,1704.500000,33.375000,195.397598,1704.537964,33.332325,0.022598,0.037964,-0.042675,0.000000,0.000000,0.000000,0.000028,0.000000,1,1,1,0
153.810128,0.013158,0,4104,100.0,203.071762,1668.647095,39.591015,202.969360,1668.685059,39.548340,0.000000,0.000000,0.000000,0.000000,0.000000,0.000000,202.969360,1668.685059,30.548340,-0.102402,0.037964,-0.042675,-0.102402,0.037964,-0.042675,-0.000109,-0.000028,0.000020,0.000000,0.000000,0.000000,0,1,0,0,0,0,177.272598,1691.412964,32.457325,177.375000,1691.375000,32.500000,177.272598,1691.412964,32.457325,-0.102402,0.037964,-0.042675,0.000000,0.000000,0.000000,0.000144,0.000000,1,1,1,0,195.397598,1704.537964,33.332325,195.500000,1704.500000,33.375000,195.397598,1704.537964,33.332325,-0.102402,0.037964,-0.042675,0.000000,0.000000,0.000000,0.000086,0.000000,1,1,1,0
153.824767,0.014639,0,4104,100.0,202.969360,1668.685059,39.548340,202.991959,1668.723022,39.630665,0.000000,0.000000,0.000000,0.000000,0.000000,0.000000,202.991959,1668.723022,30.630665,0.022598,0.037964,0.082325,0.022598,0.037964,0.082325,-0.000109,-0.000028,0.000020,0.000000,0.000000,0.000000,0,1,0,0,0,0,177.272598,1691.412964,32.457325,177.250000,1691.375000,32.375000,177.272598,1691.412964,32.457325,0.022598,0.037964,0.082325,0.000000,0.000000,0.000000,0.000002,0.000000,1,1,1,0,195.397598,1704.537964,33.332325,195.375000,1704.500000,33.250000,195.397598,1704.537964,33.332325,0.022598,0.037964,0.082325,0.000000,0.000000,0.000000,0.000001,0.000000,1,1,1,0
153.837985,0.013218,0,4104,100.0,202.991959,1668.723022,39.630665,203.014557,1668.635986,39.587990,0.000000,0.000000,0.000000,0.000000,0.000000,0.000000,203.014557,1668.635986,30.587990,0.022598,-0.087036,-0.042675,0.022598,-0.087036,-0.042675,-0.000109,-0.000028,0.000020,0.000000,0.000000,0.000000,0,1,0,0,0,0,177.272598,1691.412964,32.457325,177.250000,1691.500000,32.500000,177.272598,1691.412964,32.457325,0.022598,-0.087036,-0.042675,0.000000,0.000000,0.000000,0.000277,0.000000,1,1,1,0,195.397598,1704.537964,33.332325,195.375000,1704.625000,33.375000,195.397598,1704.537964,33.332325,0.022598,-0.087036,-0.042675,0.000000,0.000000,0.000000,0.000086,0.000000,1,1,1,0
153.851632,0.013647,0,4104,100.0,203.014557,1668.635986,39.587990,203.037155,1668.673950,39.545315,0.000000,0.000000,0.000000,0.000000,0.000000,0.000000,203.037155,1668.673950,30.545315,0.022598,0.037964,-0.042675,0.022598,0.037964,-0.042675,-0.000109,-0.000028,0.000020,0.000000,0.000000,0.000000,0,1,0,0,0,0,177.272598,1691.412964,32.457325,177.250000,1691.375000,32.500000,177.272598,1691.412964,32.457325,0.022598,0.037964,-0.042675,0.000000,0.000000,0.000000,0.000019,0.000000,1,1,1,0,195.397598,1704.537964,33.332325,195.375000,1704.500000,33.375000,195.397598,1704.537964,33.332325,0.022598,0.037964,-0.042675,0.000000,0.000000,0.000000,0.000117,0.000000,1,1,1,0
153.866331,0.014698,0,4104,100.0,203.037155,1668.673950,39.545315,203.059753,1668.711914,39.627640,0.000000,0.000000,0.000000,0.000000,0.000000,0.000000,203.059753,1668.711914,30.627640,0.022598,0.037964,0.082325,0.022598,0.037964,0.082325,-0.000109,-0.000028,0.000020,0.000000,0.000000,0.000000,0,1,0,0,0,0,177.272598,1691.412964,32.457325,177.250000,1691.375000,32.375000,177.272598,1691.412964,32.457325,0.022598,0.037964,0.082325,0.000000,0.000000,0.000000,0.000144,0.000000,1,1,1,0,195.397598,1704.537964,33.332325,195.375000,1704.500000,33.250000,195.397598,1704.537964,33.332325,0.022598,0.037964,0.082325,0.000000,0.000000,0.000000,0.000001,0.000000,1,1,1,0
153.880059,0.013729,0,4104,100.0,203.059753,1668.711914,39.627640,203.082352,1668.624878,39.584965,0.000000,0.000000,0.000000,0.000000,0.000000,0.000000,203.082352,1668.624878,30.584965,0.022598,-0.087036,-0.042675,0.022598,-0.087036,-0.042675,-0.000109,-0.000028,0.000020,0.000000,0.000000,0.000000,0,1,0,0,0,0,177.272598,1691.412964,32.457325,177.250000,1691.500000,32.500000,177.272598,1691.412964,32.457325,0.022598,-0.087036,-0.042675,0.000000,0.000000,0.000000,0.000052,0.000000,1,1,1,0,195.397598,1704.537964,33.332325,195.375000,1704.625000,33.375000,195.397598,1704.537964,33.332325,0.022598,-0.087036,-0.042675,0.000000,0.000000,0.000000,0.000033,0.000000,1,1,1,0
153.893183,0.013124,0,4104,100.0,203.082352,1668.624878,39.584965,202.979950,1668.662842,39.542290,0.000000,0.000000,0.000000,0.000000,0.000000,0.000000,202.979950,1668.662842,30.542290,-0.102402,0.037964,-0.042675,-0.102402,0.037964,-0.042675,-0.000109,-0.000028,0.000020,0.000000,0.000000,0.000000,0,1,0,0,0,0,177.272598,1691.412964,32.457325,177.375000,1691.375000,32.500000,177.272598,1691.412964,32.457325,-0.102402,0.037964,-0.042675,0.000000,0.000000,0.000000,0.000000,0.000000,1,1,1,0,195.397598,1704.537964,33.332325,195.500000,1704.500000,33.375000,195.397598,1704.537964,33.332325,-0.102402,0.037964,-0.042675,0.000000,0.000000,0.000000,0.000004,0.000000,1,1,1,0
153.906847,0.013664,0,4104,100.0,202.979950,1668.662842,39.542290,203.002548,1668.700806,39.624615,0.000000,0.000000,0.000000,0.000000,0.000000,0.000000,203.002548,1668.700806,30.624615,0.022598,0.037964,0.082325,0.022598,0.037964,0.082325,-0.000109,-0.000028,0.000020,0.000000,0.000000,0.000000,0,1,0,0,0,0,177.272598,1691.412964,32.457325,177.250000,1691.375000,32.375000,177.272598,1691.412964,32.457325,0.022598,0.037964,0.082325,0.000000,0.000000,0.000000,0.000025,0.000000,1,1,1,0,195.397598,1704.537964,33.332325,195.375000,1704.500000,33.250000,195.397598,1704.537964,33.332325,0.022598,0.037964,0.082325,0.000000,0.000000,0.000000,0.000020,0.000000,1,1,1,0
153.921552,0.014705,0,4104,100.0,203.002548,1668.700806,39.624615,203.025146,1668.613770,39.581940,0.000000,0.000000,0.000000,0.000000,0.000000,0.000000,203.025146,1668.613770,30.581940,0.022598,-0.087036,-0.042675,0.022598,-0.087036,-0.042675,-0.000109,-0.000028,0.000020,0.000000,0.000000,0.000000,0,1,0,0,0,0,177.272598,1691.412964,32.457325,177.250000,1691.500000,32.500000,177.272598,1691.412964,32.457325,0.022598,-0.087036,-0.042675,0.000000,0.000000,0.000000,0.000192,0.000000,1,1,1,0,195.397598,1704.537964,33.332325,195.375000,1704.625000,33.375000,195.397598,1704.537964,33.332325,0.022598,-0.087036,-0.042675,0.000000,0.000000,0.000000,0.000143,0.000000,1,1,1,0
153.935704,0.014152,0,4104,100.0,203.025146,1668.613770,39.581940,203.047745,1668.651733,39.539265,0.000000,0.000000,0.000000,0.000000,0.000000,0.000000,203.047745,1668.651733,30.539265,0.022598,0.037964,-0.042675,0.022598,0.037964,-0.042675,-0.000109,-0.000028,0.000020,0.000000,0.000000,0.000000,0,1,0,0,0,0,177.272598,1691.412964,32.457325,177.250000,1691.375000,32.500000,177.272598,1691.412964,32.457325,0.022598,0.037964,-0.042675,0.000000,0.000000,0.000000,0.000000,0.000000,1,1,1,0,195.397598,1704.537964,33.332325,195.375000,1704.500000,33.375000,195.397598,1704.537964,33.332325,0.022598,0.037964,-0.042675,0.000000,0.000000,0.000000,0.000033,0.000000,1,1,1,0
153.948415,0.012711,0,4104,100.0,203.047745,1668.651733,39.539265,203.070343,1668.689697,39.621590,0.000000,0.000000,0.000000,0.000000,0.000000,0.000000,203.070343,1668.689697,30.621590,0.022598,0.037964,0.082325,0.022598,0.037964,0.082325,-0.000109,-0.000028,0.000020,0.000000,0.000000,0.000000,0,1,0,0,0,0,177.272598,1691.412964,32.457325,177.250000,1691.375000,32.375000,177.272598,1691.412964,32.457325,0.022598,0.037964,0.082325,0.000000,0.000000,0.000000,0.000000,0.000000,1,1,1,0,195.397598,1704.537964,33.332325,195.375000,1704.500000,33.250000,195.397598,1704.537964,33.332325,0.022598,0.037964,0.082325,0.000000,0.000000,0.000000,0.000203,0.000000,1,1,1,0
153.963137,0.014722,0,4104,100.0,203.070343,1668.689697,39.621590,202.967941,1668.602661,39.578915,0.000000,0.000000,0.000000,0.000000,0.000000,0.000000,202.967941,1668.602661,30.578915,-0.102402,-0.087036,-0.042675,-0.102402,-0.087036,-0.042675,-0.000109,-0.000028,0.000020,0.000000,0.000000,0.000000,0,1,0,0,0,0,177.272598,1691.412964,32.457325,177.375000,1691.500000,32.500000,177.272598,1691.412964,32.457325,-0.102402,-0.087036,-0.042675,0.000000,0.000000,0.000000,0.000000,0.000000,1,1,1,0,195.397598,1704.537964,33.332325,195.500000,1704.625000,33.375000,195.397598,1704.537964,33.332325,-0.102402,-0.087036,-0.042675,0.000000,0.000000,0.000000,0.000194,0.000000,1,1,1,0
153.976287,0.013150,0,4104,100.0,202.967941,1668.602661,39.578915,202.990540,1668.640625,39.536240,0.000000,0.000000,0.000000,0.000000,0.000000,0.000000,202.990540,1668.640625,30.536240,0.022598,0.037964,-0.042675,0.022598,0.037964,-0.042675,-0.000109,-0.000028,0.000020,0.000000,0.000000,0.000000,0,1,0,0,0,0,177.272598,1691.412964,32.457325,177.250000,1691.375000,32.500000,177.272598,1691.412964,32.457325,0.022598,0.037964,-0.042675,0.000000,0.000000,0.000000,0.000052,0.000000,1,1,1,0,195.397598,1704.537964,33.332325,195.375000,1704.500000,33.375000,195.397598,1704.537964,33.332325,0.022598,0.037964,-0.042675,0.000000,0.000000,0.000000,0.000046,0.000000,1,1,1,0
153.991514,0.015227,0,4104,100.0,202.990540,1668.640625,39.536240,203.013138,1668.678589,39.618565,0.000000,0.000000,0.000000,0.000000,0.000000,0.000000,203.013138,1668.678589,30.618565,0.022598,0.037964,0.082325,0.022598,0.037964,0.082325,-0.000109,-0.000028,0.000020,0.000000,0.000000,0.000000,0,1,0,0,0,0,177.272598,1691.412964,32.457325,177.250000,1691.375000,32.375000,177.272598,1691.412964,32.457325,0.022598,0.037964,0.082325,0.000000,0.000000,0.000000,0.000052,0.000000,1,1,1,0,195.397598,1704.537964,33.332325,195.375000,1704.500000,33.250000,195.397598,1704.537964,33.332325,0.022598,0.037964,0.082325,0.000000,0.000000,0.000000,0.000046,0.000000,1,1,1,0
154.004859,0.013344,0,4104,100.0,203.013138,1668.678589,39.618565,203.035736,1668.716553,39.575890,0.000000,0.000000,0.000000,0.000000,0.000000,0.000000,203.035736,1668.716553,30.575890,0.022598,0.037964,-0.042675,0.022598,0.037964,-0.042675,-0.000109,-0.000028,0.000020,0.000000,0.000000,0.000000,0,1,0,0,0,0,177.272598,1691.412964,32.457325,177.250000,1691.375000,32.500000,177.272598,1691.412964,32.457325,0.022598,0.037964,-0.042675,0.000000,0.000000,0.000000,0.000052,0.000000,1,1,1,0,195.397598,1704.537964,33.332325,195.375000,1704.500000,33.375000,195.397598,1704.537964,33.332325,0.022598,0.037964,-0.042675,0.000000,0.000000,0.000000,0.000046,0.000000,1,1,1,0
154.018693,0.013834,0,4104,100.0,203.035736,1668.716553,39.575890,203.058334,1668.629517,39.533215,0.000000,0.000000,0.000000,0.000000,0.000000,0.000000,203.058334,1668.629517,30.533215,0.022598,-0.087036,-0.042675,0.022598,-0.087036,-0.042675,-0.000109,-0.000028,0.000020,0.000000,0.000000,0.000000,0,1,0,0,0,0,177.272598,1691.412964,32.457325,177.250000,1691.500000,32.500000,177.272598,1691.412964,32.457325,0.022598,-0.087036,-0.042675,0.000000,0.000000,0.000000,0.000052,0.000000,1,1,1,0,195.397598,1704.537964,33.332325,195.375000,1704.625000,33.375000,195.397598,1704.537964,33.332325,0.022598,-0.087036,-0.042675,0.000000,0.000000,0.000000,0.000046,0.000000,1,1,1,0
154.032483,0.013790,0,4104,100.0,203.058334,1668.629517,39.533215,203.080933,1668.667480,39.615540,0.000000,0.000000,0.000000,0.000000,0.000000,0.000000,203.080933,1668.667480,30.615540,0.022598,0.037964,0.082325,0.022598,0.037964,0.082325,-0.000109,-0.000028,0.000020,0.000000,0.000000,0.000000,0,1,0,0,0,0,177.272598,1691.412964,32.457325,177.250000,1691.375000,32.375000,177.272598,1691.412964,32.457325,0.022598,0.037964,0.082325,0.000000,0.000000,0.000000,0.000052,0.000000,1,1,1,0,195.397598,1704.537964,33.332325,195.375000,1704.500000,33.250000,195.397598,1704.537964,33.332325,0.022598,0.037964,0.082325,0.000000,0.000000,0.000000,0.000046,0.000000,1,1,1,0
154.046241,0.013758,0,4104,100.0,203.080933,1668.667480,39.615540,202.978531,1668.705444,39.572865,0.000000,0.000000,0.000000,0.000000,0.000000,0.000000,202.978531,1668.705444,30.572865,-0.102402,0.037964,-0.042675,-0.102402,0.037964,-0.042675,-0.000109,-0.000028,0.000020,0.000000,0.000000,0.000000,0,1,0,0,0,0,177.272598,1691.412964,32.457325,177.375000,1691.375000,32.500000,177.272598,1691.412964,32.457325,-0.102402,0.037964,-0.042675,0.000000,0.000000,0.000000,0.000052,0.000000,1,1,1,0,195.397598,1704.537964,33.332325,195.500000,1704.500000,33.375000,195.397598,1704.537964,33.332325,-0.102402,0.037964,-0.042675,0.000000,0.000000,0.000000,0.000046,0.000000,1,1,1,0
154.060164,0.013923,0,4104,100.0,202.978531,1668.705444,39.572865,203.001129,1668.618408,39.530190,0.000000,0.000000,0.000000,0.000000,0.000000,0.000000,203.001129,1668.618408,30.530190,0.022598,-0.087036,-0.042675,0.022598,-0.087036,-0.042675,-0.000109,-0.000028,0.000020,0.000000,0.000000,0.000000,0,1,0,0,0,0,177.272598,1691.412964,32.457325,177.250000,1691.500000,32.500000,177.272598,1691.412964,32.457325,0.022598,-0.087036,-0.042675,0.000000,0.000000,0.000000,0.000052,0.000000,1,1,1,0,195.397598,1704.537964,33.332325,195.375000,1704.625000,33.375000,195.397598,1704.537964,33.332325,0.022598,-0.087036,-0.042675,0.000000,0.000000,0.000000,0.000046,0.000000,1,1,1,0
154.074423,0.014259,0,4104,100.0,203.001129,1668.618408,39.530190,203.023727,1668.656372,39.612514,0.000000,0.000000,0.000000,0.000000,0.000000,0.000000,203.023727,1668.656372,30.612514,0.022598,0.037964,0.082325,0.022598,0.037964,0.082325,-0.000109,-0.000028,0.000020,0.000000,0.000000,0.000000,0,1,0,0,0,0,177.272598,1691.412964,32.457325,177.250000,1691.375000,32.375000,177.272598,1691.412964,32.457325,0.022598,0.037964,0.082325,0.000000,0.000000,0.000000,0.000052,0.000000,1,1,1,0,195.397598,1704.537964,33.332325,195.375000,1704.500000,33.250000,195.397598,1704.537964,33.332325,0.022598,0.037964,0.082325,0.000000,0.000000,0.000000,0.000046,0.000000,1,1,1,0
154.088250,0.013826,0,4104,100.0,203.023727,1668.656372,39.612514,203.046326,1668.694336,39.569839,0.000000,0.000000,0.000000,0.000000,0.000000,0.000000,203.046326,1668.694336,30.569839,0.022598,0.037964,-0.042675,0.022598,0.037964,-0.042675,-0.000109,-0.000028,0.000020,0.000000,0.000000,0.000000,0,1,0,0,0,0,177.272598,1691.412964,32.457325,177.250000,1691.375000,32.500000,177.272598,1691.412964,32.457325,0.022598,0.037964,-0.042675,0.000000,0.000000,0.000000,0.000052,0.000000,1,1,1,0,195.397598,1704.537964,33.332325,195.375000,1704.500000,33.375000,195.397598,1704.537964,33.332325,0.022598,0.037964,-0.042675,0.000000,0.000000,0.000000,0.000046,0.000000,1,1,1,0
154.102409,0.014159,0,4104,100.0,203.046326,1668.694336,39.569839,203.068924,1668.607300,39.527164,0.000000,0.000000,0.000000,0.000000,0.000000,0.000000,203.068924,1668.607300,30.527164,0.022598,-0.087036,-0.042675,0.022598,-0.087036,-0.042675,-0.000109,-0.000028,0.000020,0.000000,0.000000,0.000000,0,1,0,0,0,0,177.272598,1691.412964,32.457325,177.250000,1691.500000,32.500000,177.272598,1691.412964,32.457325,0.022598,-0.087036,-0.042675,0.000000,0.000000,0.000000,0.000052,0.000000,1,1,1,0,195.397598,1704.537964,33.332325,195.375000,1704.625000,33.375000,195.397598,1704.537964,33.332325,0.022598,-0.087036,-0.042675,0.000000,0.000000,0.000000,0.000046,0.000000,1,1,1,0
154.116075,0.013666,0,4104,100.0,203.068924,1668.607300,39.527164,202.966522,1668.645264,39.609489,0.000000,0.000000,0.000000,0.000000,0.000000,0.000000,202.966522,1668.645264,30.609489,-0.102402,0.037964,0.082325,-0.102402,0.037964,0.082325,-0.000109,-0.000028,0.000020,0.000000,0.000000,0.000000,0,1,0,0,0,0,177.272598,1691.412964,32.457325,177.375000,1691.375000,32.375000,177.272598,1691.412964,32.457325,-0.102402,0.037964,0.082325,0.000000,0.000000,0.000000,0.000052,0.000000,1,1,1,0,195.397598,1704.537964,33.332325,195.500000,1704.500000,33.250000,195.397598,1704.537964,33.332325,-0.102402,0.037964,0.082325,0.000000,0.000000,0.000000,0.000046,0.000000,1,1,1,0
154.129296,0.013221,0,4104,100.0,202.966522,1668.645264,39.609489,202.989120,1668.683228,39.566814,0.000000,0.000000,0.000000,0.000000,0.000000,0.000000,202.989120,1668.683228,30.566814,0.022598,0.037964,-0.042675,0.022598,0.037964,-0.042675,-0.000109,-0.000028,0.000020,0.000000,0.000000,0.000000,0,1,0,0,0,0,177.272598,1691.412964,32.457325,177.250000,1691.375000,32.500000,177.272598,1691.412964,32.457325,0.022598,0.037964,-0.042675,0.000000,0.000000,0.000000,0.000052,0.000000,1,1,1,0,195.397598,1704.537964,33.332325,195.375000,1704.500000,33.375000,195.397598,1704.537964,33.332325,0.022598,0.037964,-0.042675,0.000000,0.000000,0.000000,0.000046,0.000000,1,1,1,0
154.144593,0.015298,0,4104,100.0,202.989120,1668.683228,39.566814,203.011719,1668.721191,39.524139,0.000000,0.000000,0.000000,0.000000,0.000000,0.000000,203.011719,1668.721191,30.524139,0.022598,0.037964,-0.042675,0.022598,0.037964,-0.042675,-0.000109,-0.000028,0.000020,0.000000,0.000000,0.000000,0,1,0,0,0,0,177.272598,1691.412964,32.457325,177.250000,1691.375000,32.500000,177.272598,1691.412964,32.457325,0.022598,0.037964,-0.042675,0.000000,0.000000,0.000000,0.000052,0.000000,1,1,1,0,195.397598,1704.537964,33.332325,195.375000,1704.500000,33.375000,195.397598,1704.537964,33.332325,0.022598,0.037964,-0.042675,0.000000,0.000000,0.000000,0.000046,0.000000,1,1,1,0
154.157860,0.013266,0,4104,100.0,203.011719,1668.721191,39.524139,203.034317,1668.634155,39.606464,0.000000,0.000000,0.000000,0.000000,0.000000,0.000000,203.034317,1668.634155,30.606464,0.022598,-0.087036,0.082325,0.022598,-0.087036,0.082325,-0.000109,-0.000028,0.000020,0.000000,0.000000,0.000000,0,1,0,0,0,0,177.272598,1691.412964,32.457325,177.250000,1691.500000,32.375000,177.272598,1691.412964,32.457325,0.022598,-0.087036,0.082325,0.000000,0.000000,0.000000,0.000052,0.000000,1,1,1,0,195.397598,1704.537964,33.332325,195.375000,1704.625000,33.250000,195.397598,1704.537964,33.332325,0.022598,-0.087036,0.082325,0.000000,0.000000,0.000000,0.000046,0.000000,1,1,1,0
154.171589,0.013729,0,4104,100.0,203.034317,1668.634155,39.606464,203.056915,1668.672119,39.563789,0.000000,0.000000,0.000000,0.000000,0.000000,0.000000,203.056915,1668.672119,30.563789,0.022598,0.037964,-0.042675,0.022598,0.037964,-0.042675,-0.000109,-0.000028,0.000020,0.000000,0.000000,0.000000,0,1,0,0,0,0,177.272598,1691.412964,32.457325,177.250000,1691.375000,32.500000,177.272598,1691.412964,32.457325,0.022598,0.037964,-0.042675,0.000000,0.000000,0.000000,0.000052,0.000000,1,1,1,0,195.397598,1704.537964,33.332325,195.375000,1704.500000,33.375000,195.397598,1704.537964,33.332325,0.022598,0.037964,-0.042675,0.000000,0.000000,0.000000,0.000046,0.000000,1,1,1,0
154.185806,0.014217,0,4104,100.0,203.056915,1668.672119,39.563789,203.079514,1668.710083,39.521114,0.000000,0.000000,0.000000,0.000000,0.000000,0.000000,203.079514,1668.710083,30.521114,0.022598,0.037964,-0.042675,0.022598,0.037964,-0.042675,-0.000109,-0.000028,0.000020,0.000000,0.000000,0.000000,0,1,0,0,0,0,177.272598,1691.412964,32.457325,177.250000,1691.375000,32.500000,177.272598,1691.412964,32.457325,0.022598,0.037964,-0.042675,0.000000,0.000000,0.000000,0.000052,0.000000,1,1,1,0,195.397598,1704.537964,33.332325,195.375000,1704.500000,33.375000,195.397598,1704.537964,33.332325,0.022598,0.037964,-0.042675,0.000000,0.000000,0.000000,0.000046,0.000000,1,1,1,0
154.198548,0.012742,0,4104,100.0,203.079514,1668.710083,39.521114,202.977112,1668.623047,39.603439,0.000000,0.000000,0.000000,0.000000,0.000000,0.000000,202.977112,1668.623047,30.603439,-0.102402,-0.087036,0.082325,-0.102402,-0.087036,0.082325,-0.000109,-0.000028,0.000020,0.000000,0.000000,0.000000,0,1,0,0,0,0,177.272598,1691.412964,32.457325,177.375000,1691.500000,32.375000,177.272598,1691.412964,32.457325,-0.102402,-0.087036,0.082325,0.000000,0.000000,0.000000,0.000052,0.000000,1,1,1,0,195.397598,1704.537964,33.332325,195.500000,1704.625000,33.250000,195.397598,1704.537964,33.332325,-0.102402,-0.087036,0.082325,0.000000,0.000000,0.000000,0.000046,0.000000,1,1,1,0
154.213291,0.014743,0,4104,100.0,202.977112,1668.623047,39.603439,202.999710,1668.661011,39.560764,0.000000,0.000000,0.000000,0.000000,0.000000,0.000000,202.999710,1668.661011,30.560764,0.022598,0.037964,-0.042675,0.022598,0.037964,-0.042675,-0.000109,-0.000028,0.000020,0.000000,0.000000,0.000000,0,1,0,0,0,0,177.272598,1691.412964,32.457325,177.250000,1691.375000,32.500000,177.272598,1691.412964,32.457325,0.022598,0.037964,-0.042675,0.000000,0.000000,0.000000,0.000052,0.000000,1,1,1,0,195.397598,1704.537964,33.332325,195.375000,1704.500000,33.375000,195.397598,1704.537964,33.332325,0.022598,0.037964,-0.042675,0.000000,0.000000,0.000000,0.000046,0.000000,1,1,1,0
154.227505,0.014214,0,4104,100.0,202.999710,1668.661011,39.560764,203.022308,1668.698975,39.643089,0.000000,0.000000,0.000000,0.000000,0.000000,0.000000,203.022308,1668.698975,30.643089,0.022598,0.037964,0.082325,0.022598,0.037964,0.082325,-0.000109,-0.000028,0.000020,0.000000,0.000000,0.000000,0,1,0,0,0,0,177.272598,1691.412964,32.457325,177.250000,1691.375000,32.375000,177.272598,1691.412964,32.457325,0.022598,0.037964,0.082325,0.000000,0.000000,0.000000,0.000052,0.000000,1,1,1,0,195.397598,1704.537964,33.332325,195.375000,1704.500000,33.250000,195.397598,1704.537964,33.332325,0.022598,0.037964,0.082325,0.000000,0.000000,0.000000,0.000046,0.000000,1,1,1,0
154.240205,0.012699,0,4104,100.0,203.022308,1668.698975,39.643089,203.044907,1668.611938,39.600414,0.000000,0.000000,0.000000,0.000000,0.000000,0.000000,203.044907,1668.611938,30.600414,0.022598,-0.087036,-0.042675,0.022598,-0.087036,-0.042675,-0.000109,-0.000028,0.000020,0.000000,0.000000,0.000000,0,1,0,0,0,0,177.272598,1691.412964,32.457325,177.250000,1691.500000,32.500000,177.272598,1691.412964,32.457325,0.022598,-0.087036,-0.042675,0.000000,0.000000,0.000000,0.000052,0.000000,1,1,1,0,195.397598,1704.537964,33.332325,195.375000,1704.625000,33.375000,195.397598,1704.537964,33.332325,0.022598,-0.087036,-0.042675,0.000000,0.000000,0.000000,0.000046,0.000000,1,1,1,0
154.253895,0.013690,0,4104,100.0,203.044907,1668.611938,39.600414,203.067505,1668.649902,39.557739,0.000000,0.000000,0.000000,0.000000,0.000000,0.000000,203.067505,1668.649902,30.557739,0.022598,0.037964,-0.042675,0.022598,0.037964,-0.042675,-0.000109,-0.000028,0.000020,0.000000,0.000000,0.000000,0,1,0,0,0,0,177.272598,1691.412964,32.457325,177.250000,1691.375000,32.500000,177.272598,1691.412964,32.457325,0.022598,0.037964,-0.042675,0.000000,0.000000,0.000000,0.000052,0.000000,1,1,1,0,195.397598,1704.537964,33.332325,195.375000,1704.500000,33.375000,195.397598,1704.537964,33.332325,0.022598,0.037964,-0.042675,0.000000,0.000000,0.000000,0.000046,0.000000,1,1,1,0
154.268073,0.014178,0,4104,100.0,203.067505,1668.649902,39.557739,202.965103,1668.687866,39.640064,0.000000,0.000000,0.000000,0.000000,0.000000,0.000000,202.965103,1668.687866,30.640064,-0.102402,0.037964,0.082325,-0.102402,0.037964,0.082325,-0.000109,-0.000028,0.000020,0.000000,0.000000,0.000000,0,1,0,0,0,0,177.272598,1691.412964,32.457325,177.375000,1691.375000,32.375000,177.272598,1691.412964,32.457325,-0.102402,0.037964,0.082325,0.000000,0.000000,0.000000,0.000052,0.000000,1,1,1,0,195.397598,1704.537964,33.332325,195.500000,1704.500000,33.250000,195.397598,1704.537964,33.332325,-0.102402,0.037964,0.082325,0.000000,0.000000,0.000000,0.000046,0.000000,1,1,1,0
154.283277,0.015204,0,4104,100.0,202.965103,1668.687866,39.640064,202.987701,1668.600830,39.597389,0.000000,0.000000,0.000000,0.000000,0.000000,0.000000,202.987701,1668.600830,30.597389,0.022598,-0.087036,-0.042675,0.022598,-0.087036,-0.042675,-0.000109,-0.000028,0.000020,0.000000,0.000000,0.000000,0,1,0,0,0,0,177.272598,1691.412964,32.457325,177.250000,1691.500000,32.500000,177.272598,1691.412964,32.457325,0.022598,-0.087036,-0.042675,0.000000,0.000000,0.000000,0.000052,0.000000,1,1,1,0,195.397598,1704.537964,33.332325,195.375000,1704.625000,33.375000,195.397598,1704.537964,33.332325,0.022598,-0.087036,-0.042675,0.000000,0.000000,0.000000,0.000046,0.000000,1,1,1,0
154.296431,0.013154,0,4104,100.0,202.987701,1668.600830,39.597389,203.010300,1668.638794,39.554714,0.000000,0.000000,0.000000,0.000000,0.000000,0.000000,203.010300,1668.638794,30.554714,0.022598,0.037964,-0.042675,0.022598,0.037964,-0.042675,-0.000109,-0.000028,0.000020,0.000000,0.000000,0.000000,0,1,0,0,0,0,177.272598,1691.412964,32.457325,177.250000,1691.375000,32.500000,177.272598,1691.412964,32.457325,0.022598,0.037964,-0.042675,0.000000,0.000000,0.000000,0.000052,0.000000,1,1,1,0,195.397598,1704.537964,33.332325,195.375000,1704.500000,33.375000,195.397598,1704.537964,33.332325,0.022598,0.037964,-0.042675,0.000000,0.000000,0.000000,0.000046,0.000000,1,1,1,0
154.310084,0.013653,0,4104,100.0,203.010300,1668.638794,39.554714,203.032898,1668.676758,39.637039,0.000000,0.000000,0.000000,0.000000,0.000000,0.000000,203.032898,1668.676758,30.637039,0.022598,0.037964,0.082325,0.022598,0.037964,0.082325,-0.000109,-0.000028,0.000020,0.000000,0.000000,0.000000,0,1,0,0,0,0,177.272598,1691.412964,32.457325,177.250000,1691.375000,32.375000,177.272598,1691.412964,32.457325,0.022598,0.037964,0.082325,0.000000,0.000000,0.000000,0.000052,0.000000,1,1,1,0,195.397598,1704.537964,33.332325,195.375000,1704.500000,33.250000,195.397598,1704.537964,33.332325,0.022598,0.037964,0.082325,0.000000,0.000000,0.000000,0.000046,0.000000,1,1,1,0
154.324730,0.014647,0,4104,100.0,203.032898,1668.676758,39.637039,203.055496,1668.714722,39.594364,0.000000,0.000000,0.000000,0.000000,0.000000,0.000000,203.055496,1668.714722,30.594364,0.022598,0.037964,-0.042675,0.022598,0.037964,-0.042675,-0.000109,-0.000028,0.000020,0.000000,0.000000,0.000000,0,1,0,0,0,0,177.272598,1691.412964,32.457325,177.250000,1691.375000,32.500000,177.272598,1691.412964,32.457325,0.022598,0.037964,-0.042675,0.000000,0.000000,0.000000,0.000052,0.000000,1,1,1,0,195.397598,1704.537964,33.332325,195.375000,1704.500000,33.375000,195.397598,1704.537964,33.332325,0.022598,0.037964,-0.042675,0.000000,0.000000,0.000000,0.000046,0.000000,1,1,1,0
154.337917,0.013186,0,4104,100.0,203.055496,1668.714722,39.594364,203.078094,1668.627686,39.551689,0.000000,0.000000,0.000000,0.000000,0.000000,0.000000,203.078094,1668.627686,30.551689,0.022598,-0.087036,-0.042675,0.022598,-0.087036,-0.042675,-0.000109,-0.000028,0.000020,0.000000,0.000000,0.000000,0,1,0,0,0,0,177.272598,1691.412964,32.457325,177.250000,1691.500000,32.500000,177.272598,1691.412964,32.457325,0.022598,-0.087036,-0.042675,0.000000,0.000000,0.000000,0.000052,0.000000,1,1,1,0,195.397598,1704.537964,33.332325,195.375000,1704.625000,33.375000,195.397598,1704.537964,33.332325,0.022598,-0.087036,-0.042675,0.000000,0.000000,0.000000,0.000046,0.000000,1,1,1,0
154.351615,0.013698,0,4104,100.0,203.078094,1668.627686,39.551689,202.975693,1668.665649,39.634014,0.000000,0.000000,0.000000,0.000000,0.000000,0.000000,202.975693,1668.665649,30.634014,-0.102402,0.037964,0.082325,-0.102402,0.037964,0.082325,-0.000109,-0.000028,0.000020,0.000000,0.000000,0.000000,0,1,0,0,0,0,177.272598,1691.412964,32.457325,177.375000,1691.375000,32.375000,177.272598,1691.412964,32.457325,-0.102402,0.037964,0.082325,0.000000,0.000000,0.000000,0.000052,0.000000,1,1,1,0,195.397598,1704.537964,33.332325,195.500000,1704.500000,33.250000,195.397598,1704.537964,33.332325,-0.102402,0.037964,0.082325,0.000000,0.000000,0.000000,0.000046,0.000000,1,1,1,0
154.366309,0.014694,0,4104,100.0,202.975693,1668.665649,39.634014,202.998291,1668.703613,39.591339,0.000000,0.000000,0.000000,0.000000,0.000000,0.000000,202.998291,1668.703613,30.591339,0.022598,0.037964,-0.042675,0.022598,0.037964,-0.042675,-0.000109,-0.000028,0.000020,0.000000,0.000000,0.000000,0,1,0,0,0,0,177.272598,1691.412964,32.457325,177.250000,1691.375000,32.500000,177.272598,1691.412964,32.457325,0.022598,0.037964,-0.042675,0.000000,0.000000,0.000000,0.000052,0.000000,1,1,1,0,195.397598,1704.537964,33.332325,195.375000,1704.500000,33.375000,195.397598,1704.537964,33.332325,0.022598,0.037964,-0.042675,0.000000,0.000000,0.000000,0.000046,0.000000,1,1,1,0
154.380023,0.013714,0,4104,100.0,202.998291,1668.703613,39.591339,203.020889,1668.616577,39.548664,0.000000,0.000000,0.000000,0.000000,0.000000,0.000000,203.020889,1668.616577,30.548664,0.022598,-0.087036,-0.042675,0.022598,-0.087036,-0.042675,-0.000109,-0.000028,0.000020,0.000000,0.000000,0.000000,0,1,0,0,0,0,177.272598,1691.412964,32.457325,177.250000,1691.500000,32.500000,177.272598,1691.412964,32.457325,0.022598,-0.087036,-0.042675,0.000000,0.000000,0.000000,0.000052,0.000000,1,1,1,0,195.397598,1704.537964,33.332325,195.375000,1704.625000,33.375000,195.397598,1704.537964,33.332325,0.022598,-0.087036,-0.042675,0.000000,0.000000,0.000000,0.000046,0.000000,1,1,1,0
154.393234,0.013211,0,4104,100.0,203.020889,1668.616577,39.548664,203.043488,1668.654541,39.630989,0.000000,0.000000,0.000000,0.000000,0.000000,0.000000,203.043488,1668.654541,30.630989,0.022598,0.037964,0.082325,0.022598,0.037964,0.082325,-0.000109,-0.000028,0.000020,0.000000,0.000000,0.000000,0,1,0,0,0,0,177.272598,1691.412964,32.457325,177.250000,1691.375000,32.375000,177.272598,1691.412964,32.457325,0.022598,0.037964,0.082325,0.000000,0.000000,0.000000,0.000052,0.000000,1,1,1,0,195.397598,1704.537964,33.332325,195.375000,1704.500000,33.250000,195.397598,1704.537964,33.332325,0.022598,0.037964,0.082325,0.000000,0.000000,0.000000,0.000046,0.000000,1,1,1,0
154.407879,0.014645,0,4104,100.0,203.043488,1668.654541,39.630989,203.066086,1668.692505,39.588314,0.000000,0.000000,0.000000,0.000000,0.000000,0.000000,203.066086,1668.692505,30.588314,0.022598,0.037964,-0.042675,0.022598,0.037964,-0.042675,-0.000109,-0.000028,0.000020,0.000000,0.000000,0.000000,0,1,0,0,0,0,177.272598,1691.412964,32.457325,177.250000,1691.375000,32.500000,177.272598,1691.412964,32.457325,0.022598,0.037964,-0.042675,0.000000,0.000000,0.000000,0.000052,0.000000,1,1,1,0,195.397598,1704.537964,33.332325,195.375000,1704.500000,33.375000,195.397598,1704.537964,33.332325,0.022598,0.037964,-0.042675,0.000000,0.000000,0.000000,0.000046,0.000000,1,1,1,0
154.421659,0.013780,0,4104,100.0,203.066086,1668.692505,39.588314,202.963684,1668.605469,39.545639,0.000000,0.000000,0.000000,0.000000,0.000000,0.000000,202.963684,1668.605469,30.545639,-0.102402,-0.087036,-0.042675,-0.102402,-0.087036,-0.042675,-0.000109,-0.000028,0.000020,0.000000,0.000000,0.000000,0,1,0,0,0,0,177.272598,1691.412964,32.457325,177.375000,1691.500000,32.500000,177.272598,1691.412964,32.457325,-0.102402,-0.087036,-0.042675,0.000000,0.000000,0.000000,0.000052,0.000000,1,1,1,0,195.397598,1704.537964,33.332325,195.500000,1704.625000,33.375000,195.397598,1704.537964,33.332325,-0.102402,-0.087036,-0.042675,0.000000,0.000000,0.000000,0.000046,0.000000,1,1,1,0
154.434719,0.013060,0,4104,100.0,202.963684,1668.605469,39.545639,202.986282,1668.643433,39.627964,0.000000,0.000000,0.000000,0.000000,0.000000,0.000000,202.986282,1668.643433,30.627964,0.022598,0.037964,0.082325,0.022598,0.037964,0.082325,-0.000109,-0.000028,0.000020,0.000000,0.000000,0.000000,0,1,0,0,0,0,177.272598,1691.412964,32.457325,177.250000,1691.375000,32.375000,177.272598,1691.412964,32.457325,0.022598,0.037964,0.082325,0.000000,0.000000,0.000000,0.000052,0.000000,1,1,1,0,195.397598,1704.537964,33.332325,195.375000,1704.500000,33.250000,195.397598,1704.537964,33.332325,0.022598,0.037964,0.082325,0.000000,0.000000,0.000000,0.000046,0.000000,1,1,1,0
154.449432,0.014713,0,4104,100.0,202.986282,1668.643433,39.627964,203.008881,1668.681396,39.585289,0.000000,0.000000,0.000000,0.000000,0.000000,0.000000,203.008881,1668.681396,30.585289,0.022598,0.037964,-0.042675,0.022598,0.037964,-0.042675,-0.000109,-0.000028,0.000020,0.000000,0.000000,0.000000,0,1,0,0,0,0,177.272598,1691.412964,32.457325,177.250000,1691.375000,32.500000,177.272598,1691.412964,32.457325,0.022598,0.037964,-0.042675,0.000000,0.000000,0.000000,0.000052,0.000000,1,1,1,0,195.397598,1704.537964,33.332325,195.375000,1704.500000,33.375000,195.397598,1704.537964,33.332325,0.022598,0.037964,-0.042675,0.000000,0.000000,0.000000,0.000046,0.000000,1,1,1,0
154.463054,0.013622,0,4104,100.0,203.008881,1668.681396,39.585289,203.031479,1668.719360,39.542614,0.000000,0.000000,0.000000,0.000000,0.000000,0.000000,203.031479,1668.719360,30.542614,0.022598,0.037964,-0.042675,0.022598,0.037964,-0.042675,-0.000109,-0.000028,0.000020,0.000000,0.000000,0.000000,0,1,0,0,0,0,177.272598,1691.412964,32.457325,177.250000,1691.375000,32.500000,177.272598,1691.412964,32.457325,0.022598,0.037964,-0.042675,0.000000,0.000000,0.000000,0.000052,0.000000,1,1,1,0,195.397598,1704.537964,33.332325,195.375000,1704.500000,33.375000,195.397598,1704.537964,33.332325,0.022598,0.037964,-0.042675,0.000000,0.000000,0.000000,0.000046,0.000000,1,1,1,0
154.477282,0.014227,0,4104,100.0,203.031479,1668.719360,39.542614,203.054077,1668.632324,39.624939,0.000000,0.000000,0.000000,0.000000,0.000000,0.000000,203.054077,1668.632324,30.624939,0.022598,-0.087036,0.082325,0.022598,-0.087036,0.082325,-0.000109,-0.000028,0.000020,0.000000,0.000000,0.000000,0,1,0,0,0,0,177.272598,1691.412964,32.457325,177.250000,1691.500000,32.375000,177.272598,1691.412964,32.457325,0.022598,-0.087036,0.082325,0.000000,0.000000,0.000000,0.000052,0.000000,1,1,1,0,195.397598,1704.537964,33.332325,195.375000,1704.625000,33.250000,195.397598,1704.537964,33.332325,0.022598,-0.087036,0.082325,0.000000,0.000000,0.000000,0.000046,0.000000,1,1,1,0
154.491468,0.014187,0,4104,100.0,203.054077,1668.632324,39.624939,203.076675,1668.670288,39.582264,0.000000,0.000000,0.000000,0.000000,0.000000,0.000000,203.076675,1668.670288,30.582264,0.022598,0.037964,-0.042675,0.022598,0.037964,-0.042675,-0.000109,-0.000028,0.000020,0.000000,0.000000,0.000000,0,1,0,0,0,0,177.272598,1691.412964,32.457325,177.250000,1691.375000,32.500000,177.272598,1691.412964,32.457325,0.022598,0.037964,-0.042675,0.000000,0.000000,0.000000,0.000052,0.000000,1,1,1,0,195.397598,1704.537964,33.332325,195.375000,1704.500000,33.375000,195.397598,1704.537964,33.332325,0.022598,0.037964,-0.042675,0.000000,0.000000,0.000000,0.000046,0.000000,1,1,1,0
154.504628,0.013159,0,4104,100.0,203.076675,1668.670288,39.582264,202.974274,1668.708252,39.539589,0.000000,0.000000,0.000000,0.000000,0.000000,0.000000,202.974274,1668.708252,30.539589,-0.102402,0.037964,-0.042675,-0.102402,0.037964,-0.042675,-0.000109,-0.000028,0.000020,0.000000,0.000000,0.000000,0,1,0,0,0,0,177.272598,1691.412964,32.457325,177.375000,1691.375000,32.500000,177.272598,1691.412964,32.457325,-0.102402,0.037964,-0.042675,0.000000,0.000000,0.000000,0.000052,0.000000,1,1,1,0,195.397598,1704.537964,33.332325,195.500000,1704.500000,33.375000,195.397598,1704.537964,33.332325,-0.102402,0.037964,-0.042675,0.000000,0.000000,0.000000,0.000046,0.000000,1,1,1,0
154.518116,0.013488,0,4104,100.0,202.974274,1668.708252,39.539589,202.996872,1668.621216,39.621914,0.000000,0.000000,0.000000,0.000000,0.000000,0.000000,202.996872,1668.621216,30.621914,0.022598,-0.087036,0.082325,0.022598,-0.087036,0.082325,-0.000109,-0.000028,0.000020,0.000000,0.000000,0.000000,0,1,0,0,0,0,177.272598,1691.412964,32.457325,177.250000,1691.500000,32.375000,177.272598,1691.412964,32.457325,0.022598,-0.087036,0.082325,0.000000,0.000000,0.000000,0.000052,0.000000,1,1,1,0,195.397598,1704.537964,33.332325,195.375000,1704.625000,33.250000,195.397598,1704.537964,33.332325,0.022598,-0.087036,0.082325,0.000000,0.000000,0.000000,0.000046,0.000000,1,1,1,0
154.533043,0.014927,0,4104,100.0,202.996872,1668.621216,39.621914,203.019470,1668.659180,39.579239,0.000000,0.000000,0.000000,0.000000,0.000000,0.000000,203.019470,1668.659180,30.579239,0.022598,0.037964,-0.042675,0.022598,0.037964,-0.042675,-0.000109,-0.000028,0.000020,0.000000,0.000000,0.000000,0,1,0,0,0,0,177.272598,1691.412964,32.457325,177.250000,1691.375000,32.500000,177.272598,1691.412964,32.457325,0.022598,0.037964,-0.042675,0.000000,0.000000,0.000000,0.000052,0.000000,1,1,1,0,195.397598,1704.537964,33.332325,195.375000,1704.500000,33.375000,195.397598,1704.537964,33.332325,0.022598,0.037964,-0.042675,0.000000,0.000000,0.000000,0.000046,0.000000,1,1,1,0
154.546252,0.013209,0,4104,100.0,203.019470,1668.659180,39.579239,203.042068,1668.697144,39.536564,0.000000,0.000000,0.000000,0.000000,0.000000,0.000000,203.042068,1668.697144,30.536564,0.022598,0.037964,-0.042675,0.022598,0.037964,-0.042675,-0.000109,-0.000028,0.000020,0.000000,0.000000,0.000000,0,1,0,0,0,0,177.272598,1691.412964,32.457325,177.250000,1691.375000,32.500000,177.272598,1691.412964,32.457325,0.022598,0.037964,-0.042675,0.000000,0.000000,0.000000,0.000052,0.000000,1,1,1,0,195.397598,1704.537964,33.332325,195.375000,1704.500000,33.375000,195.397598,1704.537964,33.332325,0.022598,0.037964,-0.042675,0.000000,0.000000,0.000000,0.000046,0.000000,1,1,1,0
154.559446,0.013194,0,4104,100.0,203.042068,1668.697144,39.536564,203.064667,1668.610107,39.618889,0.000000,0.000000,0.000000,0.000000,0.000000,0.000000,203.064667,1668.610107,30.618889,0.022598,-0.087036,0.082325,0.022598,-0.087036,0.082325,-0.000109,-0.000028,0.000020,0.000000,0.000000,0.000000,0,1,0,0,0,0,177.272598,1691.412964,32.457325,177.250000,1691.500000,32.375000,177.272598,1691.412964,32.457325,0.022598,-0.087036,0.082325,0.000000,0.000000,0.000000,0.000052,0.000000,1,1,1,0,195.397598,1704.537964,33.332325,195.375000,1704.625000,33.250000,195.397598,1704.537964,33.332325,0.022598,-0.087036,0.082325,0.000000,0.000000,0.000000,0.000046,0.000000,1,1,1,0
154.574667,0.015221,0,4104,100.0,203.064667,1668.610107,39.618889,202.962265,1668.648071,39.576214,0.000000,0.000000,0.000000,0.000000,0.000000,0.000000,202.962265,1668.648071,30.576214,-0.102402,0.037964,-0.042675,-0.102402,0.037964,-0.042675,-0.000109,-0.000028,0.000020,0.000000,0.000000,0.000000,0,1,0,0,0,0,177.272598,1691.412964,32.457325,177.375000,1691.375000,32.500000,177.272598,1691.412964,32.457325,-0.102402,0.037964,-0.042675,0.000000,0.000000,0.000000,0.000052,0.000000,1,1,1,0,195.397598,1704.537964,33.332325,195.500000,1704.500000,33.375000,195.397598,1704.537964,33.332325,-0.102402,0.037964,-0.042675,0.000000,0.000000,0.000000,0.000046,0.000000,1,1,1,0
154.587856,0.013189,0,4104,100.0,202.962265,1668.648071,39.576214,202.984863,1668.686035,39.533539,0.000000,0.000000,0.000000,0.000000,0.000000,0.000000,202.984863,1668.686035,30.533539,0.022598,0.037964,-0.042675,0.022598,0.037964,-0.042675,-0.000109,-0.000028,0.000020,0.000000,0.000000,0.000000,0,1,0,0,0,0,177.272598,1691.412964,32.457325,177.250000,1691.375000,32.500000,177.272598,1691.412964,32.457325,0.022598,0.037964,-0.042675,0.000000,0.000000,0.000000,0.000052,0.000000,1,1,1,0,195.397598,1704.537964,33.332325,195.375000,1704.500000,33.375000,195.397598,1704.537964,33.332325,0.022598,0.037964,-0.042675,0.000000,0.000000,0.000000,0.000046,0.000000,1,1,1,0
154.601745,0.013889,0,4104,100.0,202.984863,1668.686035,39.533539,203.007462,1668.723999,39.615864,0.000000,0.000000,0.000000,0.000000,0.000000,0.000000,203.007462,1668.723999,30.615864,0.022598,0.037964,0.082325,0.022598,0.037964,0.082325,-0.000109,-0.000028,0.000020,0.000000,0.000000,0.000000,0,1,0,0,0,0,177.272598,1691.412964,32.457325,177.250000,1691.375000,32.375000,177.272598,1691.412964,32.457325,0.022598,0.037964,0.082325,0.000000,0.000000,0.000000,0.000052,0.000000,1,1,1,0,195.397598,1704.537964,33.332325,195.375000,1704.500000,33.250000,195.397598,1704.537964,33.332325,0.022598,0.037964,0.082325,0.000000,0.000000,0.000000,0.000046,0.000000,1,1,1,0
154.615265,0.013520,0,4104,100.0,203.007462,1668.723999,39.615864,203.030060,1668.636963,39.573189,0.000000,0.000000,0.000000,0.000000,0.000000,0.000000,203.030060,1668.636963,30.573189,0.022598,-0.087036,-0.042675,0.022598,-0.087036,-0.042675,-0.000109,-0.000028,0.000020,0.000000,0.000000,0.000000,0,1,0,0,0,0,177.272598,1691.412964,32.457325,177.250000,1691.500000,32.500000,177.272598,1691.412964,32.457325,0.022598,-0.087036,-0.042675,0.000000,0.000000,0.000000,0.000052,0.000000,1,1,1,0,195.397598,1704.537964,33.332325,195.375000,1704.625000,33.375000,195.397598,1704.537964,33.332325,0.022598,-0.087036,-0.042675,0.000000,0.000000,0.000000,0.000046,0.000000,1,1,1,0
154.629441,0.014175,0,4104,100.0,203.030060,1668.636963,39.573189,203.052658,1668.674927,39.530514,0.000000,0.000000,0.000000,0.000000,0.000000,0.000000,203.052658,1668.674927,30.530514,0.022598,0.037964,-0.042675,0.022598,0.037964,-0.042675,-0.000109,-0.000028,0.000020,0.000000,0.000000,0.000000,0,1,0,0,0,0,177.272598,1691.412964,32.457325,177.250000,1691.375000,32.500000,177.272598,1691.412964,32.457325,0.022598,0.037964,-0.042675,0.000000,0.000000,0.000000,0.000052,0.000000,1,1,1,0,195.397598,1704.537964,33.332325,195.375000,1704.500000,33.375000,195.397598,1704.537964,33.332325,0.022598,0.037964,-0.042675,0.000000,0.000000,0.000000,0.000046,0.000000,1,1,1,0
154.643224,0.013783,0,4104,100.0,203.052658,1668.674927,39.530514,203.075256,1668.712891,39.612839,0.000000,0.000000,0.000000,0.000000,0.000000,0.000000,203.075256,1668.712891,30.612839,0.022598,0.037964,0.082325,0.022598,0.037964,0.082325,-0.000109,-0.000028,0.000020,0.000000,0.000000,0.000000,0,1,0,0,0,0,177.272598,1691.412964,32.457325,177.250000,1691.375000,32.375000,177.272598,1691.412964,32.457325,0.022598,0.037964,0.082325,0.000000,0.000000,0.000000,0.000052,0.000000,1,1,1,0,195.397598,1704.537964,33.332325,195.375000,1704.500000,33.250000,195.397598,1704.537964,33.332325,0.022598,0.037964,0.082325,0.000000,0.000000,0.000000,0.000046,0.000000,1,1,1,0
154.657764,0.014541,0,4104,100.0,203.075256,1668.712891,39.612839,202.972855,1668.625854,39.570164,0.000000,0.000000,0.000000,0.000000,0.000000,0.000000,202.972855,1668.625854,30.570164,-0.102402,-0.087036,-0.042675,-0.102402,-0.087036,-0.042675,-0.000109,-0.000028,0.000020,0.000000,0.000000,0.000000,0,1,0,0,0,0,177.272598,1691.412964,32.457325,177.375000,1691.500000,32.500000,177.272598,1691.412964,32.457325,-0.102402,-0.087036,-0.042675,0.000000,0.000000,0.000000,0.000052,0.000000,1,1,1,0,195.397598,1704.537964,33.332325,195.500000,1704.625000,33.375000,195.397598,1704.537964,33.332325,-0.102402,-0.087036,-0.042675,0.000000,0.000000,0.000000,0.000046,0.000000,1,1,1,0
154.671468,0.013703,0,4104,100.0,202.972855,1668.625854,39.570164,202.995453,1668.663818,39.527489,0.000000,0.000000,0.000000,0.000000,0.000000,0.000000,202.995453,1668.663818,30.527489,0.022598,0.037964,-0.042675,0.022598,0.037964,-0.042675,-0.000109,-0.000028,0.000020,0.000000,0.000000,0.000000,0,1,0,0,0,0,177.272598,1691.412964,32.457325,177.250000,1691.375000,32.500000,177.272598,1691.412964,32.457325,0.022598,0.037964,-0.042675,0.000000,0.000000,0.000000,0.000052,0.000000,1,1,1,0,195.397598,1704.537964,33.332325,195.375000,1704.500000,33.375000,195.397598,1704.537964,33.332325,0.022598,0.037964,-0.042675,0.000000,0.000000,0.000000,0.000046,0.000000,1,1,1,0
154.684771,0.013303,0,4104,100.0,202.995453,1668.663818,39.527489,203.018051,1668.701782,39.609814,0.000000,0.000000,0.000000,0.000000,0.000000,0.000000,203.018051,1668.701782,30.609814,0.022598,0.037964,0.082325,0.022598,0.037964,0.082325,-0.000109,-0.000028,0.000020,0.000000,0.000000,0.000000,0,1,0,0,0,0,177.272598,1691.412964,32.457325,177.250000,1691.375000,32.375000,177.272598,1691.412964,32.457325,0.022598,0.037964,0.082325,0.000000,0.000000,0.000000,0.000052,0.000000,1,1,1,0,195.397598,1704.537964,33.332325,195.375000,1704.500000,33.250000,195.397598,1704.537964,33.332325,0.022598,0.037964,0.082325,0.000000,0.000000,0.000000,0.000046,0.000000,1,1,1,0
154.699342,0.014571,0,4104,100.0,203.018051,1668.701782,39.609814,203.040649,1668.614746,39.567139,0.000000,0.000000,0.000000,0.000000,0.000000,0.000000,203.040649,1668.614746,30.567139,0.022598,-0.087036,-0.042675,0.022598,-0.087036,-0.042675,-0.000109,-0.000028,0.000020,0.000000,0.000000,0.000000,0,1,0,0,0,0,177.272598,1691.412964,32.457325,177.250000,1691.500000,32.500000,177.272598,1691.412964,32.457325,0.022598,-0.087036,-0.042675,0.000000,0.000000,0.000000,0.000052,0.000000,1,1,1,0,195.397598,1704.537964,33.332325,195.375000,1704.625000,33.375000,195.397598,1704.537964,33.332325,0.022598,-0.087036,-0.042675,0.000000,0.000000,0.000000,0.000046,0.000000,1,1,1,0
154.712984,0.013643,0,4104,100.0,203.040649,1668.614746,39.567139,203.063248,1668.652710,39.524464,0.000000,0.000000,0.000000,0.000000,0.000000,0.000000,203.063248,1668.652710,30.524464,0.022598,0.037964,-0.042675,0.022598,0.037964,-0.042675,-0.000109,-0.000028,0.000020,0.000000,0.000000,0.000000,0,1,0,0,0,0,177.272598,1691.412964,32.457325,177.250000,1691.375000,32.500000,177.272598,1691.412964,32.457325,0.022598,0.037964,-0.042675,0.000000,0.000000,0.000000,0.000052,0.000000,1,1,1,0,195.397598,1704.537964,33.332325,195.375000,1704.500000,33.375000,195.397598,1704.537964,33.332325,0.022598,0.037964,-0.042675,0.000000,0.000000,0.000000,0.000046,0.000000,1,1,1,0
154.726188,0.013204,0,4104,100.0,203.063248,1668.652710,39.524464,202.960846,1668.690674,39.606789,0.000000,0.000000,0.000000,0.000000,0.000000,0.000000,202.960846,1668.690674,30.606789,-0.102402,0.037964,0.082325,-0.102402,0.037964,0.082325,-0.000109,-0.000028,0.000020,0.000000,0.000000,0.000000,0,1,0,0,0,0,177.272598,1691.412964,32.457325,177.375000,1691.375000,32.375000,177.272598,1691.412964,32.457325,-0.102402,0.037964,0.082325,0.000000,0.000000,0.000000,0.000052,0.000000,1,1,1,0,195.397598,1704.537964,33.332325,195.500000,1704.500000,33.250000,195.397598,1704.537964,33.332325,-0.102402,0.037964,0.082325,0.000000,0.000000,0.000000,0.000046,0.000000,1,1,1,0
154.741356,0.015167,0,4104,100.0,202.960846,1668.690674,39.606789,202.983444,1668.603638,39.564114,0.000000,0.000000,0.000000,0.000000,0.000000,0.000000,202.983444,1668.603638,30.564114,0.022598,-0.087036,-0.042675,0.022598,-0.087036,-0.042675,-0.000109,-0.000028,0.000020,0.000000,0.000000,0.000000,0,1,0,0,0,0,177.272598,1691.412964,32.457325,177.250000,1691.500000,32.500000,177.272598,1691.412964,32.457325,0.022598,-0.087036,-0.042675,0.000000,0.000000,0.000000,0.000052,0.000000,1,1,1,0,195.397598,1704.537964,33.332325,195.375000,1704.625000,33.375000,195.397598,1704.537964,33.332325,0.022598,-0.087036,-0.042675,0.000000,0.000000,0.000000,0.000046,0.000000,1,1,1,0
154.754515,0.013159,0,4104,100.0,202.983444,1668.603638,39.564114,203.006042,1668.641602,39.521439,0.000000,0.000000,0.000000,0.000000,0.000000,0.000000,203.006042,1668.641602,30.521439,0.022598,0.037964,-0.042675,0.022598,0.037964,-0.042675,-0.000109,-0.000028,0.000020,0.000000,0.000000,0.000000,0,1,0,0,0,0,177.272598,1691.412964,32.457325,177.250000,1691.375000,32.500000,177.272598,1691.412964,32.457325,0.022598,0.037964,-0.042675,0.000000,0.000000,0.000000,0.000052,0.000000,1,1,1,0,195.397598,1704.537964,33.332325,195.375000,1704.500000,33.375000,195.397598,1704.537964,33.332325,0.022598,0.037964,-0.042675,0.000000,0.000000,0.000000,0.000046,0.000000,1,1,1,0
154.768592,0.014077,0,4104,100.0,203.006042,1668.641602,39.521439,203.028641,1668.679565,39.603764,0.000000,0.000000,0.000000,0.000000,0.000000,0.000000,203.028641,1668.679565,30.603764,0.022598,0.037964,0.082325,0.022598,0.037964,0.082325,-0.000109,-0.000028,0.000020,0.000000,0.000000,0.000000,0,1,0,0,0,0,177.272598,1691.412964,32.457325,177.250000,1691.375000,32.375000,177.272598,1691.412964,32.457325,0.022598,0.037964,0.082325,0.000000,0.000000,0.000000,0.000052,0.000000,1,1,1,0,195.397598,1704.537964,33.332325,195.375000,1704.500000,33.250000,195.397598,1704.537964,33.332325,0.022598,0.037964,0.082325,0.000000,0.000000,0.000000,0.000046,0.000000,1,1,1,0
154.782947,0.014355,0,4104,100.0,203.028641,1668.679565,39.603764,203.051239,1668.717529,39.561089,0.000000,0.000000,0.000000,0.000000,0.000000,0.000000,203.051239,1668.717529,30.561089,0.022598,0.037964,-0.042675,0.022598,0.037964,-0.042675,-0.000109,-0.000028,0.000020,0.000000,0.000000,0.000000,0,1,0,0,0,0,177.272598,1691.412964,32.457325,177.250000,1691.375000,32.500000,177.272598,1691.412964,32.457325,0.022598,0.037964,-0.042675,0.000000,0.000000,0.000000,0.000052,0.000000,1,1,1,0,195.397598,1704.537964,33.332325,195.375000,1704.500000,33.375000,195.397598,1704.537964,33.332325,0.022598,0.037964,-0.042675,0.000000,0.000000,0.000000,0.000046,0.000000,1,1,1,0
154.796130,0.013183,0,4104,100.0,203.051239,1668.717529,39.561089,203.073837,1668.630493,39.643414,0.000000,0.000000,0.000000,0.000000,0.000000,0.000000,203.073837,1668.630493,30.643414,0.022598,-0.087036,0.082325,0.022598,-0.087036,0.082325,-0.000109,-0.000028,0.000020,0.000000,0.000000,0.000000,0,1,0,0,0,0,177.272598,1691.412964,32.457325,177.250000,1691.500000,32.375000,177.272598,1691.412964,32.457325,0.022598,-0.087036,0.082325,0.000000,0.000000,0.000000,0.000052,0.000000,1,1,1,0,195.397598,1704.537964,33.332325,195.375000,1704.625000,33.250000,195.397598,1704.537964,33.332325,0.022598,-0.087036,0.082325,0.000000,0.000000,0.000000,0.000046,0.000000,1,1,1,0
154.810873,0.014744,0,4104,100.0,203.073837,1668.630493,39.643414,202.971436,1668.668457,39.600739,0.000000,0.000000,0.000000,0.000000,0.000000,0.000000,202.971436,1668.668457,30.600739,-0.102402,0.037964,-0.042675,-0.102402,0.037964,-0.042675,-0.000109,-0.000028,0.000020,0.000000,0.000000,0.000000,0,1,0,0,0,0,177.272598,1691.412964,32.457325,177.375000,1691.375000,32.500000,177.272598,1691.412964,32.457325,-0.102402,0.037964,-0.042675,0.000000,0.000000,0.000000,0.000052,0.000000,1,1,1,0,195.397598,1704.537964,33.332325,195.500000,1704.500000,33.375000,195.397598,1704.537964,33.332325,-0.102402,0.037964,-0.042675,0.000000,0.000000,0.000000,0.000046,0.000000,1,1,1,0
154.824027,0.013154,0,4104,100.0,202.971436,1668.668457,39.600739,202.994034,1668.706421,39.558064,0.000000,0.000000,0.000000,0.000000,0.000000,0.000000,202.994034,1668.706421,30.558064,0.022598,0.037964,-0.042675,0.022598,0.037964,-0.042675,-0.000109,-0.000028,0.000020,0.000000,0.000000,0.000000,0,1,0,0,0,0,177.272598,1691.412964,32.457325,177.250000,1691.375000,32.500000,177.272598,1691.412964,32.457325,0.022598,0.037964,-0.042675,0.000000,0.000000,0.000000,0.000052,0.000000,1,1,1,0,195.397598,1704.537964,33.332325,195.375000,1704.500000,33.375000,195.397598,1704.537964,33.332325,0.022598,0.037964,-0.042675,0.000000,0.000000,0.000000,0.000046,0.000000,1,1,1,0
154.837689,0.013661,0,4104,100.0,202.994034,1668.706421,39.558064,203.016632,1668.619385,39.640388,0.000000,0.000000,0.000000,0.000000,0.000000,0.000000,203.016632,1668.619385,30.640388,0.022598,-0.087036,0.082325,0.022598,-0.087036,0.082325,-0.000109,-0.000028,0.000020,0.000000,0.000000,0.000000,0,1,0,0,0,0,177.272598,1691.412964,32.457325,177.250000,1691.500000,32.375000,177.272598,1691.412964,32.457325,0.022598,-0.087036,0.082325,0.000000,0.000000,0.000000,0.000052,0.000000,1,1,1,0,195.397598,1704.537964,33.332325,195.375000,1704.625000,33.250000,195.397598,1704.537964,33.332325,0.022598,-0.087036,0.082325,0.000000,0.000000,0.000000,0.000046,0.000000,1,1,1,0
154.851444,0.013755,0,4104,100.0,203.016632,1668.619385,39.640388,203.039230,1668.657349,39.597713,0.000000,0.000000,0.000000,0.000000,0.000000,0.000000,203.039230,1668.657349,30.597713,0.022598,0.037964,-0.042675,0.022598,0.037964,-0.042675,-0.000109,-0.000028,0.000020,0.000000,0.000000,0.000000,0,1,0,0,0,0,177.272598,1691.412964,32.457325,177.250000,1691.375000,32.500000,177.272598,1691.412964,32.457325,0.022598,0.037964,-0.042675,0.000000,0.000000,0.000000,0.000052,0.000000,1,1,1,0,195.397598,1704.537964,33.332325,195.375000,1704.500000,33.375000,195.397598,1704.537964,33.332325,0.022598,0.037964,-0.042675,0.000000,0.000000,0.000000,0.000046,0.000000,1,1,1,0
154.866095,0.014651,0,4104,100.0,203.039230,1668.657349,39.597713,203.061829,1668.695312,39.555038,0.000000,0.000000,0.000000,0.000000,0.000000,0.000000,203.061829,1668.695312,30.555038,0.022598,0.037964,-0.042675,0.022598,0.037964,-0.042675,-0.000109,-0.000028,0.000020,0.000000,0.000000,0.000000,0,1,0,0,0,0,177.272598,1691.412964,32.457325,177.250000,1691.375000,32.500000,177.272598,1691.412964,32.457325,0.022598,0.037964,-0.042675,0.000000,0.000000,0.000000,0.000052,0.000000,1,1,1,0,195.397598,1704.537964,33.332325,195.375000,1704.500000,33.375000,195.397598,1704.537964,33.332325,0.022598,0.037964,-0.042675,0.000000,0.000000,0.000000,0.000046,0.000000,1,1,1,0
154.880262,0.014168,0,4104,100.0,203.061829,1668.695312,39.555038,203.084427,1668.608276,39.637363,0.000000,0.000000,0.000000,0.000000,0.000000,0.000000,203.084427,1668.608276,30.637363,0.022598,-0.087036,0.082325,0.022598,-0.087036,0.082325,-0.000109,-0.000028,0.000020,0.000000,0.000000,0.000000,0,1,0,0,0,0,177.272598,1691.412964,32.457325,177.250000,1691.500000,32.375000,177.272598,1691.412964,32.457325,0.022598,-0.087036,0.082325,0.000000,0.000000,0.000000,0.000052,0.000000,1,1,1,0,195.397598,1704.537964,33.332325,195.375000,1704.625000,33.250000,195.397598,1704.537964,33.332325,0.022598,-0.087036,0.082325,0.000000,0.000000,0.000000,0.000046,0.000000,1,1,1,0
154.894038,0.013776,0,4104,100.0,203.084427,1668.608276,39.637363,202.982025,1668.646240,39.594688,0.000000,0.000000,0.000000,0.000000,0.000000,0.000000,202.982025,1668.646240,30.594688,-0.102402,0.037964,-0.042675,-0.102402,0.037964,-0.042675,-0.000109,-0.000028,0.000020,0.000000,0.000000,0.000000,0,1,0,0,0,0,177.272598,1691.412964,32.457325,177.375000,1691.375000,32.500000,177.272598,1691.412964,32.457325,-0.102402,0.037964,-0.042675,0.000000,0.000000,0.000000,0.000052,0.000000,1,1,1,0,195.397598,1704.537964,33.332325,195.500000,1704.500000,33.375000,195.397598,1704.537964,33.332325,-0.102402,0.037964,-0.042675,0.000000,0.000000,0.000000,0.000046,0.000000,1,1,1,0
154.907551,0.013513,0,4104,100.0,202.982025,1668.646240,39.594688,203.004623,1668.684204,39.552013,0.000000,0.000000,0.000000,0.000000,0.000000,0.000000,203.004623,1668.684204,30.552013,0.022598,0.037964,-0.042675,0.022598,0.037964,-0.042675,-0.000109,-0.000028,0.000020,0.000000,0.000000,0.000000,0,1,0,0,0,0,177.272598,1691.412964,32.457325,177.250000,1691.375000,32.500000,177.272598,1691.412964,32.457325,0.022598,0.037964,-0.042675,0.000000,0.000000,0.000000,0.000052,0.000000,1,1,1,0,195.397598,1704.537964,33.332325,195.375000,1704.500000,33.375000,195.397598,1704.537964,33.332325,0.022598,0.037964,-0.042675,0.000000,0.000000,0.000000,0.000046,0.000000,1,1,1,0
154.921725,0.014174,0,4104,100.0,203.004623,1668.684204,39.552013,203.027222,1668.722168,39.634338,0.000000,0.000000,0.000000,0.000000,0.000000,0.000000,203.027222,1668.722168,30.634338,0.022598,0.037964,0.082325,0.022598,0.037964,0.082325,-0.000109,-0.000028,0.000020,0.000000,0.000000,0.000000,0,1,0,0,0,0,177.272598,1691.412964,32.457325,177.250000,1691.375000,32.375000,177.272598,1691.412964,32.457325,0.022598,0.037964,0.082325,0.000000,0.000000,0.000000,0.000052,0.000000,1,1,1,0,195.397598,1704.537964,33.332325,195.375000,1704.500000,33.250000,195.397598,1704.537964,33.332325,0.022598,0.037964,0.082325,0.000000,0.000000,0.000000,0.000046,0.000000,1,1,1,0
154.935490,0.013765,0,4104,100.0,203.027222,1668.722168,39.634338,203.049820,1668.635132,39.591663,0.000000,0.000000,0.000000,0.000000,0.000000,0.000000,203.049820,1668.635132,30.591663,0.022598,-0.087036,-0.042675,0.022598,-0.087036,-0.042675,-0.000109,-0.000028,0.000020,0.000000,0.000000,0.000000,0,1,0,0,0,0,177.272598,1691.412964,32.457325,177.250000,1691.500000,32.500000,177.272598,1691.412964,32.457325,0.022598,-0.087036,-0.042675,0.000000,0.000000,0.000000,0.000052,0.000000,1,1,1,0,195.397598,1704.537964,33.332325,195.375000,1704.625000,33.375000,195.397598,1704.537964,33.332325,0.022598,-0.087036,-0.042675,0.000000,0.000000,0.000000,0.000046,0.000000,1,1,1,0
154.948574,0.013084,0,4104,100.0,203.049820,1668.635132,39.591663,203.072418,1668.673096,39.548988,0.000000,0.000000,0.000000,0.000000,0.000000,0.000000,203.072418,1668.673096,30.548988,0.022598,0.037964,-0.042675,0.022598,0.037964,-0.042675,-0.000109,-0.000028,0.000020,0.000000,0.000000,0.000000,0,1,0,0,0,0,177.272598,1691.412964,32.457325,177.250000,1691.375000,32.500000,177.272598,1691.412964,32.457325,0.022598,0.037964,-0.042675,0.000000,0.000000,0.000000,0.000052,0.000000,1,1,1,0,195.397598,1704.537964,33.332325,195.375000,1704.500000,33.375000,195.397598,1704.537964,33.332325,0.022598,0.037964,-0.042675,0.000000,0.000000,0.000000,0.000046,0.000000,1,1,1,0
154.963256,0.014682,0,4104,100.0,203.072418,1668.673096,39.548988,202.970016,1668.711060,39.631313,0.000000,0.000000,0.000000,0.000000,0.000000,0.000000,202.970016,1668.711060,30.631313,-0.102402,0.037964,0.082325,-0.102402,0.037964,0.082325,-0.000109,-0.000028,0.000020,0.000000,0.000000,0.000000,0,1,0,0,0,0,177.272598,1691.412964,32.457325,177.375000,1691.375000,32.375000,177.272598,1691.412964,32.457325,-0.102402,0.037964,0.082325,0.000000,0.000000,0.000000,0.000052,0.000000,1,1,1,0,195.397598,1704.537964,33.332325,195.500000,1704.500000,33.250000,195.397598,1704.537964,33.332325,-0.102402,0.037964,0.082325,0.000000,0.000000,0.000000,0.000046,0.000000,1,1,1,0
154.977493,0.014238,0,4104,100.0,202.970016,1668.711060,39.631313,202.992615,1668.624023,39.588638,0.000000,0.000000,0.000000,0.000000,0.000000,0.000000,202.992615,1668.624023,30.588638,0.022598,-0.087036,-0.042675,0.022598,-0.087036,-0.042675,-0.000109,-0.000028,0.000020,0.000000,0.000000,0.000000,0,1,0,0,0,0,177.272598,1691.412964,32.457325,177.250000,1691.500000,32.500000,177.272598,1691.412964,32.457325,0.022598,-0.087036,-0.042675,0.000000,0.000000,0.000000,0.000052,0.000000,1,1,1,0,195.397598,1704.537964,33.332325,195.375000,1704.625000,33.375000,195.397598,1704.537964,33.332325,0.022598,-0.087036,-0.042675,0.000000,0.000000,0.000000,0.000046,0.000000,1,1,1,0
154.990164,0.012671,0,4104,100.0,202.992615,1668.624023,39.588638,203.015213,1668.661987,39.545963,0.000000,0.000000,0.000000,0.000000,0.000000,0.000000,203.015213,1668.661987,30.545963,0.022598,0.037964,-0.042675,0.022598,0.037964,-0.042675,-0.000109,-0.000028,0.000020,0.000000,0.000000,0.000000,0,1,0,0,0,0,177.272598,1691.412964,32.457325,177.250000,1691.375000,32.500000,177.272598,1691.412964,32.457325,0.022598,0.037964,-0.042675,0.000000,0.000000,0.000000,0.000052,0.000000,1,1,1,0,195.397598,1704.537964,33.332325,195.375000,1704.500000,33.375000,195.397598,1704.537964,33.332325,0.022598,0.037964,-0.042675,0.000000,0.000000,0.000000,0.000046,0.000000,1,1,1,0
155.004874,0.014710,0,4104,100.0,203.015213,1668.661987,39.545963,203.037811,1668.699951,39.628288,0.000000,0.000000,0.000000,0.000000,0.000000,0.000000,203.037811,1668.699951,30.628288,0.022598,0.037964,0.082325,0.022598,0.037964,0.082325,-0.000109,-0.000028,0.000020,0.000000,0.000000,0.000000,0,1,0,0,0,0,177.272598,1691.412964,32.457325,177.250000,1691.375000,32.375000,177.272598,1691.412964,32.457325,0.022598,0.037964,0.082325,0.000000,0.000000,0.000000,0.000052,0.000000,1,1,1,0,195.397598,1704.537964,33.332325,195.375000,1704.500000,33.250000,195.397598,1704.537964,33.332325,0.022598,0.037964,0.082325,0.000000,0.000000,0.000000,0.000046,0.000000,1,1,1,0
155.018106,0.013233,0,4104,100.0,203.037811,1668.699951,39.628288,203.060410,1668.612915,39.585613,0.000000,0.000000,0.000000,0.000000,0.000000,0.000000,203.060410,1668.612915,30.585613,0.022598,-0.087036,-0.042675,0.022598,-0.087036,-0.042675,-0.000109,-0.000028,0.000020,0.000000,0.000000,0.000000,0,1,0,0,0,0,177.272598,1691.412964,32.457325,177.250000,1691.500000,32.500000,177.272598,1691.412964,32.457325,0.022598,-0.087036,-0.042675,0.000000,0.000000,0.000000,0.000052,0.000000,1,1,1,0,195.397598,1704.537964,33.332325,195.375000,1704.625000,33.375000,195.397598,1704.537964,33.332325,0.022598,-0.087036,-0.042675,0.000000,0.000000,0.000000,0.000046,0.000000,1,1,1,0
155.033152,0.015046,0,4104,100.0,203.060410,1668.612915,39.585613,203.083008,1668.650879,39.542938,0.000000,0.000000,0.000000,0.000000,0.000000,0.000000,203.083008,1668.650879,30.542938,0.022598,0.037964,-0.042675,0.022598,0.037964,-0.042675,-0.000109,-0.000028,0.000020,0.000000,0.000000,0.000000,0,1,0,0,0,0,177.272598,1691.412964,32.457325,177.250000,1691.375000,32.500000,177.272598,1691.412964,32.457325,0.022598,0.037964,-0.042675,0.000000,0.000000,0.000000,0.000052,0.000000,1,1,1,0,195.397598,1704.537964,33.332325,195.375000,1704.500000,33.375000,195.397598,1704.537964,33.332325,0.022598,0.037964,-0.042675,0.000000,0.000000,0.000000,0.000046,0.000000,1,1,1,0
155.046345,0.013193,0,4104,100.0,203.083008,1668.650879,39.542938,202.980606,1668.688843,39.625263,0.000000,0.000000,0.000000,0.000000,0.000000,0.000000,202.980606,1668.688843,30.625263,-0.102402,0.037964,0.082325,-0.102402,0.037964,0.082325,-0.000109,-0.000028,0.000020,0.000000,0.000000,0.000000,0,1,0,0,0,0,177.272598,1691.412964,32.457325,177.375000,1691.375000,32.375000,177.272598,1691.412964,32.457325,-0.102402,0.037964,0.082325,0.000000,0.000000,0.000000,0.000052,0.000000,1,1,1,0,195.397598,1704.537964,33.332325,195.500000,1704.500000,33.250000,195.397598,1704.537964,33.332325,-0.102402,0.037964,0.082325,0.000000,0.000000,0.000000,0.000046,0.000000,1,1,1,0
155.061577,0.015232,0,4104,100.0,202.980606,1668.688843,39.625263,203.003204,1668.601807,39.582588,0.000000,0.000000,0.000000,0.000000,0.000000,0.000000,203.003204,1668.601807,30.582588,0.022598,-0.087036,-0.042675,0.022598,-0.087036,-0.042675,-0.000109,-0.000028,0.000020,0.000000,0.000000,0.000000,0,1,0,0,0,0,177.272598,1691.412964,32.457325,177.250000,1691.500000,32.500000,177.272598,1691.412964,32.457325,0.022598,-0.087036,-0.042675,0.000000,0.000000,0.000000,0.000052,0.000000,1,1,1,0,195.397598,1704.537964,33.332325,195.375000,1704.625000,33.375000,195.397598,1704.537964,33.332325,0.022598,-0.087036,-0.042675,0.000000,0.000000,0.000000,0.000046,0.000000,1,1,1,0
155.074344,0.012767,0,4104,100.0,203.003204,1668.601807,39.582588,203.025803,1668.639771,39.539913,0.000000,0.000000,0.000000,0.000000,0.000000,0.000000,203.025803,1668.639771,30.539913,0.022598,0.037964,-0.042675,0.022598,0.037964,-0.042675,-0.000109,-0.000028,0.000020,0.000000,0.000000,0.000000,0,1,0,0,0,0,177.272598,1691.412964,32.457325,177.250000,1691.375000,32.500000,177.272598,1691.412964,32.457325,0.022598,0.037964,-0.042675,0.000000,0.000000,0.000000,0.000052,0.000000,1,1,1,0,195.397598,1704.537964,33.332325,195.375000,1704.500000,33.375000,195.397598,1704.537964,33.332325,0.022598,0.037964,-0.042675,0.000000,0.000000,0.000000,0.000046,0.000000,1,1,1,0
155.087518,0.013174,0,4104,100.0,203.025803,1668.639771,39.539913,203.048401,1668.677734,39.622238,0.000000,0.000000,0.000000,0.000000,0.000000,0.000000,203.048401,1668.677734,30.622238,0.022598,0.037964,0.082325,0.022598,0.037964,0.082325,-0.000109,-0.000028,0.000020,0.000000,0.000000,0.000000,0,1,0,0,0,0,177.272598,1691.412964,32.457325,177.250000,1691.375000,32.375000,177.272598,1691.412964,32.457325,0.022598,0.037964,0.082325,0.000000,0.000000,0.000000,0.000052,0.000000,1,1,1,0,195.397598,1704.537964,33.332325,195.375000,1704.500000,33.250000,195.397598,1704.537964,33.332325,0.022598,0.037964,0.082325,0.000000,0.000000,0.000000,0.000046,0.000000,1,1,1,0
155.101775,0.014257,0,4104,100.0,203.048401,1668.677734,39.622238,203.070999,1668.715698,39.579563,0.000000,0.000000,0.000000,0.000000,0.000000,0.000000,203.070999,1668.715698,30.579563,0.022598,0.037964,-0.042675,0.022598,0.037964,-0.042675,-0.000109,-0.000028,0.000020,0.000000,0.000000,0.000000,0,1,0,0,0,0,177.272598,1691.412964,32.457325,177.250000,1691.375000,32.500000,177.272598,1691.412964,32.457325,0.022598,0.037964,-0.042675,0.000000,0.000000,0.000000,0.000052,0.000000,1,1,1,0,195.397598,1704.537964,33.332325,195.375000,1704.500000,33.375000,195.397598,1704.537964,33.332325,0.022598,0.037964,-0.042675,0.000000,0.000000,0.000000,0.000046,0.000000,1,1,1,0
155.116398,0.014623,0,4104,100.0,203.070999,1668.715698,39.579563,202.968597,1668.628662,39.536888,0.000000,0.000000,0.000000,0.000000,0.000000,0.000000,202.968597,1668.628662,30.536888,-0.102402,-0.087036,-0.042675,-0.102402,-0.087036,-0.042675,-0.000109,-0.000028,0.000020,0.000000,0.000000,0.000000,0,1,0,0,0,0,177.272598,1691.412964,32.457325,177.375000,1691.500000,32.500000,177.272598,1691.412964,32.457325,-0.102402,-0.087036,-0.042675,0.000000,0.000000,0.000000,0.000052,0.000000,1,1,1,0,195.397598,1704.537964,33.332325,195.500000,1704.625000,33.375000,195.397598,1704.537964,33.332325,-0.102402,-0.087036,-0.042675,0.000000,0.000000,0.000000,0.000046,0.000000,1,1,1,0
155.130099,0.013701,0,4104,100.0,202.968597,1668.628662,39.536888,202.991196,1668.666626,39.619213,0.000000,0.000000,0.000000,0.000000,0.000000,0.000000,202.991196,1668.666626,30.619213,0.022598,0.037964,0.082325,0.022598,0.037964,0.082325,-0.000109,-0.000028,0.000020,0.000000,0.000000,0.000000,0,1,0,0,0,0,177.272598,1691.412964,32.457325,177.250000,1691.375000,32.375000,177.272598,1691.412964,32.457325,0.022598,0.037964,0.082325,0.000000,0.000000,0.000000,0.000052,0.000000,1,1,1,0,195.397598,1704.537964,33.332325,195.375000,1704.500000,33.250000,195.397598,1704.537964,33.332325,0.022598,0.037964,0.082325,0.000000,0.000000,0.000000,0.000046,0.000000,1,1,1,0
155.142755,0.012657,0,4104,100.0,202.991196,1668.666626,39.619213,203.013794,1668.704590,39.576538,0.000000,0.000000,0.000000,0.000000,0.000000,0.000000,203.013794,1668.704590,30.576538,0.022598,0.037964,-0.042675,0.022598,0.037964,-0.042675,-0.000109,-0.000028,0.000020,0.000000,0.000000,0.000000,0,1,0,0,0,0,177.272598,1691.412964,32.457325,177.250000,1691.375000,32.500000,177.272598,1691.412964,32.457325,0.022598,0.037964,-0.042675,0.000000,0.000000,0.000000,0.000052,0.000000,1,1,1,0,195.397598,1704.537964,33.332325,195.375000,1704.500000,33.375000,195.397598,1704.537964,33.332325,0.022598,0.037964,-0.042675,0.000000,0.000000,0.000000,0.000046,0.000000,1,1,1,0
155.157486,0.014730,0,4104,100.0,203.013794,1668.704590,39.576538,203.036392,1668.617554,39.533863,0.000000,0.000000,0.000000,0.000000,0.000000,0.000000,203.036392,1668.617554,30.533863,0.022598,-0.087036,-0.042675,0.022598,-0.087036,-0.042675,-0.000109,-0.000028,0.000020,0.000000,0.000000,0.000000,0,1,0,0,0,0,177.272598,1691.412964,32.457325,177.250000,1691.500000,32.500000,177.272598,1691.412964,32.457325,0.022598,-0.087036,-0.042675,0.000000,0.000000,0.000000,0.000052,0.000000,1,1,1,0,195.397598,1704.537964,33.332325,195.375000,1704.625000,33.375000,195.397598,1704.537964,33.332325,0.022598,-0.087036,-0.042675,0.000000,0.000000,0.000000,0.000046,0.000000,1,1,1,0
155.170913,0.013428,0,4104,100.0,203.036392,1668.617554,39.533863,203.058990,1668.655518,39.616188,0.000000,0.000000,0.000000,0.000000,0.000000,0.000000,203.058990,1668.655518,30.616188,0.022598,0.037964,0.082325,0.022598,0.037964,0.082325,-0.000109,-0.000028,0.000020,0.000000,0.000000,0.000000,0,1,0,0,0,0,177.272598,1691.412964,32.457325,177.250000,1691.375000,32.375000,177.272598,1691.412964,32.457325,0.022598,0.037964,0.082325,0.000000,0.000000,0.000000,0.000052,0.000000,1,1,1,0,195.397598,1704.537964,33.332325,195.375000,1704.500000,33.250000,195.397598,1704.537964,33.332325,0.022598,0.037964,0.082325,0.000000,0.000000,0.000000,0.000046,0.000000,1,1,1,0
155.184544,0.013631,0,4104,100.0,203.058990,1668.655518,39.616188,203.081589,1668.693481,39.573513,0.000000,0.000000,0.000000,0.000000,0.000000,0.000000,203.081589,1668.693481,30.573513,0.022598,0.037964,-0.042675,0.022598,0.037964,-0.042675,-0.000109,-0.000028,0.000020,0.000000,0.000000,0.000000,0,1,0,0,0,0,177.272598,1691.412964,32.457325,177.250000,1691.375000,32.500000,177.272598,1691.412964,32.457325,0.022598,0.037964,-0.042675,0.000000,0.000000,0.000000,0.000052,0.000000,1,1,1,0,195.397598,1704.537964,33.332325,195.375000,1704.500000,33.375000,195.397598,1704.537964,33.332325,0.022598,0.037964,-0.042675,0.000000,0.000000,0.000000,0.000046,0.000000,1,1,1,0
155.198716,0.014172,0,4104,100.0,203.081589,1668.693481,39.573513,202.979187,1668.606445,39.530838,0.000000,0.000000,0.000000,0.000000,0.000000,0.000000,202.979187,1668.606445,30.530838,-0.102402,-0.087036,-0.042675,-0.102402,-0.087036,-0.042675,-0.000109,-0.000028,0.000020,0.000000,0.000000,0.000000,0,1,0,0,0,0,177.272598,1691.412964,32.457325,177.375000,1691.500000,32.500000,177.272598,1691.412964,32.457325,-0.102402,-0.087036,-0.042675,0.000000,0.000000,0.000000,0.000052,0.000000,1,1,1,0,195.397598,1704.537964,33.332325,195.500000,1704.625000,33.375000,195.397598,1704.537964,33.332325,-0.102402,-0.087036,-0.042675,0.000000,0.000000,0.000000,0.000046,0.000000,1,1,1,0
155.212389,0.013673,0,4104,100.0,202.979187,1668.606445,39.530838,203.001785,1668.644409,39.613163,0.000000,0.000000,0.000000,0.000000,0.000000,0.000000,203.001785,1668.644409,30.613163,0.022598,0.037964,0.082325,0.022598,0.037964,0.082325,-0.000109,-0.000028,0.000020,0.000000,0.000000,0.000000,0,1,0,0,0,0,177.272598,1691.412964,32.457325,177.250000,1691.375000,32.375000,177.272598,1691.412964,32.457325,0.022598,0.037964,0.082325,0.000000,0.000000,0.000000,0.000052,0.000000,1,1,1,0,195.397598,1704.537964,33.332325,195.375000,1704.500000,33.250000,195.397598,1704.537964,33.332325,0.022598,0.037964,0.082325,0.000000,0.000000,0.000000,0.000046,0.000000,1,1,1,0
155.226022,0.013634,0,4104,100.0,203.001785,1668.644409,39.613163,203.024384,1668.682373,39.570488,0.000000,0.000000,0.000000,0.000000,0.000000,0.000000,203.024384,1668.682373,30.570488,0.022598,0.037964,-0.042675,0.022598,0.037964,-0.042675,-0.000109,-0.000028,0.000020,0.000000,0.000000,0.000000,0,1,0,0,0,0,177.272598,1691.412964,32.457325,177.250000,1691.375000,32.500000,177.272598,1691.412964,32.457325,0.022598,0.037964,-0.042675,0.000000,0.000000,0.000000,0.000052,0.000000,1,1,1,0,195.397598,1704.537964,33.332325,195.375000,1704.500000,33.375000,195.397598,1704.537964,33.332325,0.022598,0.037964,-0.042675,0.000000,0.000000,0.000000,0.000046,0.000000,1,1,1,0
155.240255,0.014232,0,4104,100.0,203.024384,1668.682373,39.570488,203.046982,1668.720337,39.527813,0.000000,0.000000,0.000000,0.000000,0.000000,0.000000,203.046982,1668.720337,30.527813,0.022598,0.037964,-0.042675,0.022598,0.037964,-0.042675,-0.000109,-0.000028,0.000020,0.000000,0.000000,0.000000,0,1,0,0,0,0,177.272598,1691.412964,32.457325,177.250000,1691.375000,32.500000,177.272598,1691.412964,32.457325,0.022598,0.037964,-0.042675,0.000000,0.000000,0.000000,0.000052,0.000000,1,1,1,0,195.397598,1704.537964,33.332325,195.375000,1704.500000,33.375000,195.397598,1704.537964,33.332325,0.022598,0.037964,-0.042675,0.000000,0.000000,0.000000,0.000046,0.000000,1,1,1,0
155.253977,0.013722,0,4104,100.0,203.046982,1668.720337,39.527813,203.069580,1668.633301,39.610138,0.000000,0.000000,0.000000,0.000000,0.000000,0.000000,203.069580,1668.633301,30.610138,0.022598,-0.087036,0.082325,0.022598,-0.087036,0.082325,-0.000109,-0.000028,0.000020,0.000000,0.000000,0.000000,0,1,0,0,0,0,177.272598,1691.412964,32.457325,177.250000,1691.500000,32.375000,177.272598,1691.412964,32.457325,0.022598,-0.087036,0.082325,0.000000,0.000000,0.000000,0.000052,0.000000,1,1,1,0,195.397598,1704.537964,33.332325,195.375000,1704.625000,33.250000,195.397598,1704.537964,33.332325,0.022598,-0.087036,0.082325,0.000000,0.000000,0.000000,0.000046,0.000000,1,1,1,0
155.268162,0.014185,0,4104,100.0,203.069580,1668.633301,39.610138,202.967178,1668.671265,39.567463,0.000000,0.000000,0.000000,0.000000,0.000000,0.000000,202.967178,1668.671265,30.567463,-0.102402,0.037964,-0.042675,-0.102402,0.037964,-0.042675,-0.000109,-0.000028,0.000020,0.000000,0.000000,0.000000,0,1,0,0,0,0,177.272598,1691.412964,32.457325,177.375000,1691.375000,32.500000,177.272598,1691.412964,32.457325,-0.102402,0.037964,-0.042675,0.000000,0.000000,0.000000,0.000052,0.000000,1,1,1,0,195.397598,1704.537964,33.332325,195.500000,1704.500000,33.375000,195.397598,1704.537964,33.332325,-0.102402,0.037964,-0.042675,0.000000,0.000000,0.000000,0.000046,0.000000,1,1,1,0
155.281765,0.013603,0,4104,100.0,202.967178,1668.671265,39.567463,202.989777,1668.709229,39.524788,0.000000,0.000000,0.000000,0.000000,0.000000,0.000000,202.989777,1668.709229,30.524788,0.022598,0.037964,-0.042675,0.022598,0.037964,-0.042675,-0.000109,-0.000028,0.000020,0.000000,0.000000,0.000000,0,1,0,0,0,0,177.272598,1691.412964,32.457325,177.250000,1691.375000,32.500000,177.272598,1691.412964,32.457325,0.022598,0.037964,-0.042675,0.000000,0.000000,0.000000,0.000052,0.000000,1,1,1,0,195.397598,1704.537964,33.332325,195.375000,1704.500000,33.375000,195.397598,1704.537964,33.332325,0.022598,0.037964,-0.042675,0.000000,0.000000,0.000000,0.000046,0.000000,1,1,1,0
155.296951,0.015186,0,4104,100.0,202.989777,1668.709229,39.524788,203.012375,1668.622192,39.607113,0.000000,0.000000,0.000000,0.000000,0.000000,0.000000,203.012375,1668.622192,30.607113,0.022598,-0.087036,0.082325,0.022598,-0.087036,0.082325,-0.000109,-0.000028,0.000020,0.000000,0.000000,0.000000,0,1,0,0,0,0,177.272598,1691.412964,32.457325,177.250000,1691.500000,32.375000,177.272598,1691.412964,32.457325,0.022598,-0.087036,0.082325,0.000000,0.000000,0.000000,0.000052,0.000000,1,1,1,0,195.397598,1704.537964,33.332325,195.375000,1704.625000,33.250000,195.397598,1704.537964,33.332325,0.022598,-0.087036,0.082325,0.000000,0.000000,0.000000,0.000046,0.000000,1,1,1,0
155.310249,0.013299,0,4104,100.0,203.012375,1668.622192,39.607113,203.034973,1668.660156,39.564438,0.000000,0.000000,0.000000,0.000000,0.000000,0.000000,203.034973,1668.660156,30.564438,0.022598,0.037964,-0.042675,0.022598,0.037964,-0.042675,-0.000109,-0.000028,0.000020,0.000000,0.000000,0.000000,0,1,0,0,0,0,177.272598,1691.412964,32.457325,177.250000,1691.375000,32.500000,177.272598,1691.412964,32.457325,0.022598,0.037964,-0.042675,0.000000,0.000000,0.000000,0.000052,0.000000,1,1,1,0,195.397598,1704.537964,33.332325,195.375000,1704.500000,33.375000,195.397598,1704.537964,33.332325,0.022598,0.037964,-0.042675,0.000000,0.000000,0.000000,0.000046,0.000000,1,1,1,0
155.323317,0.013067,0,4104,100.0,203.034973,1668.660156,39.564438,203.057571,1668.698120,39.521763,0.000000,0.000000,0.000000,0.000000,0.000000,0.000000,203.057571,1668.698120,30.521763,0.022598,0.037964,-0.042675,0.022598,0.037964,-0.042675,-0.000109,-0.000028,0.000020,0.000000,0.000000,0.000000,0,1,0,0,0,0,177.272598,1691.412964,32.457325,177.250000,1691.375000,32.500000,177.272598,1691.412964,32.457325,0.022598,0.037964,-0.042675,0.000000,0.000000,0.000000,0.000052,0.000000,1,1,1,0,195.397598,1704.537964,33.332325,195.375000,1704.500000,33.375000,195.397598,1704.537964,33.332325,0.022598,0.037964,-0.042675,0.000000,0.000000,0.000000,0.000046,0.000000,1,1,1,0
155.337993,0.014676,0,4104,100.0,203.057571,1668.698120,39.521763,203.080170,1668.611084,39.604088,0.000000,0.000000,0.000000,0.000000,0.000000,0.000000,203.080170,1668.611084,30.604088,0.022598,-0.087036,0.082325,0.022598,-0.087036,0.082325,-0.000109,-0.000028,0.000020,0.000000,0.000000,0.000000,0,1,0,0,0,0,177.272598,1691.412964,32.457325,177.250000,1691.500000,32.375000,177.272598,1691.412964,32.457325,0.022598,-0.087036,0.082325,0.000000,0.000000,0.000000,0.000052,0.000000,1,1,1,0,195.397598,1704.537964,33.332325,195.375000,1704.625000,33.250000,195.397598,1704.537964,33.332325,0.022598,-0.087036,0.082325,0.000000,0.000000,0.000000,0.000046,0.000000,1,1,1,0
155.351786,0.013793,0,4104,100.0,203.080170,1668.611084,39.604088,202.977768,1668.649048,39.561413,0.000000,0.000000,0.000000,0.000000,0.000000,0.000000,202.977768,1668.649048,30.561413,-0.102402,0.037964,-0.042675,-0.102402,0.037964,-0.042675,-0.000109,-0.000028,0.000020,0.000000,0.000000,0.000000,0,1,0,0,0,0,177.272598,1691.412964,32.457325,177.375000,1691.375000,32.500000,177.272598,1691.412964,32.457325,-0.102402,0.037964,-0.042675,0.000000,0.000000,0.000000,0.000052,0.000000,1,1,1,0,195.397598,1704.537964,33.332325,195.500000,1704.500000,33.375000,195.397598,1704.537964,33.332325,-0.102402,0.037964,-0.042675,0.000000,0.000000,0.000000,0.000046,0.000000,1,1,1,0
155.366363,0.014577,0,4104,100.0,202.977768,1668.649048,39.561413,203.000366,1668.687012,39.643738,0.000000,0.000000,0.000000,0.000000,0.000000,0.000000,203.000366,1668.687012,30.643738,0.022598,0.037964,0.082325,0.022598,0.037964,0.082325,-0.000109,-0.000028,0.000020,0.000000,0.000000,0.000000,0,1,0,0,0,0,177.272598,1691.412964,32.457325,177.250000,1691.375000,32.375000,177.272598,1691.412964,32.457325,0.022598,0.037964,0.082325,0.000000,0.000000,0.000000,0.000052,0.000000,1,1,1,0,195.397598,1704.537964,33.332325,195.375000,1704.500000,33.250000,195.397598,1704.537964,33.332325,0.022598,0.037964,0.082325,0.000000,0.000000,0.000000,0.000046,0.000000,1,1,1,0
155.380157,0.013794,0,4104,100.0,203.000366,1668.687012,39.643738,203.022964,1668.724976,39.601063,0.000000,0.000000,0.000000,0.000000,0.000000,0.000000,203.022964,1668.724976,30.601063,0.022598,0.037964,-0.042675,0.022598,0.037964,-0.042675,-0.000109,-0.000028,0.000020,0.000000,0.000000,0.000000,0,1,0,0,0,0,177.272598,1691.412964,32.457325,177.250000,1691.375000,32.500000,177.272598,1691.412964,32.457325,0.022598,0.037964,-0.042675,0.000000,0.000000,0.000000,0.000052,0.000000,1,1,1,0,195.397598,1704.537964,33.332325,195.375000,1704.500000,33.375000,195.397598,1704.537964,33.332325,0.022598,0.037964,-0.042675,0.000000,0.000000,0.000000,0.000046,0.000000,1,1,1,0
155.393260,0.013103,0,4104,100.0,203.022964,1668.724976,39.601063,203.045563,1668.637939,39.558388,0.000000,0.000000,0.000000,0.000000,0.000000,0.000000,203.045563,1668.637939,30.558388,0.022598,-0.087036,-0.042675,0.022598,-0.087036,-0.042675,-0.000109,-0.000028,0.000020,0.000000,0.000000,0.000000,0,1,0,0,0,0,177.272598,1691.412964,32.457325,177.250000,1691.500000,32.500000,177.272598,1691.412964,32.457325,0.022598,-0.087036,-0.042675,0.000000,0.000000,0.000000,0.000052,0.000000,1,1,1,0,195.397598,1704.537964,33.332325,195.375000,1704.625000,33.375000,195.397598,1704.537964,33.332325,0.022598,-0.087036,-0.042675,0.000000,0.000000,0.000000,0.000046,0.000000,1,1,1,0
155.406953,0.013693,0,4104,100.0,203.045563,1668.637939,39.558388,203.068161,1668.675903,39.640713,0.000000,0.000000,0.000000,0.000000,0.000000,0.000000,203.068161,1668.675903,30.640713,0.022598,0.037964,0.082325,0.022598,0.037964,0.082325,-0.000109,-0.000028,0.000020,0.000000,0.000000,0.000000,0,1,0,0,0,0,177.272598,1691.412964,32.457325,177.250000,1691.375000,32.375000,177.272598,1691.412964,32.457325,0.022598,0.037964,0.082325,0.000000,0.000000,0.000000,0.000052,0.000000,1,1,1,0,195.397598,1704.537964,33.332325,195.375000,1704.500000,33.250000,195.397598,1704.537964,33.332325,0.022598,0.037964,0.082325,0.000000,0.000000,0.000000,0.000046,0.000000,1,1,1,0
155.421636,0.014683,0,4104,100.0,203.068161,1668.675903,39.640713,202.965759,1668.713867,39.598038,0.000000,0.000000,0.000000,0.000000,0.000000,0.000000,202.965759,1668.713867,30.598038,-0.102402,0.037964,-0.042675,-0.102402,0.037964,-0.042675,-0.000109,-0.000028,0.000020,0.000000,0.000000,0.000000,0,1,0,0,0,0,177.272598,1691.412964,32.457325,177.375000,1691.375000,32.500000,177.272598,1691.412964,32.457325,-0.102402,0.037964,-0.042675,0.000000,0.000000,0.000000,0.000052,0.000000,1,1,1,0,195.397598,1704.537964,33.332325,195.500000,1704.500000,33.375000,195.397598,1704.537964,33.332325,-0.102402,0.037964,-0.042675,0.000000,0.000000,0.000000,0.000046,0.000000,1,1,1,0
155.434861,0.013225,0,4104,100.0,202.965759,1668.713867,39.598038,202.988358,1668.626831,39.555363,0.000000,0.000000,0.000000,0.000000,0.000000,0.000000,202.988358,1668.626831,30.555363,0.022598,-0.087036,-0.042675,0.022598,-0.087036,-0.042675,-0.000109,-0.000028,0.000020,0.000000,0.000000,0.000000,0,1,0,0,0,0,177.272598,1691.412964,32.457325,177.250000,1691.500000,32.500000,177.272598,1691.412964,32.457325,0.022598,-0.087036,-0.042675,0.000000,0.000000,0.000000,0.000052,0.000000,1,1,1,0,195.397598,1704.537964,33.332325,195.375000,1704.625000,33.375000,195.397598,1704.537964,33.332325,0.022598,-0.087036,-0.042675,0.000000,0.000000,0.000000,0.000046,0.000000,1,1,1,0
155.448559,0.013698,0,4104,100.0,202.988358,1668.626831,39.555363,203.010956,1668.664795,39.637688,0.000000,0.000000,0.000000,0.000000,0.000000,0.000000,203.010956,1668.664795,30.637688,0.022598,0.037964,0.082325,0.022598,0.037964,0.082325,-0.000109,-0.000028,0.000020,0.000000,0.000000,0.000000,0,1,0,0,0,0,177.272598,1691.412964,32.457325,177.250000,1691.375000,32.375000,177.272598,1691.412964,32.457325,0.022598,0.037964,0.082325,0.000000,0.000000,0.000000,0.000052,0.000000,1,1,1,0,195.397598,1704.537964,33.332325,195.375000,1704.500000,33.250000,195.397598,1704.537964,33.332325,0.022598,0.037964,0.082325,0.000000,0.000000,0.000000,0.000046,0.000000,1,1,1,0
155.463268,0.014709,0,4104,100.0,203.010956,1668.664795,39.637688,203.033554,1668.702759,39.595013,0.000000,0.000000,0.000000,0.000000,0.000000,0.000000,203.033554,1668.702759,30.595013,0.022598,0.037964,-0.042675,0.022598,0.037964,-0.042675,-0.000109,-0.000028,0.000020,0.000000,0.000000,0.000000,0,1,0,0,0,0,177.272598,1691.412964,32.457325,177.250000,1691.375000,32.500000,177.272598,1691.412964,32.457325,0.022598,0.037964,-0.042675,0.000000,0.000000,0.000000,0.000052,0.000000,1,1,1,0,195.397598,1704.537964,33.332325,195.375000,1704.500000,33.375000,195.397598,1704.537964,33.332325,0.022598,0.037964,-0.042675,0.000000,0.000000,0.000000,0.000046,0.000000,1,1,1,0
155.475941,0.012673,0,4104,100.0,203.033554,1668.702759,39.595013,203.056152,1668.615723,39.552338,0.000000,0.000000,0.000000,0.000000,0.000000,0.000000,203.056152,1668.615723,30.552338,0.022598,-0.087036,-0.042675,0.022598,-0.087036,-0.042675,-0.000109,-0.000028,0.000020,0.000000,0.000000,0.000000,0,1,0,0,0,0,177.272598,1691.412964,32.457325,177.250000,1691.500000,32.500000,177.272598,1691.412964,32.457325,0.022598,-0.087036,-0.042675,0.000000,0.000000,0.000000,0.000052,0.000000,1,1,1,0,195.397598,1704.537964,33.332325,195.375000,1704.625000,33.375000,195.397598,1704.537964,33.332325,0.022598,-0.087036,-0.042675,0.000000,0.000000,0.000000,0.000046,0.000000,1,1,1,0
155.490088,0.014146,0,4104,100.0,203.056152,1668.615723,39.552338,203.078751,1668.653687,39.634663,0.000000,0.000000,0.000000,0.000000,0.000000,0.000000,203.078751,1668.653687,30.634663,0.022598,0.037964,0.082325,0.022598,0.037964,0.082325,-0.000109,-0.000028,0.000020,0.000000,0.000000,0.000000,0,1,0,0,0,0,177.272598,1691.412964,32.457325,177.250000,1691.375000,32.375000,177.272598,1691.412964,32.457325,0.022598,0.037964,0.082325,0.000000,0.000000,0.000000,0.000052,0.000000,1,1,1,0,195.397598,1704.537964,33.332325,195.375000,1704.500000,33.250000,195.397598,1704.537964,33.332325,0.022598,0.037964,0.082325,0.000000,0.000000,0.000000,0.000046,0.000000,1,1,1,0
155.504791,0.014704,0,4104,100.0,203.078751,1668.653687,39.634663,202.976349,1668.691650,39.591988,0.000000,0.000000,0.000000,0.000000,0.000000,0.000000,202.976349,1668.691650,30.591988,-0.102402,0.037964,-0.042675,-0.102402,0.037964,-0.042675,-0.000109,-0.000028,0.000020,0.000000,0.000000,0.000000,0,1,0,0,0,0,177.272598,1691.412964,32.457325,177.375000,1691.375000,32.500000,177.272598,1691.412964,32.457325,-0.102402,0.037964,-0.042675,0.000000,0.000000,0.000000,0.000052,0.000000,1,1,1,0,195.397598,1704.537964,33.332325,195.500000,1704.500000,33.375000,195.397598,1704.537964,33.332325,-0.102402,0.037964,-0.042675,0.000000,0.000000,0.000000,0.000046,0.000000,1,1,1,0
155.517908,0.013117,0,4104,100.0,202.976349,1668.691650,39.591988,202.998947,1668.604614,39.549313,0.000000,0.000000,0.000000,0.000000,0.000000,0.000000,202.998947,1668.604614,30.549313,0.022598,-0.087036,-0.042675,0.022598,-0.087036,-0.042675,-0.000109,-0.000028,0.000020,0.000000,0.000000,0.000000,0,1,0,0,0,0,177.272598,1691.412964,32.457325,177.250000,1691.500000,32.500000,177.272598,1691.412964,32.457325,0.022598,-0.087036,-0.042675,0.000000,0.000000,0.000000,0.000052,0.000000,1,1,1,0,195.397598,1704.537964,33.332325,195.375000,1704.625000,33.375000,195.397598,1704.537964,33.332325,0.022598,-0.087036,-0.042675,0.000000,0.000000,0.000000,0.000046,0.000000,1,1,1,0
155.533102,0.015194,0,4104,100.0,202.998947,1668.604614,39.549313,203.021545,1668.642578,39.631638,0.000000,0.000000,0.000000,0.000000,0.000000,0.000000,203.021545,1668.642578,30.631638,0.022598,0.037964,0.082325,0.022598,0.037964,0.082325,-0.000109,-0.000028,0.000020,0.000000,0.000000,0.000000,0,1,0,0,0,0,177.272598,1691.412964,32.457325,177.250000,1691.375000,32.375000,177.272598,1691.412964,32.457325,0.022598,0.037964,0.082325,0.000000,0.000000,0.000000,0.000052,0.000000,1,1,1,0,195.397598,1704.537964,33.332325,195.375000,1704.500000,33.250000,195.397598,1704.537964,33.332325,0.022598,0.037964,0.082325,0.000000,0.000000,0.000000,0.000046,0.000000,1,1,1,0
155.546368,0.013266,0,4104,100.0,203.021545,1668.642578,39.631638,203.044144,1668.680542,39.588963,0.000000,0.000000,0.000000,0.000000,0.000000,0.000000,203.044144,1668.680542,30.588963,0.022598,0.037964,-0.042675,0.022598,0.037964,-0.042675,-0.000109,-0.000028,0.000020,0.000000,0.000000,0.000000,0,1,0,0,0,0,177.272598,1691.412964,32.457325,177.250000,1691.375000,32.500000,177.272598,1691.412964,32.457325,0.022598,0.037964,-0.042675,0.000000,0.000000,0.000000,0.000052,0.000000,1,1,1,0,195.397598,1704.537964,33.332325,195.375000,1704.500000,33.375000,195.397598,1704.537964,33.332325,0.022598,0.037964,-0.042675,0.000000,0.000000,0.000000,0.000046,0.000000,1,1,1,0
155.560017,0.013649,0,4104,100.0,203.044144,1668.680542,39.588963,203.066742,1668.718506,39.546288,0.000000,0.000000,0.000000,0.000000,0.000000,0.000000,203.066742,1668.718506,30.546288,0.022598,0.037964,-0.042675,0.022598,0.037964,-0.042675,-0.000109,-0.000028,0.000020,0.000000,0.000000,0.000000,0,1,0,0,0,0,177.272598,1691.412964,32.457325,177.250000,1691.375000,32.500000,177.272598,1691.412964,32.457325,0.022598,0.037964,-0.042675,0.000000,0.000000,0.000000,0.000052,0.000000,1,1,1,0,195.397598,1704.537964,33.332325,195.375000,1704.500000,33.375000,195.397598,1704.537964,33.332325,0.022598,0.037964,-0.042675,0.000000,0.000000,0.000000,0.000046,0.000000,1,1,1,0
155.574651,0.014634,0,4104,100.0,203.066742,1668.718506,39.546288,202.964340,1668.631470,39.628613,0.000000,0.000000,0.000000,0.000000,0.000000,0.000000,202.964340,1668.631470,30.628613,-0.102402,-0.087036,0.082325,-0.102402,-0.087036,0.082325,-0.000109,-0.000028,0.000020,0.000000,0.000000,0.000000,0,1,0,0,0,0,177.272598,1691.412964,32.457325,177.375000,1691.500000,32.375000,177.272598,1691.412964,32.457325,-0.102402,-0.087036,0.082325,0.000000,0.000000,0.000000,0.000052,0.000000,1,1,1,0,195.397598,1704.537964,33.332325,195.500000,1704.625000,33.250000,195.397598,1704.537964,33.332325,-0.102402,-0.087036,0.082325,0.000000,0.000000,0.000000,0.000046,0.000000,1,1,1,0
155.587829,0.013179,0,4104,100.0,202.964340,1668.631470,39.628613,202.986938,1668.669434,39.585938,0.000000,0.000000,0.000000,0.000000,0.000000,0.000000,202.986938,1668.669434,30.585938,0.022598,0.037964,-0.042675,0.022598,0.037964,-0.042675,-0.000109,-0.000028,0.000020,0.000000,0.000000,0.000000,0,1,0,0,0,0,177.272598,1691.412964,32.457325,177.250000,1691.375000,32.500000,177.272598,1691.412964,32.457325,0.022598,0.037964,-0.042675,0.000000,0.000000,0.000000,0.000052,0.000000,1,1,1,0,195.397598,1704.537964,33.332325,195.375000,1704.500000,33.375000,195.397598,1704.537964,33.332325,0.022598,0.037964,-0.042675,0.000000,0.000000,0.000000,0.000046,0.000000,1,1,1,0
155.602557,0.014728,0,4104,100.0,202.986938,1668.669434,39.585938,203.009537,1668.707397,39.543262,0.000000,0.000000,0.000000,0.000000,0.000000,0.000000,203.009537,1668.707397,30.543262,0.022598,0.037964,-0.042675,0.022598,0.037964,-0.042675,-0.000109,-0.000028,0.000020,0.000000,0.000000,0.000000,0,1,0,0,0,0,177.272598,1691.412964,32.457325,177.250000,1691.375000,32.500000,177.272598,1691.412964,32.457325,0.022598,0.037964,-0.042675,0.000000,0.000000,0.000000,0.000052,0.000000,1,1,1,0,195.397598,1704.537964,33.332325,195.375000,1704.500000,33.375000,195.397598,1704.537964,33.332325,0.022598,0.037964,-0.042675,0.000000,0.000000,0.000000,0.000046,0.000000,1,1,1,0
155.615182,0.012625,0,4104,100.0,203.009537,1668.707397,39.543262,203.032135,1668.620361,39.625587,0.000000,0.000000,0.000000,0.000000,0.000000,0.000000,203.032135,1668.620361,30.625587,0.022598,-0.087036,0.082325,0.022598,-0.087036,0.082325,-0.000109,-0.000028,0.000020,0.000000,0.000000,0.000000,0,1,0,0,0,0,177.272598,1691.412964,32.457325,177.250000,1691.500000,32.375000,177.272598,1691.412964,32.457325,0.022598,-0.087036,0.082325,0.000000,0.000000,0.000000,0.000052,0.000000,1,1,1,0,195.397598,1704.537964,33.332325,195.375000,1704.625000,33.250000,195.397598,1704.537964,33.332325,0.022598,-0.087036,0.082325,0.000000,0.000000,0.000000,0.000046,0.000000,1,1,1,0
155.630195,0.015013,0,4104,100.0,203.032135,1668.620361,39.625587,203.054733,1668.658325,39.582912,0.000000,0.000000,0.000000,0.000000,0.000000,0.000000,203.054733,1668.658325,30.582912,0.022598,0.037964,-0.042675,0.022598,0.037964,-0.042675,-0.000109,-0.000028,0.000020,0.000000,0.000000,0.000000,0,1,0,0,0,0,177.272598,1691.412964,32.457325,177.250000,1691.375000,32.500000,177.272598,1691.412964,32.457325,0.022598,0.037964,-0.042675,0.000000,0.000000,0.000000,0.000052,0.000000,1,1,1,0,195.397598,1704.537964,33.332325,195.375000,1704.500000,33.375000,195.397598,1704.537964,33.332325,0.022598,0.037964,-0.042675,0.000000,0.000000,0.000000,0.000046,0.000000,1,1,1,0
155.643328,0.013133,0,4104,100.0,203.054733,1668.658325,39.582912,203.077332,1668.696289,39.540237,0.000000,0.000000,0.000000,0.000000,0.000000,0.000000,203.077332,1668.696289,30.540237,0.022598,0.037964,-0.042675,0.022598,0.037964,-0.042675,-0.000109,-0.000028,0.000020,0.000000,0.000000,0.000000,0,1,0,0,0,0,177.272598,1691.412964,32.457325,177.250000,1691.375000,32.500000,177.272598,1691.412964,32.457325,0.022598,0.037964,-0.042675,0.000000,0.000000,0.000000,0.000052,0.000000,1,1,1,0,195.397598,1704.537964,33.332325,195.375000,1704.500000,33.375000,195.397598,1704.537964,33.332325,0.022598,0.037964,-0.042675,0.000000,0.000000,0.000000,0.000046,0.000000,1,1,1,0
155.657038,0.013710,0,4104,100.0,203.077332,1668.696289,39.540237,202.974930,1668.609253,39.622562,0.000000,0.000000,0.000000,0.000000,0.000000,0.000000,202.974930,1668.609253,30.622562,-0.102402,-0.087036,0.082325,-0.102402,-0.087036,0.082325,-0.000109,-0.000028,0.000020,0.000000,0.000000,0.000000,0,1,0,0,0,0,177.272598,1691.412964,32.457325,177.375000,1691.500000,32.375000,177.272598,1691.412964,32.457325,-0.102402,-0.087036,0.082325,0.000000,0.000000,0.000000,0.000052,0.000000,1,1,1,0,195.397598,1704.537964,33.332325,195.500000,1704.625000,33.250000,195.397598,1704.537964,33.332325,-0.102402,-0.087036,0.082325,0.000000,0.000000,0.000000,0.000046,0.000000,1,1,1,0
155.671285,0.014247,0,4104,100.0,202.974930,1668.609253,39.622562,202.997528,1668.647217,39.579887,0.000000,0.000000,0.000000,0.000000,0.000000,0.000000,202.997528,1668.647217,30.579887,0.022598,0.037964,-0.042675,0.022598,0.037964,-0.042675,-0.000109,-0.000028,0.000020,0.000000,0.000000,0.000000,0,1,0,0,0,0,177.272598,1691.412964,32.457325,177.250000,1691.375000,32.500000,177.272598,1691.412964,32.457325,0.022598,0.037964,-0.042675,0.000000,0.000000,0.000000,0.000052,0.000000,1,1,1,0,195.397598,1704.537964,33.332325,195.375000,1704.500000,33.375000,195.397598,1704.537964,33.332325,0.022598,0.037964,-0.042675,0.000000,0.000000,0.000000,0.000046,0.000000,1,1,1,0
155.684458,0.013173,0,4104,100.0,202.997528,1668.647217,39.579887,203.020126,1668.685181,39.537212,0.000000,0.000000,0.000000,0.000000,0.000000,0.000000,203.020126,1668.685181,30.537212,0.022598,0.037964,-0.042675,0.022598,0.037964,-0.042675,-0.000109,-0.000028,0.000020,0.000000,0.000000,0.000000,0,1,0,0,0,0,177.272598,1691.412964,32.457325,177.250000,1691.375000,32.500000,177.272598,1691.412964,32.457325,0.022598,0.037964,-0.042675,0.000000,0.000000,0.000000,0.000052,0.000000,1,1,1,0,195.397598,1704.537964,33.332325,195.375000,1704.500000,33.375000,195.397598,1704.537964,33.332325,0.022598,0.037964,-0.042675,0.000000,0.000000,0.000000,0.000046,0.000000,1,1,1,0
155.698679,0.014221,0,4104,100.0,203.020126,1668.685181,39.537212,203.042725,1668.723145,39.619537,0.000000,0.000000,0.000000,0.000000,0.000000,0.000000,203.042725,1668.723145,30.619537,0.022598,0.037964,0.082325,0.022598,0.037964,0.082325,-0.000109,-0.000028,0.000020,0.000000,0.000000,0.000000,0,1,0,0,0,0,177.272598,1691.412964,32.457325,177.250000,1691.375000,32.375000,177.272598,1691.412964,32.457325,0.022598,0.037964,0.082325,0.000000,0.000000,0.000000,0.000052,0.000000,1,1,1,0,195.397598,1704.537964,33.332325,195.375000,1704.500000,33.250000,195.397598,1704.537964,33.332325,0.022598,0.037964,0.082325,0.000000,0.000000,0.000000,0.000046,0.000000,1,1,1,0
155.712392,0.013713,0,4104,100.0,203.042725,1668.723145,39.619537,203.065323,1668.636108,39.576862,0.000000,0.000000,0.000000,0.000000,0.000000,0.000000,203.065323,1668.636108,30.576862,0.022598,-0.087036,-0.042675,0.022598,-0.087036,-0.042675,-0.000109,-0.000028,0.000020,0.000000,0.000000,0.000000,0,1,0,0,0,0,177.272598,1691.412964,32.457325,177.250000,1691.500000,32.500000,177.272598,1691.412964,32.457325,0.022598,-0.087036,-0.042675,0.000000,0.000000,0.000000,0.000052,0.000000,1,1,1,0,195.397598,1704.537964,33.332325,195.375000,1704.625000,33.375000,195.397598,1704.537964,33.332325,0.022598,-0.087036,-0.042675,0.000000,0.000000,0.000000,0.000046,0.000000,1,1,1,0
155.731581,0.019190,0,4104,100.0,203.065323,1668.636108,39.576862,202.962921,1668.674072,39.534187,0.000000,0.000000,0.000000,0.000000,0.000000,0.000000,202.962921,1668.674072,30.534187,-0.102402,0.037964,-0.042675,-0.102402,0.037964,-0.042675,-0.000109,-0.000028,0.000020,0.000000,0.000000,0.000000,0,1,0,0,0,0,177.272598,1691.412964,32.457325,177.375000,1691.375000,32.500000,177.272598,1691.412964,32.457325,-0.102402,0.037964,-0.042675,0.000000,0.000000,0.000000,0.000052,0.000000,1,1,1,0,195.397598,1704.537964,33.332325,195.500000,1704.500000,33.375000,195.397598,1704.537964,33.332325,-0.102402,0.037964,-0.042675,0.000000,0.000000,0.000000,0.000046,0.000000,1,1,1,0
155.741682,0.010101,0,4104,100.0,202.962921,1668.674072,39.534187,202.985519,1668.712036,39.616512,0.000000,0.000000,0.000000,0.000000,0.000000,0.000000,202.985519,1668.712036,30.616512,0.022598,0.037964,0.082325,0.022598,0.037964,0.082325,-0.000109,-0.000028,0.000020,0.000000,0.000000,0.000000,0,1,0,0,0,0,177.272598,1691.412964,32.457325,177.250000,1691.375000,32.375000,177.272598,1691.412964,32.457325,0.022598,0.037964,0.082325,0.000000,0.000000,0.000000,0.000052,0.000000,1,1,1,0,195.397598,1704.537964,33.332325,195.375000,1704.500000,33.250000,195.397598,1704.537964,33.332325,0.022598,0.037964,0.082325,0.000000,0.000000,0.000000,0.000046,0.000000,1,1,1,0
155.754921,0.013239,0,4104,100.0,202.985519,1668.712036,39.616512,203.008118,1668.625000,39.573837,0.000000,0.000000,0.000000,0.000000,0.000000,0.000000,203.008118,1668.625000,30.573837,0.022598,-0.087036,-0.042675,0.022598,-0.087036,-0.042675,-0.000109,-0.000028,0.000020,0.000000,0.000000,0.000000,0,1,0,0,0,0,177.272598,1691.412964,32.457325,177.250000,1691.500000,32.500000,177.272598,1691.412964,32.457325,0.022598,-0.087036,-0.042675,0.000000,0.000000,0.000000,0.000052,0.000000,1,1,1,0,195.397598,1704.537964,33.332325,195.375000,1704.625000,33.375000,195.397598,1704.537964,33.332325,0.022598,-0.087036,-0.042675,0.000000,0.000000,0.000000,0.000046,0.000000,1,1,1,0
155.768052,0.013130,0,4104,100.0,203.008118,1668.625000,39.573837,203.030716,1668.662964,39.531162,0.000000,0.000000,0.000000,0.000000,0.000000,0.000000,203.030716,1668.662964,30.531162,0.022598,0.037964,-0.042675,0.022598,0.037964,-0.042675,-0.000109,-0.000028,0.000020,0.000000,0.000000,0.000000,0,1,0,0,0,0,177.272598,1691.412964,32.457325,177.250000,1691.375000,32.500000,177.272598,1691.412964,32.457325,0.022598,0.037964,-0.042675,0.000000,0.000000,0.000000,0.000052,0.000000,1,1,1,0,195.397598,1704.537964,33.332325,195.375000,1704.500000,33.375000,195.397598,1704.537964,33.332325,0.022598,0.037964,-0.042675,0.000000,0.000000,0.000000,0.000046,0.000000,1,1,1,0
155.781758,0.013706,0,4104,100.0,203.030716,1668.662964,39.531162,203.053314,1668.700928,39.613487,0.000000,0.000000,0.000000,0.000000,0.000000,0.000000,203.053314,1668.700928,30.613487,0.022598,0.037964,0.082325,0.022598,0.037964,0.082325,-0.000109,-0.000028,0.000020,0.000000,0.000000,0.000000,0,1,0,0,0,0,177.272598,1691.412964,32.457325,177.250000,1691.375000,32.375000,177.272598,1691.412964,32.457325,0.022598,0.037964,0.082325,0.000000,0.000000,0.000000,0.000052,0.000000,1,1,1,0,195.397598,1704.537964,33.332325,195.375000,1704.500000,33.250000,195.397598,1704.537964,33.332325,0.022598,0.037964,0.082325,0.000000,0.000000,0.000000,0.000046,0.000000,1,1,1,0
155.796966,0.015208,0,4104,100.0,203.053314,1668.700928,39.613487,203.075912,1668.613892,39.570812,0.000000,0.000000,0.000000,0.000000,0.000000,0.000000,203.075912,1668.613892,30.570812,0.022598,-0.087036,-0.042675,0.022598,-0.087036,-0.042675,-0.000109,-0.000028,0.000020,0.000000,0.000000,0.000000,0,1,0,0,0,0,177.272598,1691.412964,32.457325,177.250000,1691.500000,32.500000,177.272598,1691.412964,32.457325,0.022598,-0.087036,-0.042675,0.000000,0.000000,0.000000,0.000052,0.000000,1,1,1,0,195.397598,1704.537964,33.332325,195.375000,1704.625000,33.375000,195.397598,1704.537964,33.332325,0.022598,-0.087036,-0.042675,0.000000,0.000000,0.000000,0.000046,0.000000,1,1,1,0
155.810130,0.013163,0,4104,100.0,203.075912,1668.613892,39.570812,202.973511,1668.651855,39.528137,0.000000,0.000000,0.000000,0.000000,0.000000,0.000000,202.973511,1668.651855,30.528137,-0.102402,0.037964,-0.042675,-0.102402,0.037964,-0.042675,-0.000109,-0.000028,0.000020,0.000000,0.000000,0.000000,0,1,0,0,0,0,177.272598,1691.412964,32.457325,177.375000,1691.375000,32.500000,177.272598,1691.412964,32.457325,-0.102402,0.037964,-0.042675,0.000000,0.000000,0.000000,0.000052,0.000000,1,1,1,0,195.397598,1704.537964,33.332325,195.500000,1704.500000,33.375000,195.397598,1704.537964,33.332325,-0.102402,0.037964,-0.042675,0.000000,0.000000,0.000000,0.000046,0.000000,1,1,1,0
155.824873,0.014744,0,4104,100.0,202.973511,1668.651855,39.528137,202.996109,1668.689819,39.610462,0.000000,0.000000,0.000000,0.000000,0.000000,0.000000,202.996109,1668.689819,30.610462,0.022598,0.037964,0.082325,0.022598,0.037964,0.082325,-0.000109,-0.000028,0.000020,0.000000,0.000000,0.000000,0,1,0,0,0,0,177.272598,1691.412964,32.457325,177.250000,1691.375000,32.375000,177.272598,1691.412964,32.457325,0.022598,0.037964,0.082325,0.000000,0.000000,0.000000,0.000052,0.000000,1,1,1,0,195.397598,1704.537964,33.332325,195.375000,1704.500000,33.250000,195.397598,1704.537964,33.332325,0.022598,0.037964,0.082325,0.000000,0.000000,0.000000,0.000046,0.000000,1,1,1,0
155.838084,0.013211,0,4104,100.0,202.996109,1668.689819,39.610462,203.018707,1668.602783,39.567787,0.000000,0.000000,0.000000,0.000000,0.000000,0.000000,203.018707,1668.602783,30.567787,0.022598,-0.087036,-0.042675,0.022598,-0.087036,-0.042675,-0.000109,-0.000028,0.000020,0.000000,0.000000,0.000000,0,1,0,0,0,0,177.272598,1691.412964,32.457325,177.250000,1691.500000,32.500000,177.272598,1691.412964,32.457325,0.022598,-0.087036,-0.042675,0.000000,0.000000,0.000000,0.000052,0.000000,1,1,1,0,195.397598,1704.537964,33.332325,195.375000,1704.625000,33.375000,195.397598,1704.537964,33.332325,0.022598,-0.087036,-0.042675,0.000000,0.000000,0.000000,0.000046,0.000000,1,1,1,0
155.851842,0.013758,0,4104,100.0,203.018707,1668.602783,39.567787,203.041306,1668.640747,39.525112,0.000000,0.000000,0.000000,0.000000,0.000000,0.000000,203.041306,1668.640747,30.525112,0.022598,0.037964,-0.042675,0.022598,0.037964,-0.042675,-0.000109,-0.000028,0.000020,0.000000,0.000000,0.000000,0,1,0,0,0,0,177.272598,1691.412964,32.457325,177.250000,1691.375000,32.500000,177.272598,1691.412964,32.457325,0.022598,0.037964,-0.042675,0.000000,0.000000,0.000000,0.000052,0.000000,1,1,1,0,195.397598,1704.537964,33.332325,195.375000,1704.500000,33.375000,195.397598,1704.537964,33.332325,0.022598,0.037964,-0.042675,0.000000,0.000000,0.000000,0.000046,0.000000,1,1,1,0
155.865596,0.013755,0,4104,100.0,203.041306,1668.640747,39.525112,203.063904,1668.678711,39.607437,0.000000,0.000000,0.000000,0.000000,0.000000,0.000000,203.063904,1668.678711,30.607437,0.022598,0.037964,0.082325,0.022598,0.037964,0.082325,-0.000109,-0.000028,0.000020,0.000000,0.000000,0.000000,0,1,0,0,0,0,177.272598,1691.412964,32.457325,177.250000,1691.375000,32.375000,177.272598,1691.412964,32.457325,0.022598,0.037964,0.082325,0.000000,0.000000,0.000000,0.000052,0.000000,1,1,1,0,195.397598,1704.537964,33.332325,195.375000,1704.500000,33.250000,195.397598,1704.537964,33.332325,0.022598,0.037964,0.082325,0.000000,0.000000,0.000000,0.000046,0.000000,1,1,1,0
155.878791,0.013194,0,4104,100.0,203.063904,1668.678711,39.607437,202.961502,1668.716675,39.564762,0.000000,0.000000,0.000000,0.000000,0.000000,0.000000,202.961502,1668.716675,30.564762,-0.102402,0.037964,-0.042675,-0.102402,0.037964,-0.042675,-0.000109,-0.000028,0.000020,0.000000,0.000000,0.000000,0,1,0,0,0,0,177.272598,1691.412964,32.457325,177.375000,1691.375000,32.500000,177.272598,1691.412964,32.457325,-0.102402,0.037964,-0.042675,0.000000,0.000000,0.000000,0.000052,0.000000,1,1,1,0,195.397598,1704.537964,33.332325,195.500000,1704.500000,33.375000,195.397598,1704.537964,33.332325,-0.102402,0.037964,-0.042675,0.000000,0.000000,0.000000,0.000046,0.000000,1,1,1,0
155.893972,0.015181,0,4104,100.0,202.961502,1668.716675,39.564762,202.984100,1668.629639,39.522087,0.000000,0.000000,0.000000,0.000000,0.000000,0.000000,202.984100,1668.629639,30.522087,0.022598,-0.087036,-0.042675,0.022598,-0.087036,-0.042675,-0.000109,-0.000028,0.000020,0.000000,0.000000,0.000000,0,1,0,0,0,0,177.272598,1691.412964,32.457325,177.250000,1691.500000,32.500000,177.272598,1691.412964,32.457325,0.022598,-0.087036,-0.042675,0.000000,0.000000,0.000000,0.000052,0.000000,1,1,1,0,195.397598,1704.537964,33.332325,195.375000,1704.625000,33.375000,195.397598,1704.537964,33.332325,0.022598,-0.087036,-0.042675,0.000000,0.000000,0.000000,0.000046,0.000000,1,1,1,0
155.907707,0.013735,0,4104,100.0,202.984100,1668.629639,39.522087,203.006699,1668.667603,39.604412,0.000000,0.000000,0.000000,0.000000,0.000000,0.000000,203.006699,1668.667603,30.604412,0.022598,0.037964,0.082325,0.022598,0.037964,0.082325,-0.000109,-0.000028,0.000020,0.000000,0.000000,0.000000,0,1,0,0,0,0,177.272598,1691.412964,32.457325,177.250000,1691.375000,32.375000,177.272598,1691.412964,32.457325,0.022598,0.037964,0.082325,0.000000,0.000000,0.000000,0.000052,0.000000,1,1,1,0,195.397598,1704.537964,33.332325,195.375000,1704.500000,33.250000,195.397598,1704.537964,33.332325,0.022598,0.037964,0.082325,0.000000,0.000000,0.000000,0.000046,0.000000,1,1,1,0
155.921401,0.013694,0,4104,100.0,203.006699,1668.667603,39.604412,203.029297,1668.705566,39.561737,0.000000,0.000000,0.000000,0.000000,0.000000,0.000000,203.029297,1668.705566,30.561737,0.022598,0.037964,-0.042675,0.022598,0.037964,-0.042675,-0.000109,-0.000028,0.000020,0.000000,0.000000,0.000000,0,1,0,0,0,0,177.272598,1691.412964,32.457325,177.250000,1691.375000,32.500000,177.272598,1691.412964,32.457325,0.022598,0.037964,-0.042675,0.000000,0.000000,0.000000,0.000052,0.000000,1,1,1,0,195.397598,1704.537964,33.332325,195.375000,1704.500000,33.375000,195.397598,1704.537964,33.332325,0.022598,0.037964,-0.042675,0.000000,0.000000,0.000000,0.000046,0.000000,1,1,1,0
155.935794,0.014393,0,4104,100.0,203.029297,1668.705566,39.561737,203.051895,1668.618530,39.644062,0.000000,0.000000,0.000000,0.000000,0.000000,0.000000,203.051895,1668.618530,30.644062,0.022598,-0.087036,0.082325,0.022598,-0.087036,0.082325,-0.000109,-0.000028,0.000020,0.000000,0.000000,0.000000,0,1,0,0,0,0,177.272598,1691.412964,32.457325,177.250000,1691.500000,32.375000,177.272598,1691.412964,32.457325,0.022598,-0.087036,0.082325,0.000000,0.000000,0.000000,0.000052,0.000000,1,1,1,0,195.397598,1704.537964,33.332325,195.375000,1704.625000,33.250000,195.397598,1704.537964,33.332325,0.022598,-0.087036,0.082325,0.000000,0.000000,0.000000,0.000046,0.000000,1,1,1,0
155.948487,0.012693,0,4104,100.0,203.051895,1668.618530,39.644062,203.074493,1668.656494,39.601387,0.000000,0.000000,0.000000,0.000000,0.000000,0.000000,203.074493,1668.656494,30.601387,0.022598,0.037964,-0.042675,0.022598,0.037964,-0.042675,-0.000109,-0.000028,0.000020,0.000000,0.000000,0.000000,0,1,0,0,0,0,177.272598,1691.412964,32.457325,177.250000,1691.375000,32.500000,177.272598,1691.412964,32.457325,0.022598,0.037964,-0.042675,0.000000,0.000000,0.000000,0.000052,0.000000,1,1,1,0,195.397598,1704.537964,33.332325,195.375000,1704.500000,33.375000,195.397598,1704.537964,33.332325,0.022598,0.037964,-0.042675,0.000000,0.000000,0.000000,0.000046,0.000000,1,1,1,0
155.963196,0.014709,0,4104,100.0,203.074493,1668.656494,39.601387,202.972092,1668.694458,39.558712,0.000000,0.000000,0.000000,0.000000,0.000000,0.000000,202.972092,1668.694458,30.558712,-0.102402,0.037964,-0.042675,-0.102402,0.037964,-0.042675,-0.000109,-0.000028,0.000020,0.000000,0.000000,0.000000,0,1,0,0,0,0,177.272598,1691.412964,32.457325,177.375000,1691.375000,32.500000,177.272598,1691.412964,32.457325,-0.102402,0.037964,-0.042675,0.000000,0.000000,0.000000,0.000052,0.000000,1,1,1,0,195.397598,1704.537964,33.332325,195.500000,1704.500000,33.375000,195.397598,1704.537964,33.332325,-0.102402,0.037964,-0.042675,0.000000,0.000000,0.000000,0.000046,0.000000,1,1,1,0
155.976414,0.013218,0,4104,100.0,202.972092,1668.694458,39.558712,202.994690,1668.607422,39.641037,0.000000,0.000000,0.000000,0.000000,0.000000,0.000000,202.994690,1668.607422,30.641037,0.022598,-0.087036,0.082325,0.022598,-0.087036,0.082325,-0.000109,-0.000028,0.000020,0.000000,0.000000,0.000000,0,1,0,0,0,0,177.272598,1691.412964,32.457325,177.250000,1691.500000,32.375000,177.272598,1691.412964,32.457325,0.022598,-0.087036,0.082325,0.000000,0.000000,0.000000,0.000052,0.000000,1,1,1,0,195.397598,1704.537964,33.332325,195.375000,1704.625000,33.250000,195.397598,1704.537964,33.332325,0.022598,-0.087036,0.082325,0.000000,0.000000,0.000000,0.000046,0.000000,1,1,1,0
155.990090,0.013677,0,4104,100.0,202.994690,1668.607422,39.641037,203.017288,1668.645386,39.598362,0.000000,0.000000,0.000000,0.000000,0.000000,0.000000,203.017288,1668.645386,30.598362,0.022598,0.037964,-0.042675,0.022598,0.037964,-0.042675,-0.000109,-0.000028,0.000020,0.000000,0.000000,0.000000,0,1,0,0,0,0,177.272598,1691.412964,32.457325,177.250000,1691.375000,32.500000,177.272598,1691.412964,32.457325,0.022598,0.037964,-0.042675,0.000000,0.000000,0.000000,0.000052,0.000000,1,1,1,0,195.397598,1704.537964,33.332325,195.375000,1704.500000,33.375000,195.397598,1704.537964,33.332325,0.022598,0.037964,-0.042675,0.000000,0.000000,0.000000,0.000046,0.000000,1,1,1,0
156.004719,0.014629,0,4104,100.0,203.017288,1668.645386,39.598362,203.039886,1668.683350,39.555687,0.000000,0.000000,0.000000,0.000000,0.000000,0.000000,203.039886,1668.683350,30.555687,0.022598,0.037964,-0.042675,0.022598,0.037964,-0.042675,-0.000109,-0.000028,0.000020,0.000000,0.000000,0.000000,0,1,0,0,0,0,177.272598,1691.412964,32.457325,177.250000,1691.375000,32.500000,177.272598,1691.412964,32.457325,0.022598,0.037964,-0.042675,0.000000,0.000000,0.000000,0.000052,0.000000,1,1,1,0,195.397598,1704.537964,33.332325,195.375000,1704.500000,33.375000,195.397598,1704.537964,33.332325,0.022598,0.037964,-0.042675,0.000000,0.000000,0.000000,0.000046,0.000000,1,1,1,0
156.017898,0.013179,0,4104,100.0,203.039886,1668.683350,39.555687,203.062485,1668.721313,39.638012,0.000000,0.000000,0.000000,0.000000,0.000000,0.000000,203.062485,1668.721313,30.638012,0.022598,0.037964,0.082325,0.022598,0.037964,0.082325,-0.000109,-0.000028,0.000020,0.000000,0.000000,0.000000,0,1,0,0,0,0,177.272598,1691.412964,32.457325,177.250000,1691.375000,32.375000,177.272598,1691.412964,32.457325,0.022598,0.037964,0.082325,0.000000,0.000000,0.000000,0.000052,0.000000,1,1,1,0,195.397598,1704.537964,33.332325,195.375000,1704.500000,33.250000,195.397598,1704.537964,33.332325,0.022598,0.037964,0.082325,0.000000,0.000000,0.000000,0.000046,0.000000,1,1,1,0
156.032597,0.014699,0,4104,100.0,203.062485,1668.721313,39.638012,203.085083,1668.634277,39.595337,0.000000,0.000000,0.000000,0.000000,0.000000,0.000000,203.085083,1668.634277,30.595337,0.022598,-0.087036,-0.042675,0.022598,-0.087036,-0.042675,-0.000109,-0.000028,0.000020,0.000000,0.000000,0.000000,0,1,0,0,0,0,177.272598,1691.412964,32.457325,177.250000,1691.500000,32.500000,177.272598,1691.412964,32.457325,0.022598,-0.087036,-0.042675,0.000000,0.000000,0.000000,0.000052,0.000000,1,1,1,0,195.397598,1704.537964,33.332325,195.375000,1704.625000,33.375000,195.397598,1704.537964,33.332325,0.022598,-0.087036,-0.042675,0.000000,0.000000,0.000000,0.000046,0.000000,1,1,1,0
156.046259,0.013661,0,4104,100.0,203.085083,1668.634277,39.595337,202.982681,1668.672241,39.552662,0.000000,0.000000,0.000000,0.000000,0.000000,0.000000,202.982681,1668.672241,30.552662,-0.102402,0.037964,-0.042675,-0.102402,0.037964,-0.042675,-0.000109,-0.000028,0.000020,0.000000,0.000000,0.000000,0,1,0,0,0,0,177.272598,1691.412964,32.457325,177.375000,1691.375000,32.500000,177.272598,1691.412964,32.457325,-0.102402,0.037964,-0.042675,0.000000,0.000000,0.000000,0.000052,0.000000,1,1,1,0,195.397598,1704.537964,33.332325,195.500000,1704.500000,33.375000,195.397598,1704.537964,33.332325,-0.102402,0.037964,-0.042675,0.000000,0.000000,0.000000,0.000046,0.000000,1,1,1,0
156.059969,0.013710,0,4104,100.0,202.982681,1668.672241,39.552662,203.005280,1668.710205,39.634987,0.000000,0.000000,0.000000,0.000000,0.000000,0.000000,203.005280,1668.710205,30.634987,0.022598,0.037964,0.082325,0.022598,0.037964,0.082325,-0.000109,-0.000028,0.000020,0.000000,0.000000,0.000000,0,1,0,0,0,0,177.272598,1691.412964,32.457325,177.250000,1691.375000,32.375000,177.272598,1691.412964,32.457325,0.022598,0.037964,0.082325,0.000000,0.000000,0.000000,0.000052,0.000000,1,1,1,0,195.397598,1704.537964,33.332325,195.375000,1704.500000,33.250000,195.397598,1704.537964,33.332325,0.022598,0.037964,0.082325,0.000000,0.000000,0.000000,0.000046,0.000000,1,1,1,0
156.074474,0.014505,0,4104,100.0,203.005280,1668.710205,39.634987,203.027878,1668.623169,39.592312,0.000000,0.000000,0.000000,0.000000,0.000000,0.000000,203.027878,1668.623169,30.592312,0.022598,-0.087036,-0.042675,0.022598,-0.087036,-0.042675,-0.000109,-0.000028,0.000020,0.000000,0.000000,0.000000,0,1,0,0,0,0,177.272598,1691.412964,32.457325,177.250000,1691.500000,32.500000,177.272598,1691.412964,32.457325,0.022598,-0.087036,-0.042675,0.000000,0.000000,0.000000,0.000052,0.000000,1,1,1,0,195.397598,1704.537964,33.332325,195.375000,1704.625000,33.375000,195.397598,1704.537964,33.332325,0.022598,-0.087036,-0.042675,0.000000,0.000000,0.000000,0.000046,0.000000,1,1,1,0
156.087670,0.013196,0,4104,100.0,203.027878,1668.623169,39.592312,203.050476,1668.661133,39.549637,0.000000,0.000000,0.000000,0.000000,0.000000,0.000000,203.050476,1668.661133,30.549637,0.022598,0.037964,-0.042675,0.022598,0.037964,-0.042675,-0.000109,-0.000028,0.000020,0.000000,0.000000,0.000000,0,1,0,0,0,0,177.272598,1691.412964,32.457325,177.250000,1691.375000,32.500000,177.272598,1691.412964,32.457325,0.022598,0.037964,-0.042675,0.000000,0.000000,0.000000,0.000052,0.000000,1,1,1,0,195.397598,1704.537964,33.332325,195.375000,1704.500000,33.375000,195.397598,1704.537964,33.332325,0.022598,0.037964,-0.042675,0.000000,0.000000,0.000000,0.000046,0.000000,1,1,1,0
156.101809,0.014139,0,4104,100.0,203.050476,1668.661133,39.549637,203.073074,1668.699097,39.631962,0.000000,0.000000,0.000000,0.000000,0.000000,0.000000,203.073074,1668.699097,30.631962,0.022598,0.037964,0.082325,0.022598,0.037964,0.082325,-0.000109,-0.000028,0.000020,0.000000,0.000000,0.000000,0,1,0,0,0,0,177.272598,1691.412964,32.457325,177.250000,1691.375000,32.375000,177.272598,1691.412964,32.457325,0.022598,0.037964,0.082325,0.000000,0.000000,0.000000,0.000052,0.000000,1,1,1,0,195.397598,1704.537964,33.332325,195.375000,1704.500000,33.250000,195.397598,1704.537964,33.332325,0.022598,0.037964,0.082325,0.000000,0.000000,0.000000,0.000046,0.000000,1,1,1,0
156.115537,0.013728,0,4104,100.0,203.073074,1668.699097,39.631962,202.970673,1668.612061,39.589287,0.000000,0.000000,0.000000,0.000000,0.000000,0.000000,202.970673,1668.612061,30.589287,-0.102402,-0.087036,-0.042675,-0.102402,-0.087036,-0.042675,-0.000109,-0.000028,0.000020,0.000000,0.000000,0.000000,0,1,0,0,0,0,177.272598,1691.412964,32.457325,177.375000,1691.500000,32.500000,177.272598,1691.412964,32.457325,-0.102402,-0.087036,-0.042675,0.000000,0.000000,0.000000,0.000052,0.000000,1,1,1,0,195.397598,1704.537964,33.332325,195.500000,1704.625000,33.375000,195.397598,1704.537964,33.332325,-0.102402,-0.087036,-0.042675,0.000000,0.000000,0.000000,0.000046,0.000000,1,1,1,0
156.130140,0.014603,0,4104,100.0,202.970673,1668.612061,39.589287,202.993271,1668.650024,39.546612,0.000000,0.000000,0.000000,0.000000,0.000000,0.000000,202.993271,1668.650024,30.546612,0.022598,0.037964,-0.042675,0.022598,0.037964,-0.042675,-0.000109,-0.000028,0.000020,0.000000,0.000000,0.000000,0,1,0,0,0,0,177.272598,1691.412964,32.457325,177.250000,1691.375000,32.500000,177.272598,1691.412964,32.457325,0.022598,0.037964,-0.042675,0.000000,0.000000,0.000000,0.000052,0.000000,1,1,1,0,195.397598,1704.537964,33.332325,195.375000,1704.500000,33.375000,195.397598,1704.537964,33.332325,0.022598,0.037964,-0.042675,0.000000,0.000000,0.000000,0.000046,0.000000,1,1,1,0
156.143432,0.013292,0,4104,100.0,202.993271,1668.650024,39.546612,203.015869,1668.687988,39.628937,0.000000,0.000000,0.000000,0.000000,0.000000,0.000000,203.015869,1668.687988,30.628937,0.022598,0.037964,0.082325,0.022598,0.037964,0.082325,-0.000109,-0.000028,0.000020,0.000000,0.000000,0.000000,0,1,0,0,0,0,177.272598,1691.412964,32.457325,177.250000,1691.375000,32.375000,177.272598,1691.412964,32.457325,0.022598,0.037964,0.082325,0.000000,0.000000,0.000000,0.000052,0.000000,1,1,1,0,195.397598,1704.537964,33.332325,195.375000,1704.500000,33.250000,195.397598,1704.537964,33.332325,0.022598,0.037964,0.082325,0.000000,0.000000,0.000000,0.000046,0.000000,1,1,1,0
156.157020,0.013588,0,4104,100.0,203.015869,1668.687988,39.628937,203.038467,1668.600952,39.586262,0.000000,0.000000,0.000000,0.000000,0.000000,0.000000,203.038467,1668.600952,30.586262,0.022598,-0.087036,-0.042675,0.022598,-0.087036,-0.042675,-0.000109,-0.000028,0.000020,0.000000,0.000000,0.000000,0,1,0,0,0,0,177.272598,1691.412964,32.457325,177.250000,1691.500000,32.500000,177.272598,1691.412964,32.457325,0.022598,-0.087036,-0.042675,0.000000,0.000000,0.000000,0.000052,0.000000,1,1,1,0,195.397598,1704.537964,33.332325,195.375000,1704.625000,33.375000,195.397598,1704.537964,33.332325,0.022598,-0.087036,-0.042675,0.000000,0.000000,0.000000,0.000046,0.000000,1,1,1,0
156.171248,0.014229,0,4104,100.0,203.038467,1668.600952,39.586262,203.061066,1668.638916,39.543587,0.000000,0.000000,0.000000,0.000000,0.000000,0.000000,203.061066,1668.638916,30.543587,0.022598,0.037964,-0.042675,0.022598,0.037964,-0.042675,-0.000109,-0.000028,0.000020,0.000000,0.000000,0.000000,0,1,0,0,0,0,177.272598,1691.412964,32.457325,177.250000,1691.375000,32.500000,177.272598,1691.412964,32.457325,0.022598,0.037964,-0.042675,0.000000,0.000000,0.000000,0.000052,0.000000,1,1,1,0,195.397598,1704.537964,33.332325,195.375000,1704.500000,33.375000,195.397598,1704.537964,33.332325,0.022598,0.037964,-0.042675,0.000000,0.000000,0.000000,0.000046,0.000000,1,1,1,0
156.184386,0.013138,0,4104,100.0,203.061066,1668.638916,39.543587,203.083664,1668.676880,39.625912,0.000000,0.000000,0.000000,0.000000,0.000000,0.000000,203.083664,1668.676880,30.625912,0.022598,0.037964,0.082325,0.022598,0.037964,0.082325,-0.000109,-0.000028,0.000020,0.000000,0.000000,0.000000,0,1,0,0,0,0,177.272598,1691.412964,32.457325,177.250000,1691.375000,32.375000,177.272598,1691.412964,32.457325,0.022598,0.037964,0.082325,0.000000,0.000000,0.000000,0.000052,0.000000,1,1,1,0,195.397598,1704.537964,33.332325,195.375000,1704.500000,33.250000,195.397598,1704.537964,33.332325,0.022598,0.037964,0.082325,0.000000,0.000000,0.000000,0.000046,0.000000,1,1,1,0
156.198062,0.013676,0,4104,100.0,203.083664,1668.676880,39.625912,202.981262,1668.714844,39.583237,0.000000,0.000000,0.000000,0.000000,0.000000,0.000000,202.981262,1668.714844,30.583237,-0.102402,0.037964,-0.042675,-0.102402,0.037964,-0.042675,-0.000109,-0.000028,0.000020,0.000000,0.000000,0.000000,0,1,0,0,0,0,177.272598,1691.412964,32.457325,177.375000,1691.375000,32.500000,177.272598,1691.412964,32.457325,-0.102402,0.037964,-0.042675,0.000000,0.000000,0.000000,0.000052,0.000000,1,1,1,0,195.397598,1704.537964,33.332325,195.500000,1704.500000,33.375000,195.397598,1704.537964,33.332325,-0.102402,0.037964,-0.042675,0.000000,0.000000,0.000000,0.000046,0.000000,1,1,1,0
156.213272,0.015211,0,4104,100.0,202.981262,1668.714844,39.583237,203.003860,1668.627808,39.540562,0.000000,0.000000,0.000000,0.000000,0.000000,0.000000,203.003860,1668.627808,30.540562,0.022598,-0.087036,-0.042675,0.022598,-0.087036,-0.042675,-0.000109,-0.000028,0.000020,0.000000,0.000000,0.000000,0,1,0,0,0,0,177.272598,1691.412964,32.457325,177.250000,1691.500000,32.500000,177.272598,1691.412964,32.457325,0.022598,-0.087036,-0.042675,0.000000,0.000000,0.000000,0.000052,0.000000,1,1,1,0,195.397598,1704.537964,33.332325,195.375000,1704.625000,33.375000,195.397598,1704.537964,33.332325,0.022598,-0.087036,-0.042675,0.000000,0.000000,0.000000,0.000046,0.000000,1,1,1,0
156.227461,0.014189,0,4104,100.0,203.003860,1668.627808,39.540562,203.026459,1668.665771,39.622887,0.000000,0.000000,0.000000,0.000000,0.000000,0.000000,203.026459,1668.665771,30.622887,0.022598,0.037964,0.082325,0.022598,0.037964,0.082325,-0.000109,-0.000028,0.000020,0.000000,0.000000,0.000000,0,1,0,0,0,0,177.272598,1691.412964,32.457325,177.250000,1691.375000,32.375000,177.272598,1691.412964,32.457325,0.022598,0.037964,0.082325,0.000000,0.000000,0.000000,0.000052,0.000000,1,1,1,0,195.397598,1704.537964,33.332325,195.375000,1704.500000,33.250000,195.397598,1704.537964,33.332325,0.022598,0.037964,0.082325,0.000000,0.000000,0.000000,0.000046,0.000000,1,1,1,0
156.240106,0.012645,0,4104,100.0,203.026459,1668.665771,39.622887,203.049057,1668.703735,39.580212,0.000000,0.000000,0.000000,0.000000,0.000000,0.000000,203.049057,1668.703735,30.580212,0.022598,0.037964,-0.042675,0.022598,0.037964,-0.042675,-0.000109,-0.000028,0.000020,0.000000,0.000000,0.000000,0,1,0,0,0,0,177.272598,1691.412964,32.457325,177.250000,1691.375000,32.500000,177.272598,1691.412964,32.457325,0.022598,0.037964,-0.042675,0.000000,0.000000,0.000000,0.000052,0.000000,1,1,1,0,195.397598,1704.537964,33.332325,195.375000,1704.500000,33.375000,195.397598,1704.537964,33.332325,0.022598,0.037964,-0.042675,0.000000,0.000000,0.000000,0.000046,0.000000,1,1,1,0
156.254857,0.014751,0,4104,100.0,203.049057,1668.703735,39.580212,203.071655,1668.616699,39.537537,0.000000,0.000000,0.000000,0.000000,0.000000,0.000000,203.071655,1668.616699,30.537537,0.022598,-0.087036,-0.042675,0.022598,-0.087036,-0.042675,-0.000109,-0.000028,0.000020,0.000000,0.000000,0.000000,0,1,0,0,0,0,177.272598,1691.412964,32.457325,177.250000,1691.500000,32.500000,177.272598,1691.412964,32.457325,0.022598,-0.087036,-0.042675,0.000000,0.000000,0.000000,0.000052,0.000000,1,1,1,0,195.397598,1704.537964,33.332325,195.375000,1704.625000,33.375000,195.397598,1704.537964,33.332325,0.022598,-0.087036,-0.042675,0.000000,0.000000,0.000000,0.000046,0.000000,1,1,1,0
156.267936,0.013079,0,4104,100.0,203.071655,1668.616699,39.537537,202.969254,1668.654663,39.619862,0.000000,0.000000,0.000000,0.000000,0.000000,0.000000,202.969254,1668.654663,30.619862,-0.102402,0.037964,0.082325,-0.102402,0.037964,0.082325,-0.000109,-0.000028,0.000020,0.000000,0.000000,0.000000,0,1,0,0,0,0,177.272598,1691.412964,32.457325,177.375000,1691.375000,32.375000,177.272598,1691.412964,32.457325,-0.102402,0.037964,0.082325,0.000000,0.000000,0.000000,0.000052,0.000000,1,1,1,0,195.397598,1704.537964,33.332325,195.500000,1704.500000,33.250000,195.397598,1704.537964,33.332325,-0.102402,0.037964,0.082325,0.000000,0.000000,0.000000,0.000046,0.000000,1,1,1,0
156.282647,0.014711,0,4104,100.0,202.969254,1668.654663,39.619862,202.991852,1668.692627,39.577187,0.000000,0.000000,0.000000,0.000000,0.000000,0.000000,202.991852,1668.692627,30.577187,0.022598,0.037964,-0.042675,0.022598,0.037964,-0.042675,-0.000109,-0.000028,0.000020,0.000000,0.000000,0.000000,0,1,0,0,0,0,177.272598,1691.412964,32.457325,177.250000,1691.375000,32.500000,177.272598,1691.412964,32.457325,0.022598,0.037964,-0.042675,0.000000,0.000000,0.000000,0.000052,0.000000,1,1,1,0,195.397598,1704.537964,33.332325,195.375000,1704.500000,33.375000,195.397598,1704.537964,33.332325,0.022598,0.037964,-0.042675,0.000000,0.000000,0.000000,0.000046,0.000000,1,1,1,0
156.296283,0.013636,0,4104,100.0,202.991852,1668.692627,39.577187,203.014450,1668.605591,39.534512,0.000000,0.000000,0.000000,0.000000,0.000000,0.000000,203.014450,1668.605591,30.534512,0.022598,-0.087036,-0.042675,0.022598,-0.087036,-0.042675,-0.000109,-0.000028,0.000020,0.000000,0.000000,0.000000,0,1,0,0,0,0,177.272598,1691.412964,32.457325,177.250000,1691.500000,32.500000,177.272598,1691.412964,32.457325,0.022598,-0.087036,-0.042675,0.000000,0.000000,0.000000,0.000052,0.000000,1,1,1,0,195.397598,1704.537964,33.332325,195.375000,1704.625000,33.375000,195.397598,1704.537964,33.332325,0.022598,-0.087036,-0.042675,0.000000,0.000000,0.000000,0.000046,0.000000,1,1,1,0
156.309957,0.013674,0,4104,100.0,203.014450,1668.605591,39.534512,203.037048,1668.643555,39.616837,0.000000,0.000000,0.000000,0.000000,0.000000,0.000000,203.037048,1668.643555,30.616837,0.022598,0.037964,0.082325,0.022598,0.037964,0.082325,-0.000109,-0.000028,0.000020,0.000000,0.000000,0.000000,0,1,0,0,0,0,177.272598,1691.412964,32.457325,177.250000,1691.375000,32.375000,177.272598,1691.412964,32.457325,0.022598,0.037964,0.082325,0.000000,0.000000,0.000000,0.000052,0.000000,1,1,1,0,195.397598,1704.537964,33.332325,195.375000,1704.500000,33.250000,195.397598,1704.537964,33.332325,0.022598,0.037964,0.082325,0.000000,0.000000,0.000000,0.000046,0.000000,1,1,1,0
156.324635,0.014678,0,4104,100.0,203.037048,1668.643555,39.616837,203.059647,1668.681519,39.574162,0.000000,0.000000,0.000000,0.000000,0.000000,0.000000,203.059647,1668.681519,30.574162,0.022598,0.037964,-0.042675,0.022598,0.037964,-0.042675,-0.000109,-0.000028,0.000020,0.000000,0.000000,0.000000,0,1,0,0,0,0,177.272598,1691.412964,32.457325,177.250000,1691.375000,32.500000,177.272598,1691.412964,32.457325,0.022598,0.037964,-0.042675,0.000000,0.000000,0.000000,0.000052,0.000000,1,1,1,0,195.397598,1704.537964,33.332325,195.375000,1704.500000,33.375000,195.397598,1704.537964,33.332325,0.022598,0.037964,-0.042675,0.000000,0.000000,0.000000,0.000046,0.000000,1,1,1,0
156.337812,0.013177,0,4104,100.0,203.059647,1668.681519,39.574162,203.082245,1668.719482,39.531487,0.000000,0.000000,0.000000,0.000000,0.000000,0.000000,203.082245,1668.719482,30.531487,0.022598,0.037964,-0.042675,0.022598,0.037964,-0.042675,-0.000109,-0.000028,0.000020,0.000000,0.000000,0.000000,0,1,0,0,0,0,177.272598,1691.412964,32.457325,177.250000,1691.375000,32.500000,177.272598,1691.412964,32.457325,0.022598,0.037964,-0.042675,0.000000,0.000000,0.000000,0.000052,0.000000,1,1,1,0,195.397598,1704.537964,33.332325,195.375000,1704.500000,33.375000,195.397598,1704.537964,33.332325,0.022598,0.037964,-0.042675,0.000000,0.000000,0.000000,0.000046,0.000000,1,1,1,0
156.351515,0.013703,0,4104,100.0,203.082245,1668.719482,39.531487,202.979843,1668.632446,39.613811,0.000000,0.000000,0.000000,0.000000,0.000000,0.000000,202.979843,1668.632446,30.613811,-0.102402,-0.087036,0.082325,-0.102402,-0.087036,0.082325,-0.000109,-0.000028,0.000020,0.000000,0.000000,0.000000,0,1,0,0,0,0,177.272598,1691.412964,32.457325,177.375000,1691.500000,32.375000,177.272598,1691.412964,32.457325,-0.102402,-0.087036,0.082325,0.000000,0.000000,0.000000,0.000052,0.000000,1,1,1,0,195.397598,1704.537964,33.332325,195.500000,1704.625000,33.250000,195.397598,1704.537964,33.332325,-0.102402,-0.087036,0.082325,0.000000,0.000000,0.000000,0.000046,0.000000,1,1,1,0
156.366188,0.014673,0,4104,100.0,202.979843,1668.632446,39.613811,203.002441,1668.670410,39.571136,0.000000,0.000000,0.000000,0.000000,0.000000,0.000000,203.002441,1668.670410,30.571136,0.022598,0.037964,-0.042675,0.022598,0.037964,-0.042675,-0.000109,-0.000028,0.000020,0.000000,0.000000,0.000000,0,1,0,0,0,0,177.272598,1691.412964,32.457325,177.250000,1691.375000,32.500000,177.272598,1691.412964,32.457325,0.022598,0.037964,-0.042675,0.000000,0.000000,0.000000,0.000052,0.000000,1,1,1,0,195.397598,1704.537964,33.332325,195.375000,1704.500000,33.375000,195.397598,1704.537964,33.332325,0.022598,0.037964,-0.042675,0.000000,0.000000,0.000000,0.000046,0.000000,1,1,1,0
156.379364,0.013176,0,4104,100.0,203.002441,1668.670410,39.571136,203.025040,1668.708374,39.528461,0.000000,0.000000,0.000000,0.000000,0.000000,0.000000,203.025040,1668.708374,30.528461,0.022598,0.037964,-0.042675,0.022598,0.037964,-0.042675,-0.000109,-0.000028,0.000020,0.000000,0.000000,0.000000,0,1,0,0,0,0,177.272598,1691.412964,32.457325,177.250000,1691.375000,32.500000,177.272598,1691.412964,32.457325,0.022598,0.037964,-0.042675,0.000000,0.000000,0.000000,0.000052,0.000000,1,1,1,0,195.397598,1704.537964,33.332325,195.375000,1704.500000,33.375000,195.397598,1704.537964,33.332325,0.022598,0.037964,-0.042675,0.000000,0.000000,0.000000,0.000046,0.000000,1,1,1,0
156.393008,0.013644,0,4104,100.0,203.025040,1668.708374,39.528461,203.047638,1668.621338,39.610786,0.000000,0.000000,0.000000,0.000000,0.000000,0.000000,203.047638,1668.621338,30.610786,0.022598,-0.087036,0.082325,0.022598,-0.087036,0.082325,-0.000109,-0.000028,0.000020,0.000000,0.000000,0.000000,0,1,0,0,0,0,177.272598,1691.412964,32.457325,177.250000,1691.500000,32.375000,177.272598,1691.412964,32.457325,0.022598,-0.087036,0.082325,0.000000,0.000000,0.000000,0.000052,0.000000,1,1,1,0,195.397598,1704.537964,33.332325,195.375000,1704.625000,33.250000,195.397598,1704.537964,33.332325,0.022598,-0.087036,0.082325,0.000000,0.000000,0.000000,0.000046,0.000000,1,1,1,0
156.407675,0.014667,0,4104,100.0,203.047638,1668.621338,39.610786,203.070236,1668.659302,39.568111,0.000000,0.000000,0.000000,0.000000,0.000000,0.000000,203.070236,1668.659302,30.568111,0.022598,0.037964,-0.042675,0.022598,0.037964,-0.042675,-0.000109,-0.000028,0.000020,0.000000,0.000000,0.000000,0,1,0,0,0,0,177.272598,1691.412964,32.457325,177.250000,1691.375000,32.500000,177.272598,1691.412964,32.457325,0.022598,0.037964,-0.042675,0.000000,0.000000,0.000000,0.000052,0.000000,1,1,1,0,195.397598,1704.537964,33.332325,195.375000,1704.500000,33.375000,195.397598,1704.537964,33.332325,0.022598,0.037964,-0.042675,0.000000,0.000000,0.000000,0.000046,0.000000,1,1,1,0
156.421401,0.013726,0,4104,100.0,203.070236,1668.659302,39.568111,202.967834,1668.697266,39.525436,0.000000,0.000000,0.000000,0.000000,0.000000,0.000000,202.967834,1668.697266,30.525436,-0.102402,0.037964,-0.042675,-0.102402,0.037964,-0.042675,-0.000109,-0.000028,0.000020,0.000000,0.000000,0.000000,0,1,0,0,0,0,177.272598,1691.412964,32.457325,177.375000,1691.375000,32.500000,177.272598,1691.412964,32.457325,-0.102402,0.037964,-0.042675,0.000000,0.000000,0.000000,0.000052,0.000000,1,1,1,0,195.397598,1704.537964,33.332325,195.500000,1704.500000,33.375000,195.397598,1704.537964,33.332325,-0.102402,0.037964,-0.042675,0.000000,0.000000,0.000000,0.000046,0.000000,1,1,1,0
156.434602,0.013200,0,4104,100.0,202.967834,1668.697266,39.525436,202.990433,1668.610229,39.607761,0.000000,0.000000,0.000000,0.000000,0.000000,0.000000,202.990433,1668.610229,30.607761,0.022598,-0.087036,0.082325,0.022598,-0.087036,0.082325,-0.000109,-0.000028,0.000020,0.000000,0.000000,0.000000,0,1,0,0,0,0,177.272598,1691.412964,32.457325,177.250000,1691.500000,32.375000,177.272598,1691.412964,32.457325,0.022598,-0.087036,0.082325,0.000000,0.000000,0.000000,0.000052,0.000000,1,1,1,0,195.397598,1704.537964,33.332325,195.375000,1704.625000,33.250000,195.397598,1704.537964,33.332325,0.022598,-0.087036,0.082325,0.000000,0.000000,0.000000,0.000046,0.000000,1,1,1,0
156.449341,0.014739,0,4104,100.0,202.990433,1668.610229,39.607761,203.013031,1668.648193,39.565086,0.000000,0.000000,0.000000,0.000000,0.000000,0.000000,203.013031,1668.648193,30.565086,0.022598,0.037964,-0.042675,0.022598,0.037964,-0.042675,-0.000109,-0.000028,0.000020,0.000000,0.000000,0.000000,0,1,0,0,0,0,177.272598,1691.412964,32.457325,177.250000,1691.375000,32.500000,177.272598,1691.412964,32.457325,0.022598,0.037964,-0.042675,0.000000,0.000000,0.000000,0.000052,0.000000,1,1,1,0,195.397598,1704.537964,33.332325,195.375000,1704.500000,33.375000,195.397598,1704.537964,33.332325,0.022598,0.037964,-0.042675,0.000000,0.000000,0.000000,0.000046,0.000000,1,1,1,0
156.462949,0.013608,0,4104,100.0,203.013031,1668.648193,39.565086,203.035629,1668.686157,39.522411,0.000000,0.000000,0.000000,0.000000,0.000000,0.000000,203.035629,1668.686157,30.522411,0.022598,0.037964,-0.042675,0.022598,0.037964,-0.042675,-0.000109,-0.000028,0.000020,0.000000,0.000000,0.000000,0,1,0,0,0,0,177.272598,1691.412964,32.457325,177.250000,1691.375000,32.500000,177.272598,1691.412964,32.457325,0.022598,0.037964,-0.042675,0.000000,0.000000,0.000000,0.000052,0.000000,1,1,1,0,195.397598,1704.537964,33.332325,195.375000,1704.500000,33.375000,195.397598,1704.537964,33.332325,0.022598,0.037964,-0.042675,0.000000,0.000000,0.000000,0.000046,0.000000,1,1,1,0
156.476134,0.013185,0,4104,100.0,203.035629,1668.686157,39.522411,203.058228,1668.724121,39.604736,0.000000,0.000000,0.000000,0.000000,0.000000,0.000000,203.058228,1668.724121,30.604736,0.022598,0.037964,0.082325,0.022598,0.037964,0.082325,-0.000109,-0.000028,0.000020,0.000000,0.000000,0.000000,0,1,0,0,0,0,177.272598,1691.412964,32.457325,177.250000,1691.375000,32.375000,177.272598,1691.412964,32.457325,0.022598,0.037964,0.082325,0.000000,0.000000,0.000000,0.000052,0.000000,1,1,1,0,195.397598,1704.537964,33.332325,195.375000,1704.500000,33.250000,195.397598,1704.537964,33.332325,0.022598,0.037964,0.082325,0.000000,0.000000,0.000000,0.000046,0.000000,1,1,1,0
156.491337,0.015202,0,4104,100.0,203.058228,1668.724121,39.604736,203.080826,1668.637085,39.562061,0.000000,0.000000,0.000000,0.000000,0.000000,0.000000,203.080826,1668.637085,30.562061,0.022598,-0.087036,-0.042675,0.022598,-0.087036,-0.042675,-0.000109,-0.000028,0.000020,0.000000,0.000000,0.000000,0,1,0,0,0,0,177.272598,1691.412964,32.457325,177.250000,1691.500000,32.500000,177.272598,1691.412964,32.457325,0.022598,-0.087036,-0.042675,0.000000,0.000000,0.000000,0.000052,0.000000,1,1,1,0,195.397598,1704.537964,33.332325,195.375000,1704.625000,33.375000,195.397598,1704.537964,33.332325,0.022598,-0.087036,-0.042675,0.000000,0.000000,0.000000,0.000046,0.000000,1,1,1,0
156.504508,0.013171,0,4104,100.0,203.080826,1668.637085,39.562061,202.978424,1668.675049,39.644386,0.000000,0.000000,0.000000,0.000000,0.000000,0.000000,202.978424,1668.675049,30.644386,-0.102402,0.037964,0.082325,-0.102402,0.037964,0.082325,-0.000109,-0.000028,0.000020,0.000000,0.000000,0.000000,0,1,0,0,0,0,177.272598,1691.412964,32.457325,177.375000,1691.375000,32.375000,177.272598,1691.412964,32.457325,-0.102402,0.037964,0.082325,0.000000,0.000000,0.000000,0.000052,0.000000,1,1,1,0,195.397598,1704.537964,33.332325,195.500000,1704.500000,33.250000,195.397598,1704.537964,33.332325,-0.102402,0.037964,0.082325,0.000000,0.000000,0.000000,0.000046,0.000000,1,1,1,0
156.518408,0.013900,0,4104,100.0,202.978424,1668.675049,39.644386,203.001022,1668.713013,39.601711,0.000000,0.000000,0.000000,0.000000,0.000000,0.000000,203.001022,1668.713013,30.601711,0.022598,0.037964,-0.042675,0.022598,0.037964,-0.042675,-0.000109,-0.000028,0.000020,0.000000,0.000000,0.000000,0,1,0,0,0,0,177.272598,1691.412964,32.457325,177.250000,1691.375000,32.500000,177.272598,1691.412964,32.457325,0.022598,0.037964,-0.042675,0.000000,0.000000,0.000000,0.000052,0.000000,1,1,1,0,195.397598,1704.537964,33.332325,195.375000,1704.500000,33.375000,195.397598,1704.537964,33.332325,0.022598,0.037964,-0.042675,0.000000,0.000000,0.000000,0.000046,0.000000,1,1,1,0
156.532326,0.013918,0,4104,100.0,203.001022,1668.713013,39.601711,203.023621,1668.625977,39.559036,0.000000,0.000000,0.000000,0.000000,0.000000,0.000000,203.023621,1668.625977,30.559036,0.022598,-0.087036,-0.042675,0.022598,-0.087036,-0.042675,-0.000109,-0.000028,0.000020,0.000000,0.000000,0.000000,0,1,0,0,0,0,177.272598,1691.412964,32.457325,177.250000,1691.500000,32.500000,177.272598,1691.412964,32.457325,0.022598,-0.087036,-0.042675,0.000000,0.000000,0.000000,0.000052,0.000000,1,1,1,0,195.397598,1704.537964,33.332325,195.375000,1704.625000,33.375000,195.397598,1704.537964,33.332325,0.022598,-0.087036,-0.042675,0.000000,0.000000,0.000000,0.000046,0.000000,1,1,1,0
156.548510,0.016184,0,4104,100.0,203.023621,1668.625977,39.559036,203.046219,1668.663940,39.641361,0.000000,0.000000,0.000000,0.000000,0.000000,0.000000,203.046219,1668.663940,30.641361,0.022598,0.037964,0.082325,0.022598,0.037964,0.082325,-0.000109,-0.000028,0.000020,0.000000,0.000000,0.000000,0,1,0,0,0,0,177.272598,1691.412964,32.457325,177.250000,1691.375000,32.375000,177.272598,1691.412964,32.457325,0.022598,0.037964,0.082325,0.000000,0.000000,0.000000,0.000052,0.000000,1,1,1,0,195.397598,1704.537964,33.332325,195.375000,1704.500000,33.250000,195.397598,1704.537964,33.332325,0.022598,0.037964,0.082325,0.000000,0.000000,0.000000,0.000046,0.000000,1,1,1,0
156.560178,0.011668,0,4104,100.0,203.046219,1668.663940,39.641361,203.068817,1668.701904,39.598686,0.000000,0.000000,0.000000,0.000000,0.000000,0.000000,203.068817,1668.701904,30.598686,0.022598,0.037964,-0.042675,0.022598,0.037964,-0.042675,-0.000109,-0.000028,0.000020,0.000000,0.000000,0.000000,0,1,0,0,0,0,177.272598,1691.412964,32.457325,177.250000,1691.375000,32.500000,177.272598,1691.412964,32.457325,0.022598,0.037964,-0.042675,0.000000,0.000000,0.000000,0.000052,0.000000,1,1,1,0,195.397598,1704.537964,33.332325,195.375000,1704.500000,33.375000,195.397598,1704.537964,33.332325,0.022598,0.037964,-0.042675,0.000000,0.000000,0.000000,0.000046,0.000000,1,1,1,0
156.574850,0.014672,0,4104,100.0,203.068817,1668.701904,39.598686,202.966415,1668.614868,39.556011,0.000000,0.000000,0.000000,0.000000,0.000000,0.000000,202.966415,1668.614868,30.556011,-0.102402,-0.087036,-0.042675,-0.102402,-0.087036,-0.042675,-0.000109,-0.000028,0.000020,0.000000,0.000000,0.000000,0,1,0,0,0,0,177.272598,1691.412964,32.457325,177.375000,1691.500000,32.500000,177.272598,1691.412964,32.457325,-0.102402,-0.087036,-0.042675,0.000000,0.000000,0.000000,0.000052,0.000000,1,1,1,0,195.397598,1704.537964,33.332325,195.500000,1704.625000,33.375000,195.397598,1704.537964,33.332325,-0.102402,-0.087036,-0.042675,0.000000,0.000000,0.000000,0.000046,0.000000,1,1,1,0
156.588108,0.013257,0,4104,100.0,202.966415,1668.614868,39.556011,202.989014,1668.652832,39.638336,0.000000,0.000000,0.000000,0.000000,0.000000,0.000000,202.989014,1668.652832,30.638336,0.022598,0.037964,0.082325,0.022598,0.037964,0.082325,-0.000109,-0.000028,0.000020,0.000000,0.000000,0.000000,0,1,0,0,0,0,177.272598,1691.412964,32.457325,177.250000,1691.375000,32.375000,177.272598,1691.412964,32.457325,0.022598,0.037964,0.082325,0.000000,0.000000,0.000000,0.000052,0.000000,1,1,1,0,195.397598,1704.537964,33.332325,195.375000,1704.500000,33.250000,195.397598,1704.537964,33.332325,0.022598,0.037964,0.082325,0.000000,0.000000,0.000000,0.000046,0.000000,1,1,1,0
156.601662,0.013554,0,4104,100.0,202.989014,1668.652832,39.638336,203.011612,1668.690796,39.595661,0.000000,0.000000,0.000000,0.000000,0.000000,0.000000,203.011612,1668.690796,30.595661,0.022598,0.037964,-0.042675,0.022598,0.037964,-0.042675,-0.000109,-0.000028,0.000020,0.000000,0.000000,0.000000,0,1,0,0,0,0,177.272598,1691.412964,32.457325,177.250000,1691.375000,32.500000,177.272598,1691.412964,32.457325,0.022598,0.037964,-0.042675,0.000000,0.000000,0.000000,0.000052,0.000000,1,1,1,0,195.397598,1704.537964,33.332325,195.375000,1704.500000,33.375000,195.397598,1704.537964,33.332325,0.022598,0.037964,-0.042675,0.000000,0.000000,0.000000,0.000046,0.000000,1,1,1,0
156.615354,0.013692,0,4104,100.0,203.011612,1668.690796,39.595661,203.034210,1668.603760,39.552986,0.000000,0.000000,0.000000,0.000000,0.000000,0.000000,203.034210,1668.603760,30.552986,0.022598,-0.087036,-0.042675,0.022598,-0.087036,-0.042675,-0.000109,-0.000028,0.000020,0.000000,0.000000,0.000000,0,1,0,0,0,0,177.272598,1691.412964,32.457325,177.250000,1691.500000,32.500000,177.272598,1691.412964,32.457325,0.022598,-0.087036,-0.042675,0.000000,0.000000,0.000000,0.000052,0.000000,1,1,1,0,195.397598,1704.537964,33.332325,195.375000,1704.625000,33.375000,195.397598,1704.537964,33.332325,0.022598,-0.087036,-0.042675,0.000000,0.000000,0.000000,0.000046,0.000000,1,1,1,0
156.630072,0.014719,0,4104,100.0,203.034210,1668.603760,39.552986,203.056808,1668.641724,39.635311,0.000000,0.000000,0.000000,0.000000,0.000000,0.000000,203.056808,1668.641724,30.635311,0.022598,0.037964,0.082325,0.022598,0.037964,0.082325,-0.000109,-0.000028,0.000020,0.000000,0.000000,0.000000,0,1,0,0,0,0,177.272598,1691.412964,32.457325,177.250000,1691.375000,32.375000,177.272598,1691.412964,32.457325,0.022598,0.037964,0.082325,0.000000,0.000000,0.000000,0.000052,0.000000,1,1,1,0,195.397598,1704.537964,33.332325,195.375000,1704.500000,33.250000,195.397598,1704.537964,33.332325,0.022598,0.037964,0.082325,0.000000,0.000000,0.000000,0.000046,0.000000,1,1,1,0
156.643220,0.013148,0,4104,100.0,203.056808,1668.641724,39.635311,203.079407,1668.679688,39.592636,0.000000,0.000000,0.000000,0.000000,0.000000,0.000000,203.079407,1668.679688,30.592636,0.022598,0.037964,-0.042675,0.022598,0.037964,-0.042675,-0.000109,-0.000028,0.000020,0.000000,0.000000,0.000000,0,1,0,0,0,0,177.272598,1691.412964,32.457325,177.250000,1691.375000,32.500000,177.272598,1691.412964,32.457325,0.022598,0.037964,-0.042675,0.000000,0.000000,0.000000,0.000052,0.000000,1,1,1,0,195.397598,1704.537964,33.332325,195.375000,1704.500000,33.375000,195.397598,1704.537964,33.332325,0.022598,0.037964,-0.042675,0.000000,0.000000,0.000000,0.000046,0.000000,1,1,1,0
156.656943,0.013722,0,4104,100.0,203.079407,1668.679688,39.592636,202.977005,1668.717651,39.549961,0.000000,0.000000,0.000000,0.000000,0.000000,0.000000,202.977005,1668.717651,30.549961,-0.102402,0.037964,-0.042675,-0.102402,0.037964,-0.042675,-0.000109,-0.000028,0.000020,0.000000,0.000000,0.000000,0,1,0,0,0,0,177.272598,1691.412964,32.457325,177.375000,1691.375000,32.500000,177.272598,1691.412964,32.457325,-0.102402,0.037964,-0.042675,0.000000,0.000000,0.000000,0.000052,0.000000,1,1,1,0,195.397598,1704.537964,33.332325,195.500000,1704.500000,33.375000,195.397598,1704.537964,33.332325,-0.102402,0.037964,-0.042675,0.000000,0.000000,0.000000,0.000046,0.000000,1,1,1,0
156.671631,0.014689,0,4104,100.0,202.977005,1668.717651,39.549961,202.999603,1668.630615,39.632286,0.000000,0.000000,0.000000,0.000000,0.000000,0.000000,202.999603,1668.630615,30.632286,0.022598,-0.087036,0.082325,0.022598,-0.087036,0.082325,-0.000109,-0.000028,0.000020,0.000000,0.000000,0.000000,0,1,0,0,0,0,177.272598,1691.412964,32.457325,177.250000,1691.500000,32.375000,177.272598,1691.412964,32.457325,0.022598,-0.087036,0.082325,0.000000,0.000000,0.000000,0.000052,0.000000,1,1,1,0,195.397598,1704.537964,33.332325,195.375000,1704.625000,33.250000,195.397598,1704.537964,33.332325,0.022598,-0.087036,0.082325,0.000000,0.000000,0.000000,0.000046,0.000000,1,1,1,0
156.684823,0.013191,0,4104,100.0,202.999603,1668.630615,39.632286,203.022202,1668.668579,39.589611,0.000000,0.000000,0.000000,0.000000,0.000000,0.000000,203.022202,1668.668579,30.589611,0.022598,0.037964,-0.042675,0.022598,0.037964,-0.042675,-0.000109,-0.000028,0.000020,0.000000,0.000000,0.000000,0,1,0,0,0,0,177.272598,1691.412964,32.457325,177.250000,1691.375000,32.500000,177.272598,1691.412964,32.457325,0.022598,0.037964,-0.042675,0.000000,0.000000,0.000000,0.000052,0.000000,1,1,1,0,195.397598,1704.537964,33.332325,195.375000,1704.500000,33.375000,195.397598,1704.537964,33.332325,0.022598,0.037964,-0.042675,0.000000,0.000000,0.000000,0.000046,0.000000,1,1,1,0
156.698556,0.013733,0,4104,100.0,203.022202,1668.668579,39.589611,203.044800,1668.706543,39.546936,0.000000,0.000000,0.000000,0.000000,0.000000,0.000000,203.044800,1668.706543,30.546936,0.022598,0.037964,-0.042675,0.022598,0.037964,-0.042675,-0.000109,-0.000028,0.000020,0.000000,0.000000,0.000000,0,1,0,0,0,0,177.272598,1691.412964,32.457325,177.250000,1691.375000,32.500000,177.272598,1691.412964,32.457325,0.022598,0.037964,-0.042675,0.000000,0.000000,0.000000,0.000052,0.000000,1,1,1,0,195.397598,1704.537964,33.332325,195.375000,1704.500000,33.375000,195.397598,1704.537964,33.332325,0.022598,0.037964,-0.042675,0.000000,0.000000,0.000000,0.000046,0.000000,1,1,1,0
156.713260,0.014704,0,4104,100.0,203.044800,1668.706543,39.546936,203.067398,1668.619507,39.629261,0.000000,0.000000,0.000000,0.000000,0.000000,0.000000,203.067398,1668.619507,30.629261,0.022598,-0.087036,0.082325,0.022598,-0.087036,0.082325,-0.000109,-0.000028,0.000020,0.000000,0.000000,0.000000,0,1,0,0,0,0,177.272598,1691.412964,32.457325,177.250000,1691.500000,32.375000,177.272598,1691.412964,32.457325,0.022598,-0.087036,0.082325,0.000000,0.000000,0.000000,0.000052,0.000000,1,1,1,0,195.397598,1704.537964,33.332325,195.375000,1704.625000,33.250000,195.397598,1704.537964,33.332325,0.022598,-0.087036,0.082325,0.000000,0.000000,0.000000,0.000046,0.000000,1,1,1,0
156.727461,0.014201,0,4104,100.0,203.067398,1668.619507,39.629261,202.964996,1668.657471,39.586586,0.000000,0.000000,0.000000,0.000000,0.000000,0.000000,202.964996,1668.657471,30.586586,-0.102402,0.037964,-0.042675,-0.102402,0.037964,-0.042675,-0.000109,-0.000028,0.000020,0.000000,0.000000,0.000000,0,1,0,0,0,0,177.272598,1691.412964,32.457325,177.375000,1691.375000,32.500000,177.272598,1691.412964,32.457325,-0.102402,0.037964,-0.042675,0.000000,0.000000,0.000000,0.000052,0.000000,1,1,1,0,195.397598,1704.537964,33.332325,195.500000,1704.500000,33.375000,195.397598,1704.537964,33.332325,-0.102402,0.037964,-0.042675,0.000000,0.000000,0.000000,0.000046,0.000000,1,1,1,0
156.740141,0.012680,0,4104,100.0,202.964996,1668.657471,39.586586,202.987595,1668.695435,39.543911,0.000000,0.000000,0.000000,0.000000,0.000000,0.000000,202.987595,1668.695435,30.543911,0.022598,0.037964,-0.042675,0.022598,0.037964,-0.042675,-0.000109,-0.000028,0.000020,0.000000,0.000000,0.000000,0,1,0,0,0,0,177.272598,1691.412964,32.457325,177.250000,1691.375000,32.500000,177.272598,1691.412964,32.457325,0.022598,0.037964,-0.042675,0.000000,0.000000,0.000000,0.000052,0.000000,1,1,1,0,195.397598,1704.537964,33.332325,195.375000,1704.500000,33.375000,195.397598,1704.537964,33.332325,0.022598,0.037964,-0.042675,0.000000,0.000000,0.000000,0.000046,0.000000,1,1,1,0
156.754881,0.014741,0,4104,100.0,202.987595,1668.695435,39.543911,203.010193,1668.608398,39.626236,0.000000,0.000000,0.000000,0.000000,0.000000,0.000000,203.010193,1668.608398,30.626236,0.022598,-0.087036,0.082325,0.022598,-0.087036,0.082325,-0.000109,-0.000028,0.000020,0.000000,0.000000,0.000000,0,1,0,0,0,0,177.272598,1691.412964,32.457325,177.250000,1691.500000,32.375000,177.272598,1691.412964,32.457325,0.022598,-0.087036,0.082325,0.000000,0.000000,0.000000,0.000052,0.000000,1,1,1,0,195.397598,1704.537964,33.332325,195.375000,1704.625000,33.250000,195.397598,1704.537964,33.332325,0.022598,-0.087036,0.082325,0.000000,0.000000,0.000000,0.000046,0.000000,1,1,1,0
156.767966,0.013085,0,4104,100.0,203.010193,1668.608398,39.626236,203.032791,1668.646362,39.583561,0.000000,0.000000,0.000000,0.000000,0.000000,0.000000,203.032791,1668.646362,30.583561,0.022598,0.037964,-0.042675,0.022598,0.037964,-0.042675,-0.000109,-0.000028,0.000020,0.000000,0.000000,0.000000,0,1,0,0,0,0,177.272598,1691.412964,32.457325,177.250000,1691.375000,32.500000,177.272598,1691.412964,32.457325,0.022598,0.037964,-0.042675,0.000000,0.000000,0.000000,0.000052,0.000000,1,1,1,0,195.397598,1704.537964,33.332325,195.375000,1704.500000,33.375000,195.397598,1704.537964,33.332325,0.022598,0.037964,-0.042675,0.000000,0.000000,0.000000,0.000046,0.000000,1,1,1,0
156.781602,0.013636,0,4104,100.0,203.032791,1668.646362,39.583561,203.055389,1668.684326,39.540886,0.000000,0.000000,0.000000,0.000000,0.000000,0.000000,203.055389,1668.684326,30.540886,0.022598,0.037964,-0.042675,0.022598,0.037964,-0.042675,-0.000109,-0.000028,0.000020,0.000000,0.000000,0.000000,0,1,0,0,0,0,177.272598,1691.412964,32.457325,177.250000,1691.375000,32.500000,177.272598,1691.412964,32.457325,0.022598,0.037964,-0.042675,0.000000,0.000000,0.000000,0.000052,0.000000,1,1,1,0,195.397598,1704.537964,33.332325,195.375000,1704.500000,33.375000,195.397598,1704.537964,33.332325,0.022598,0.037964,-0.042675,0.000000,0.000000,0.000000,0.000046,0.000000,1,1,1,0
156.796338,0.014737,0,4104,100.0,203.055389,1668.684326,39.540886,203.077988,1668.722290,39.623211,0.000000,0.000000,0.000000,0.000000,0.000000,0.000000,203.077988,1668.722290,30.623211,0.022598,0.037964,0.082325,0.022598,0.037964,0.082325,-0.000109,-0.000028,0.000020,0.000000,0.000000,0.000000,0,1,0,0,0,0,177.272598,1691.412964,32.457325,177.250000,1691.375000,32.375000,177.272598,1691.412964,32.457325,0.022598,0.037964,0.082325,0.000000,0.000000,0.000000,0.000052,0.000000,1,1,1,0,195.397598,1704.537964,33.332325,195.375000,1704.500000,33.250000,195.397598,1704.537964,33.332325,0.022598,0.037964,0.082325,0.000000,0.000000,0.000000,0.000046,0.000000,1,1,1,0
156.809968,0.013630,0,4104,100.0,203.077988,1668.722290,39.623211,202.975586,1668.635254,39.580536,0.000000,0.000000,0.000000,0.000000,0.000000,0.000000,202.975586,1668.635254,30.580536,-0.102402,-0.087036,-0.042675,-0.102402,-0.087036,-0.042675,-0.000109,-0.000028,0.000020,0.000000,0.000000,0.000000,0,1,0,0,0,0,177.272598,1691.412964,32.457325,177.375000,1691.500000,32.500000,177.272598,1691.412964,32.457325,-0.102402,-0.087036,-0.042675,0.000000,0.000000,0.000000,0.000052,0.000000,1,1,1,0,195.397598,1704.537964,33.332325,195.500000,1704.625000,33.375000,195.397598,1704.537964,33.332325,-0.102402,-0.087036,-0.042675,0.000000,0.000000,0.000000,0.000046,0.000000,1,1,1,0
156.824631,0.014663,0,4104,100.0,202.975586,1668.635254,39.580536,202.998184,1668.673218,39.537861,0.000000,0.000000,0.000000,0.000000,0.000000,0.000000,202.998184,1668.673218,30.537861,0.022598,0.037964,-0.042675,0.022598,0.037964,-0.042675,-0.000109,-0.000028,0.000020,0.000000,0.000000,0.000000,0,1,0,0,0,0,177.272598,1691.412964,32.457325,177.250000,1691.375000,32.500000,177.272598,1691.412964,32.457325,0.022598,0.037964,-0.042675,0.000000,0.000000,0.000000,0.000052,0.000000,1,1,1,0,195.397598,1704.537964,33.332325,195.375000,1704.500000,33.375000,195.397598,1704.537964,33.332325,0.022598,0.037964,-0.042675,0.000000,0.000000,0.000000,0.000046,0.000000,1,1,1,0
156.837910,0.013279,0,4104,100.0,202.998184,1668.673218,39.537861,203.020782,1668.711182,39.620186,0.000000,0.000000,0.000000,0.000000,0.000000,0.000000,203.020782,1668.711182,30.620186,0.022598,0.037964,0.082325,0.022598,0.037964,0.082325,-0.000109,-0.000028,0.000020,0.000000,0.000000,0.000000,0,1,0,0,0,0,177.272598,1691.412964,32.457325,177.250000,1691.375000,32.375000,177.272598,1691.412964,32.457325,0.022598,0.037964,0.082325,0.000000,0.000000,0.000000,0.000052,0.000000,1,1,1,0,195.397598,1704.537964,33.332325,195.375000,1704.500000,33.250000,195.397598,1704.537964,33.332325,0.022598,0.037964,0.082325,0.000000,0.000000,0.000000,0.000046,0.000000,1,1,1,0
156.851439,0.013529,0,4104,100.0,203.020782,1668.711182,39.620186,203.043381,1668.624146,39.577511,0.000000,0.000000,0.000000,0.000000,0.000000,0.000000,203.043381,1668.624146,30.577511,0.022598,-0.087036,-0.042675,0.022598,-0.087036,-0.042675,-0.000109,-0.000028,0.000020,0.000000,0.000000,0.000000,0,1,0,0,0,0,177.272598,1691.412964,32.457325,177.250000,1691.500000,32.500000,177.272598,1691.412964,32.457325,0.022598,-0.087036,-0.042675,0.000000,0.000000,0.000000,0.000052,0.000000,1,1,1,0,195.397598,1704.537964,33.332325,195.375000,1704.625000,33.375000,195.397598,1704.537964,33.332325,0.022598,-0.087036,-0.042675,0.000000,0.000000,0.000000,0.000046,0.000000,1,1,1,0
156.866122,0.014683,0,4104,100.0,203.043381,1668.624146,39.577511,203.065979,1668.662109,39.534836,0.000000,0.000000,0.000000,0.000000,0.000000,0.000000,203.065979,1668.662109,30.534836,0.022598,0.037964,-0.042675,0.022598,0.037964,-0.042675,-0.000109,-0.000028,0.000020,0.000000,0.000000,0.000000,0,1,0,0,0,0,177.272598,1691.412964,32.457325,177.250000,1691.375000,32.500000,177.272598,1691.412964,32.457325,0.022598,0.037964,-0.042675,0.000000,0.000000,0.000000,0.000052,0.000000,1,1,1,0,195.397598,1704.537964,33.332325,195.375000,1704.500000,33.375000,195.397598,1704.537964,33.332325,0.022598,0.037964,-0.042675,0.000000,0.000000,0.000000,0.000046,0.000000,1,1,1,0
156.878809,0.012687,0,4104,100.0,203.065979,1668.662109,39.534836,202.963577,1668.700073,39.617161,0.000000,0.000000,0.000000,0.000000,0.000000,0.000000,202.963577,1668.700073,30.617161,-0.102402,0.037964,0.082325,-0.102402,0.037964,0.082325,-0.000109,-0.000028,0.000020,0.000000,0.000000,0.000000,0,1,0,0,0,0,177.272598,1691.412964,32.457325,177.375000,1691.375000,32.375000,177.272598,1691.412964,32.457325,-0.102402,0.037964,0.082325,0.000000,0.000000,0.000000,0.000052,0.000000,1,1,1,0,195.397598,1704.537964,33.332325,195.500000,1704.500000,33.250000,195.397598,1704.537964,33.332325,-0.102402,0.037964,0.082325,0.000000,0.000000,0.000000,0.000046,0.000000,1,1,1,0
156.893556,0.014747,0,4104,100.0,202.963577,1668.700073,39.617161,202.986176,1668.613037,39.574486,0.000000,0.000000,0.000000,0.000000,0.000000,0.000000,202.986176,1668.613037,30.574486,0.022598,-0.087036,-0.042675,0.022598,-0.087036,-0.042675,-0.000109,-0.000028,0.000020,0.000000,0.000000,0.000000,0,1,0,0,0,0,177.272598,1691.412964,32.457325,177.250000,1691.500000,32.500000,177.272598,1691.412964,32.457325,0.022598,-0.087036,-0.042675,0.000000,0.000000,0.000000,0.000052,0.000000,1,1,1,0,195.397598,1704.537964,33.332325,195.375000,1704.625000,33.375000,195.397598,1704.537964,33.332325,0.022598,-0.087036,-0.042675,0.000000,0.000000,0.000000,0.000046,0.000000,1,1,1,0
156.907157,0.013601,0,4104,100.0,202.986176,1668.613037,39.574486,203.008774,1668.651001,39.531811,0.000000,0.000000,0.000000,0.000000,0.000000,0.000000,203.008774,1668.651001,30.531811,0.022598,0.037964,-0.042675,0.022598,0.037964,-0.042675,-0.000109,-0.000028,0.000020,0.000000,0.000000,0.000000,0,1,0,0,0,0,177.272598,1691.412964,32.457325,177.250000,1691.375000,32.500000,177.272598,1691.412964,32.457325,0.022598,0.037964,-0.042675,0.000000,0.000000,0.000000,0.000052,0.000000,1,1,1,0,195.397598,1704.537964,33.332325,195.375000,1704.500000,33.375000,195.397598,1704.537964,33.332325,0.022598,0.037964,-0.042675,0.000000,0.000000,0.000000,0.000046,0.000000,1,1,1,0
156.921430,0.014274,0,4104,100.0,203.008774,1668.651001,39.531811,203.031372,1668.688965,39.614136,0.000000,0.000000,0.000000,0.000000,0.000000,0.000000,203.031372,1668.688965,30.614136,0.022598,0.037964,0.082325,0.022598,0.037964,0.082325,-0.000109,-0.000028,0.000020,0.000000,0.000000,0.000000,0,1,0,0,0,0,177.272598,1691.412964,32.457325,177.250000,1691.375000,32.375000,177.272598,1691.412964,32.457325,0.022598,0.037964,0.082325,0.000000,0.000000,0.000000,0.000052,0.000000,1,1,1,0,195.397598,1704.537964,33.332325,195.375000,1704.500000,33.250000,195.397598,1704.537964,33.332325,0.022598,0.037964,0.082325,0.000000,0.000000,0.000000,0.000046,0.000000,1,1,1,0
156.934480,0.013050,0,4104,100.0,203.031372,1668.688965,39.614136,203.053970,1668.601929,39.571461,0.000000,0.000000,0.000000,0.000000,0.000000,0.000000,203.053970,1668.601929,30.571461,0.022598,-0.087036,-0.042675,0.022598,-0.087036,-0.042675,-0.000109,-0.000028,0.000020,0.000000,0.000000,0.000000,0,1,0,0,0,0,177.272598,1691.412964,32.457325,177.250000,1691.500000,32.500000,177.272598,1691.412964,32.457325,0.022598,-0.087036,-0.042675,0.000000,0.000000,0.000000,0.000052,0.000000,1,1,1,0,195.397598,1704.537964,33.332325,195.375000,1704.625000,33.375000,195.397598,1704.537964,33.332325,0.022598,-0.087036,-0.042675,0.000000,0.000000,0.000000,0.000046,0.000000,1,1,1,0
156.948665,0.014185,0,4104,100.0,203.053970,1668.601929,39.571461,203.076569,1668.639893,39.528786,0.000000,0.000000,0.000000,0.000000,0.000000,0.000000,203.076569,1668.639893,30.528786,0.022598,0.037964,-0.042675,0.022598,0.037964,-0.042675,-0.000109,-0.000028,0.000020,0.000000,0.000000,0.000000,0,1,0,0,0,0,177.272598,1691.412964,32.457325,177.250000,1691.375000,32.500000,177.272598,1691.412964,32.457325,0.022598,0.037964,-0.042675,0.000000,0.000000,0.000000,0.000052,0.000000,1,1,1,0,195.397598,1704.537964,33.332325,195.375000,1704.500000,33.375000,195.397598,1704.537964,33.332325,0.022598,0.037964,-0.042675,0.000000,0.000000,0.000000,0.000046,0.000000,1,1,1,0
156.962473,0.013808,0,4104,100.0,203.076569,1668.639893,39.528786,202.974167,1668.677856,39.611111,0.000000,0.000000,0.000000,0.000000,0.000000,0.000000,202.974167,1668.677856,30.611111,-0.102402,0.037964,0.082325,-0.102402,0.037964,0.082325,-0.000109,-0.000028,0.000020,0.000000,0.000000,0.000000,0,1,0,0,0,0,177.272598,1691.412964,32.457325,177.375000,1691.375000,32.375000,177.272598,1691.412964,32.457325,-0.102402,0.037964,0.082325,0.000000,0.000000,0.000000,0.000052,0.000000,1,1,1,0,195.397598,1704.537964,33.332325,195.500000,1704.500000,33.250000,195.397598,1704.537964,33.332325,-0.102402,0.037964,0.082325,0.000000,0.000000,0.000000,0.000046,0.000000,1,1,1,0
156.977530,0.015057,0,4104,100.0,202.974167,1668.677856,39.611111,202.996765,1668.715820,39.568436,0.000000,0.000000,0.000000,0.000000,0.000000,0.000000,202.996765,1668.715820,30.568436,0.022598,0.037964,-0.042675,0.022598,0.037964,-0.042675,-0.000109,-0.000028,0.000020,0.000000,0.000000,0.000000,0,1,0,0,0,0,177.272598,1691.412964,32.457325,177.250000,1691.375000,32.500000,177.272598,1691.412964,32.457325,0.022598,0.037964,-0.042675,0.000000,0.000000,0.000000,0.000052,0.000000,1,1,1,0,195.397598,1704.537964,33.332325,195.375000,1704.500000,33.375000,195.397598,1704.537964,33.332325,0.022598,0.037964,-0.042675,0.000000,0.000000,0.000000,0.000046,0.000000,1,1,1,0
156.990182,0.012652,0,4104,100.0,202.996765,1668.715820,39.568436,203.019363,1668.628784,39.525761,0.000000,0.000000,0.000000,0.000000,0.000000,0.000000,203.019363,1668.628784,30.525761,0.022598,-0.087036,-0.042675,0.022598,-0.087036,-0.042675,-0.000109,-0.000028,0.000020,0.000000,0.000000,0.000000,0,1,0,0,0,0,177.272598,1691.412964,32.457325,177.250000,1691.500000,32.500000,177.272598,1691.412964,32.457325,0.022598,-0.087036,-0.042675,0.000000,0.000000,0.000000,0.000052,0.000000,1,1,1,0,195.397598,1704.537964,33.332325,195.375000,1704.625000,33.375000,195.397598,1704.537964,33.332325,0.022598,-0.087036,-0.042675,0.000000,0.000000,0.000000,0.000046,0.000000,1,1,1,0
157.005064,0.014882,0,4104,100.0,203.019363,1668.628784,39.525761,203.041962,1668.666748,39.608086,0.000000,0.000000,0.000000,0.000000,0.000000,0.000000,203.041962,1668.666748,30.608086,0.022598,0.037964,0.082325,0.022598,0.037964,0.082325,-0.000109,-0.000028,0.000020,0.000000,0.000000,0.000000,0,1,0,0,0,0,177.272598,1691.412964,32.457325,177.250000,1691.375000,32.375000,177.272598,1691.412964,32.457325,0.022598,0.037964,0.082325,0.000000,0.000000,0.000000,0.000052,0.000000,1,1,1,0,195.397598,1704.537964,33.332325,195.375000,1704.500000,33.250000,195.397598,1704.537964,33.332325,0.022598,0.037964,0.082325,0.000000,0.000000,0.000000,0.000046,0.000000,1,1,1,0
157.018002,0.012938,0,4104,100.0,203.041962,1668.666748,39.608086,203.064560,1668.704712,39.565411,0.000000,0.000000,0.000000,0.000000,0.000000,0.000000,203.064560,1668.704712,30.565411,0.022598,0.037964,-0.042675,0.022598,0.037964,-0.042675,-0.000109,-0.000028,0.000020,0.000000,0.000000,0.000000,0,1,0,0,0,0,177.272598,1691.412964,32.457325,177.250000,1691.375000,32.500000,177.272598,1691.412964,32.457325,0.022598,0.037964,-0.042675,0.000000,0.000000,0.000000,0.000052,0.000000,1,1,1,0,195.397598,1704.537964,33.332325,195.375000,1704.500000,33.375000,195.397598,1704.537964,33.332325,0.022598,0.037964,-0.042675,0.000000,0.000000,0.000000,0.000046,0.000000,1,1,1,0
157.031650,0.013648,0,4104,100.0,203.064560,1668.704712,39.565411,202.962158,1668.617676,39.522736,0.000000,0.000000,0.000000,0.000000,0.000000,0.000000,202.962158,1668.617676,30.522736,-0.102402,-0.087036,-0.042675,-0.102402,-0.087036,-0.042675,-0.000109,-0.000028,0.000020,0.000000,0.000000,0.000000,0,1,0,0,0,0,177.272598,1691.412964,32.457325,177.375000,1691.500000,32.500000,177.272598,1691.412964,32.457325,-0.102402,-0.087036,-0.042675,0.000000,0.000000,0.000000,0.000052,0.000000,1,1,1,0,195.397598,1704.537964,33.332325,195.500000,1704.625000,33.375000,195.397598,1704.537964,33.332325,-0.102402,-0.087036,-0.042675,0.000000,0.000000,0.000000,0.000046,0.000000,1,1,1,0
157.046363,0.014713,0,4104,100.0,202.962158,1668.617676,39.522736,202.984756,1668.655640,39.605061,0.000000,0.000000,0.000000,0.000000,0.000000,0.000000,202.984756,1668.655640,30.605061,0.022598,0.037964,0.082325,0.022598,0.037964,0.082325,-0.000109,-0.000028,0.000020,0.000000,0.000000,0.000000,0,1,0,0,0,0,177.272598,1691.412964,32.457325,177.250000,1691.375000,32.375000,177.272598,1691.412964,32.457325,0.022598,0.037964,0.082325,0.000000,0.000000,0.000000,0.000052,0.000000,1,1,1,0,195.397598,1704.537964,33.332325,195.375000,1704.500000,33.250000,195.397598,1704.537964,33.332325,0.022598,0.037964,0.082325,0.000000,0.000000,0.000000,0.000046,0.000000,1,1,1,0
157.060081,0.013718,0,4104,100.0,202.984756,1668.655640,39.605061,203.007355,1668.693604,39.562386,0.000000,0.000000,0.000000,0.000000,0.000000,0.000000,203.007355,1668.693604,30.562386,0.022598,0.037964,-0.042675,0.022598,0.037964,-0.042675,-0.000109,-0.000028,0.000020,0.000000,0.000000,0.000000,0,1,0,0,0,0,177.272598,1691.412964,32.457325,177.250000,1691.375000,32.500000,177.272598,1691.412964,32.457325,0.022598,0.037964,-0.042675,0.000000,0.000000,0.000000,0.000052,0.000000,1,1,1,0,195.397598,1704.537964,33.332325,195.375000,1704.500000,33.375000,195.397598,1704.537964,33.332325,0.022598,0.037964,-0.042675,0.000000,0.000000,0.000000,0.000046,0.000000,1,1,1,0
157.074665,0.014584,0,4104,100.0,203.007355,1668.693604,39.562386,203.029953,1668.606567,39.644711,0.000000,0.000000,0.000000,0.000000,0.000000,0.000000,203.029953,1668.606567,30.644711,0.022598,-0.087036,0.082325,0.022598,-0.087036,0.082325,-0.000109,-0.000028,0.000020,0.000000,0.000000,0.000000,0,1,0,0,0,0,177.272598,1691.412964,32.457325,177.250000,1691.500000,32.375000,177.272598,1691.412964,32.457325,0.022598,-0.087036,0.082325,0.000000,0.000000,0.000000,0.000052,0.000000,1,1,1,0,195.397598,1704.537964,33.332325,195.375000,1704.625000,33.250000,195.397598,1704.537964,33.332325,0.022598,-0.087036,0.082325,0.000000,0.000000,0.000000,0.000046,0.000000,1,1,1,0
157.087971,0.013306,0,4104,100.0,203.029953,1668.606567,39.644711,203.052551,1668.644531,39.602036,0.000000,0.000000,0.000000,0.000000,0.000000,0.000000,203.052551,1668.644531,30.602036,0.022598,0.037964,-0.042675,0.022598,0.037964,-0.042675,-0.000109,-0.000028,0.000020,0.000000,0.000000,0.000000,0,1,0,0,0,0,177.272598,1691.412964,32.457325,177.250000,1691.375000,32.500000,177.272598,1691.412964,32.457325,0.022598,0.037964,-0.042675,0.000000,0.000000,0.000000,0.000052,0.000000,1,1,1,0,195.397598,1704.537964,33.332325,195.375000,1704.500000,33.375000,195.397598,1704.537964,33.332325,0.022598,0.037964,-0.042675,0.000000,0.000000,0.000000,0.000046,0.000000,1,1,1,0
157.101492,0.013521,0,4104,100.0,203.052551,1668.644531,39.602036,203.075150,1668.682495,39.559361,0.000000,0.000000,0.000000,0.000000,0.000000,0.000000,203.075150,1668.682495,30.559361,0.022598,0.037964,-0.042675,0.022598,0.037964,-0.042675,-0.000109,-0.000028,0.000020,0.000000,0.000000,0.000000,0,1,0,0,0,0,177.272598,1691.412964,32.457325,177.250000,1691.375000,32.500000,177.272598,1691.412964,32.457325,0.022598,0.037964,-0.042675,0.000000,0.000000,0.000000,0.000052,0.000000,1,1,1,0,195.397598,1704.537964,33.332325,195.375000,1704.500000,33.375000,195.397598,1704.537964,33.332325,0.022598,0.037964,-0.042675,0.000000,0.000000,0.000000,0.000046,0.000000,1,1,1,0
157.116202,0.014710,0,4104,100.0,203.075150,1668.682495,39.559361,202.972748,1668.720459,39.641685,0.000000,0.000000,0.000000,0.000000,0.000000,0.000000,202.972748,1668.720459,30.641685,-0.102402,0.037964,0.082325,-0.102402,0.037964,0.082325,-0.000109,-0.000028,0.000020,0.000000,0.000000,0.000000,0,1,0,0,0,0,177.272598,1691.412964,32.457325,177.375000,1691.375000,32.375000,177.272598,1691.412964,32.457325,-0.102402,0.037964,0.082325,0.000000,0.000000,0.000000,0.000052,0.000000,1,1,1,0,195.397598,1704.537964,33.332325,195.500000,1704.500000,33.250000,195.397598,1704.537964,33.332325,-0.102402,0.037964,0.082325,0.000000,0.000000,0.000000,0.000046,0.000000,1,1,1,0
157.129494,0.013292,0,4104,100.0,202.972748,1668.720459,39.641685,202.995346,1668.633423,39.599010,0.000000,0.000000,0.000000,0.000000,0.000000,0.000000,202.995346,1668.633423,30.599010,0.022598,-0.087036,-0.042675,0.022598,-0.087036,-0.042675,-0.000109,-0.000028,0.000020,0.000000,0.000000,0.000000,0,1,0,0,0,0,177.272598,1691.412964,32.457325,177.250000,1691.500000,32.500000,177.272598,1691.412964,32.457325,0.022598,-0.087036,-0.042675,0.000000,0.000000,0.000000,0.000052,0.000000,1,1,1,0,195.397598,1704.537964,33.332325,195.375000,1704.625000,33.375000,195.397598,1704.537964,33.332325,0.022598,-0.087036,-0.042675,0.000000,0.000000,0.000000,0.000046,0.000000,1,1,1,0
157.143007,0.013513,0,4104,100.0,202.995346,1668.633423,39.599010,203.017944,1668.671387,39.556335,0.000000,0.000000,0.000000,0.000000,0.000000,0.000000,203.017944,1668.671387,30.556335,0.022598,0.037964,-0.042675,0.022598,0.037964,-0.042675,-0.000109,-0.000028,0.000020,0.000000,0.000000,0.000000,0,1,0,0,0,0,177.272598,1691.412964,32.457325,177.250000,1691.375000,32.500000,177.272598,1691.412964,32.457325,0.022598,0.037964,-0.042675,0.000000,0.000000,0.000000,0.000052,0.000000,1,1,1,0,195.397598,1704.537964,33.332325,195.375000,1704.500000,33.375000,195.397598,1704.537964,33.332325,0.022598,0.037964,-0.042675,0.000000,0.000000,0.000000,0.000046,0.000000,1,1,1,0
157.157653,0.014646,0,4104,100.0,203.017944,1668.671387,39.556335,203.040543,1668.709351,39.638660,0.000000,0.000000,0.000000,0.000000,0.000000,0.000000,203.040543,1668.709351,30.638660,0.022598,0.037964,0.082325,0.022598,0.037964,0.082325,-0.000109,-0.000028,0.000020,0.000000,0.000000,0.000000,0,1,0,0,0,0,177.272598,1691.412964,32.457325,177.250000,1691.375000,32.375000,177.272598,1691.412964,32.457325,0.022598,0.037964,0.082325,0.000000,0.000000,0.000000,0.000052,0.000000,1,1,1,0,195.397598,1704.537964,33.332325,195.375000,1704.500000,33.250000,195.397598,1704.537964,33.332325,0.022598,0.037964,0.082325,0.000000,0.000000,0.000000,0.000046,0.000000,1,1,1,0
157.170965,0.013312,0,4104,100.0,203.040543,1668.709351,39.638660,203.063141,1668.622314,39.595985,0.000000,0.000000,0.000000,0.000000,0.000000,0.000000,203.063141,1668.622314,30.595985,0.022598,-0.087036,-0.042675,0.022598,-0.087036,-0.042675,-0.000109,-0.000028,0.000020,0.000000,0.000000,0.000000,0,1,0,0,0,0,177.272598,1691.412964,32.457325,177.250000,1691.500000,32.500000,177.272598,1691.412964,32.457325,0.022598,-0.087036,-0.042675,0.000000,0.000000,0.000000,0.000052,0.000000,1,1,1,0,195.397598,1704.537964,33.332325,195.375000,1704.625000,33.375000,195.397598,1704.537964,33.332325,0.022598,-0.087036,-0.042675,0.000000,0.000000,0.000000,0.000046,0.000000,1,1,1,0
157.184534,0.013569,0,4104,100.0,203.063141,1668.622314,39.595985,202.960739,1668.660278,39.553310,0.000000,0.000000,0.000000,0.000000,0.000000,0.000000,202.960739,1668.660278,30.553310,-0.102402,0.037964,-0.042675,-0.102402,0.037964,-0.042675,-0.000109,-0.000028,0.000020,0.000000,0.000000,0.000000,0,1,0,0,0,0,177.272598,1691.412964,32.457325,177.375000,1691.375000,32.500000,177.272598,1691.412964,32.457325,-0.102402,0.037964,-0.042675,0.000000,0.000000,0.000000,0.000052,0.000000,1,1,1,0,195.397598,1704.537964,33.332325,195.500000,1704.500000,33.375000,195.397598,1704.537964,33.332325,-0.102402,0.037964,-0.042675,0.000000,0.000000,0.000000,0.000046,0.000000,1,1,1,0
157.198760,0.014226,0,4104,100.0,202.960739,1668.660278,39.553310,202.983337,1668.698242,39.635635,0.000000,0.000000,0.000000,0.000000,0.000000,0.000000,202.983337,1668.698242,30.635635,0.022598,0.037964,0.082325,0.022598,0.037964,0.082325,-0.000109,-0.000028,0.000020,0.000000,0.000000,0.000000,0,1,0,0,0,0,177.272598,1691.412964,32.457325,177.250000,1691.375000,32.375000,177.272598,1691.412964,32.457325,0.022598,0.037964,0.082325,0.000000,0.000000,0.000000,0.000052,0.000000,1,1,1,0,195.397598,1704.537964,33.332325,195.375000,1704.500000,33.250000,195.397598,1704.537964,33.332325,0.022598,0.037964,0.082325,0.000000,0.000000,0.000000,0.000046,0.000000,1,1,1,0
157.213282,0.014522,0,4104,100.0,202.983337,1668.698242,39.635635,203.005936,1668.611206,39.592960,0.000000,0.000000,0.000000,0.000000,0.000000,0.000000,203.005936,1668.611206,30.592960,0.022598,-0.087036,-0.042675,0.022598,-0.087036,-0.042675,-0.000109,-0.000028,0.000020,0.000000,0.000000,0.000000,0,1,0,0,0,0,177.272598,1691.412964,32.457325,177.250000,1691.500000,32.500000,177.272598,1691.412964,32.457325,0.022598,-0.087036,-0.042675,0.000000,0.000000,0.000000,0.000052,0.000000,1,1,1,0,195.397598,1704.537964,33.332325,195.375000,1704.625000,33.375000,195.397598,1704.537964,33.332325,0.022598,-0.087036,-0.042675,0.000000,0.000000,0.000000,0.000046,0.000000,1,1,1,0
157.226335,0.013054,0,4104,100.0,203.005936,1668.611206,39.592960,203.028534,1668.649170,39.550285,0.000000,0.000000,0.000000,0.000000,0.000000,0.000000,203.028534,1668.649170,30.550285,0.022598,0.037964,-0.042675,0.022598,0.037964,-0.042675,-0.000109,-0.000028,0.000020,0.000000,0.000000,0.000000,0,1,0,0,0,0,177.272598,1691.412964,32.457325,177.250000,1691.375000,32.500000,177.272598,1691.412964,32.457325,0.022598,0.037964,-0.042675,0.000000,0.000000,0.000000,0.000052,0.000000,1,1,1,0,195.397598,1704.537964,33.332325,195.375000,1704.500000,33.375000,195.397598,1704.537964,33.332325,0.022598,0.037964,-0.042675,0.000000,0.000000,0.000000,0.000046,0.000000,1,1,1,0
157.241458,0.015123,0,4104,100.0,203.028534,1668.649170,39.550285,203.051132,1668.687134,39.632610,0.000000,0.000000,0.000000,0.000000,0.000000,0.000000,203.051132,1668.687134,30.632610,0.022598,0.037964,0.082325,0.022598,0.037964,0.082325,-0.000109,-0.000028,0.000020,0.000000,0.000000,0.000000,0,1,0,0,0,0,177.272598,1691.412964,32.457325,177.250000,1691.375000,32.375000,177.272598,1691.412964,32.457325,0.022598,0.037964,0.082325,0.000000,0.000000,0.000000,0.000052,0.000000,1,1,1,0,195.397598,1704.537964,33.332325,195.375000,1704.500000,33.250000,195.397598,1704.537964,33.332325,0.022598,0.037964,0.082325,0.000000,0.000000,0.000000,0.000046,0.000000,1,1,1,0
157.254670,0.013212,0,4104,100.0,203.051132,1668.687134,39.632610,203.073730,1668.725098,39.589935,0.000000,0.000000,0.000000,0.000000,0.000000,0.000000,203.073730,1668.725098,30.589935,0.022598,0.037964,-0.042675,0.022598,0.037964,-0.042675,-0.000109,-0.000028,0.000020,0.000000,0.000000,0.000000,0,1,0,0,0,0,177.272598,1691.412964,32.457325,177.250000,1691.375000,32.500000,177.272598,1691.412964,32.457325,0.022598,0.037964,-0.042675,0.000000,0.000000,0.000000,0.000052,0.000000,1,1,1,0,195.397598,1704.537964,33.332325,195.375000,1704.500000,33.375000,195.397598,1704.537964,33.332325,0.022598,0.037964,-0.042675,0.000000,0.000000,0.000000,0.000046,0.000000,1,1,1,0
157.267786,0.013116,0,4104,100.0,203.073730,1668.725098,39.589935,202.971329,1668.638062,39.547260,0.000000,0.000000,0.000000,0.000000,0.000000,0.000000,202.971329,1668.638062,30.547260,-0.102402,-0.087036,-0.042675,-0.102402,-0.087036,-0.042675,-0.000109,-0.000028,0.000020,0.000000,0.000000,0.000000,0,1,0,0,0,0,177.272598,1691.412964,32.457325,177.375000,1691.500000,32.500000,177.272598,1691.412964,32.457325,-0.102402,-0.087036,-0.042675,0.000000,0.000000,0.000000,0.000052,0.000000,1,1,1,0,195.397598,1704.537964,33.332325,195.500000,1704.625000,33.375000,195.397598,1704.537964,33.332325,-0.102402,-0.087036,-0.042675,0.000000,0.000000,0.000000,0.000046,0.000000,1,1,1,0
157.282970,0.015184,0,4104,100.0,202.971329,1668.638062,39.547260,202.993927,1668.676025,39.629585,0.000000,0.000000,0.000000,0.000000,0.000000,0.000000,202.993927,1668.676025,30.629585,0.022598,0.037964,0.082325,0.022598,0.037964,0.082325,-0.000109,-0.000028,0.000020,0.000000,0.000000,0.000000,0,1,0,0,0,0,177.272598,1691.412964,32.457325,177.250000,1691.375000,32.375000,177.272598,1691.412964,32.457325,0.022598,0.037964,0.082325,0.000000,0.000000,0.000000,0.000052,0.000000,1,1,1,0,195.397598,1704.537964,33.332325,195.375000,1704.500000,33.250000,195.397598,1704.537964,33.332325,0.022598,0.037964,0.082325,0.000000,0.000000,0.000000,0.000046,0.000000,1,1,1,0
157.296185,0.013215,0,4104,100.0,202.993927,1668.676025,39.629585,203.016525,1668.713989,39.586910,0.000000,0.000000,0.000000,0.000000,0.000000,0.000000,203.016525,1668.713989,30.586910,0.022598,0.037964,-0.042675,0.022598,0.037964,-0.042675,-0.000109,-0.000028,0.000020,0.000000,0.000000,0.000000,0,1,0,0,0,0,177.272598,1691.412964,32.457325,177.250000,1691.375000,32.500000,177.272598,1691.412964,32.457325,0.022598,0.037964,-0.042675,0.000000,0.000000,0.000000,0.000052,0.000000,1,1,1,0,195.397598,1704.537964,33.332325,195.375000,1704.500000,33.375000,195.397598,1704.537964,33.332325,0.022598,0.037964,-0.042675,0.000000,0.000000,0.000000,0.000046,0.000000,1,1,1,0
157.309397,0.013211,0,4104,100.0,203.016525,1668.713989,39.586910,203.039124,1668.626953,39.544235,0.000000,0.000000,0.000000,0.000000,0.000000,0.000000,203.039124,1668.626953,30.544235,0.022598,-0.087036,-0.042675,0.022598,-0.087036,-0.042675,-0.000109,-0.000028,0.000020,0.000000,0.000000,0.000000,0,1,0,0,0,0,177.272598,1691.412964,32.457325,177.250000,1691.500000,32.500000,177.272598,1691.412964,32.457325,0.022598,-0.087036,-0.042675,0.000000,0.000000,0.000000,0.000052,0.000000,1,1,1,0,195.397598,1704.537964,33.332325,195.375000,1704.625000,33.375000,195.397598,1704.537964,33.332325,0.022598,-0.087036,-0.042675,0.000000,0.000000,0.000000,0.000046,0.000000,1,1,1,0
157.324499,0.015103,0,4104,100.0,203.039124,1668.626953,39.544235,203.061722,1668.664917,39.626560,0.000000,0.000000,0.000000,0.000000,0.000000,0.000000,203.061722,1668.664917,30.626560,0.022598,0.037964,0.082325,0.022598,0.037964,0.082325,-0.000109,-0.000028,0.000020,0.000000,0.000000,0.000000,0,1,0,0,0,0,177.272598,1691.412964,32.457325,177.250000,1691.375000,32.375000,177.272598,1691.412964,32.457325,0.022598,0.037964,0.082325,0.000000,0.000000,0.000000,0.000052,0.000000,1,1,1,0,195.397598,1704.537964,33.332325,195.375000,1704.500000,33.250000,195.397598,1704.537964,33.332325,0.022598,0.037964,0.082325,0.000000,0.000000,0.000000,0.000046,0.000000,1,1,1,0
157.337847,0.013348,0,4104,100.0,203.061722,1668.664917,39.626560,203.084320,1668.702881,39.583885,0.000000,0.000000,0.000000,0.000000,0.000000,0.000000,203.084320,1668.702881,30.583885,0.022598,0.037964,-0.042675,0.022598,0.037964,-0.042675,-0.000109,-0.000028,0.000020,0.000000,0.000000,0.000000,0,1,0,0,0,0,177.272598,1691.412964,32.457325,177.250000,1691.375000,32.500000,177.272598,1691.412964,32.457325,0.022598,0.037964,-0.042675,0.000000,0.000000,0.000000,0.000052,0.000000,1,1,1,0,195.397598,1704.537964,33.332325,195.375000,1704.500000,33.375000,195.397598,1704.537964,33.332325,0.022598,0.037964,-0.042675,0.000000,0.000000,0.000000,0.000046,0.000000,1,1,1,0
157.351382,0.013534,0,4104,100.0,203.084320,1668.702881,39.583885,202.981918,1668.615845,39.541210,0.000000,0.000000,0.000000,0.000000,0.000000,0.000000,202.981918,1668.615845,30.541210,-0.102402,-0.087036,-0.042675,-0.102402,-0.087036,-0.042675,-0.000109,-0.000028,0.000020,0.000000,0.000000,0.000000,0,1,0,0,0,0,177.272598,1691.412964,32.457325,177.375000,1691.500000,32.500000,177.272598,1691.412964,32.457325,-0.102402,-0.087036,-0.042675,0.000000,0.000000,0.000000,0.000052,0.000000,1,1,1,0,195.397598,1704.537964,33.332325,195.500000,1704.625000,33.375000,195.397598,1704.537964,33.332325,-0.102402,-0.087036,-0.042675,0.000000,0.000000,0.000000,0.000046,0.000000,1,1,1,0
157.366051,0.014670,0,4104,100.0,202.981918,1668.615845,39.541210,203.004517,1668.653809,39.623535,0.000000,0.000000,0.000000,0.000000,0.000000,0.000000,203.004517,1668.653809,30.623535,0.022598,0.037964,0.082325,0.022598,0.037964,0.082325,-0.000109,-0.000028,0.000020,0.000000,0.000000,0.000000,0,1,0,0,0,0,177.272598,1691.412964,32.457325,177.250000,1691.375000,32.375000,177.272598,1691.412964,32.457325,0.022598,0.037964,0.082325,0.000000,0.000000,0.000000,0.000052,0.000000,1,1,1,0,195.397598,1704.537964,33.332325,195.375000,1704.500000,33.250000,195.397598,1704.537964,33.332325,0.022598,0.037964,0.082325,0.000000,0.000000,0.000000,0.000046,0.000000,1,1,1,0
157.380172,0.014121,0,4104,100.0,203.004517,1668.653809,39.623535,203.027115,1668.691772,39.580860,0.000000,0.000000,0.000000,0.000000,0.000000,0.000000,203.027115,1668.691772,30.580860,0.022598,0.037964,-0.042675,0.022598,0.037964,-0.042675,-0.000109,-0.000028,0.000020,0.000000,0.000000,0.000000,0,1,0,0,0,0,177.272598,1691.412964,32.457325,177.250000,1691.375000,32.500000,177.272598,1691.412964,32.457325,0.022598,0.037964,-0.042675,0.000000,0.000000,0.000000,0.000052,0.000000,1,1,1,0,195.397598,1704.537964,33.332325,195.375000,1704.500000,33.375000,195.397598,1704.537964,33.332325,0.022598,0.037964,-0.042675,0.000000,0.000000,0.000000,0.000046,0.000000,1,1,1,0
157.393795,0.013623,0,4104,100.0,203.027115,1668.691772,39.580860,203.049713,1668.604736,39.538185,0.000000,0.000000,0.000000,0.000000,0.000000,0.000000,203.049713,1668.604736,30.538185,0.022598,-0.087036,-0.042675,0.022598,-0.087036,-0.042675,-0.000109,-0.000028,0.000020,0.000000,0.000000,0.000000,0,1,0,0,0,0,177.272598,1691.412964,32.457325,177.250000,1691.500000,32.500000,177.272598,1691.412964,32.457325,0.022598,-0.087036,-0.042675,0.000000,0.000000,0.000000,0.000052,0.000000,1,1,1,0,195.397598,1704.537964,33.332325,195.375000,1704.625000,33.375000,195.397598,1704.537964,33.332325,0.022598,-0.087036,-0.042675,0.000000,0.000000,0.000000,0.000046,0.000000,1,1,1,0
157.407439,0.013644,0,4104,100.0,203.049713,1668.604736,39.538185,203.072311,1668.642700,39.620510,0.000000,0.000000,0.000000,0.000000,0.000000,0.000000,203.072311,1668.642700,30.620510,0.022598,0.037964,0.082325,0.022598,0.037964,0.082325,-0.000109,-0.000028,0.000020,0.000000,0.000000,0.000000,0,1,0,0,0,0,177.272598,1691.412964,32.457325,177.250000,1691.375000,32.375000,177.272598,1691.412964,32.457325,0.022598,0.037964,0.082325,0.000000,0.000000,0.000000,0.000052,0.000000,1,1,1,0,195.397598,1704.537964,33.332325,195.375000,1704.500000,33.250000,195.397598,1704.537964,33.332325,0.022598,0.037964,0.082325,0.000000,0.000000,0.000000,0.000046,0.000000,1,1,1,0
157.421646,0.014207,0,4104,100.0,203.072311,1668.642700,39.620510,202.969910,1668.680664,39.577835,0.000000,0.000000,0.000000,0.000000,0.000000,0.000000,202.969910,1668.680664,30.577835,-0.102402,0.037964,-0.042675,-0.102402,0.037964,-0.042675,-0.000109,-0.000028,0.000020,0.000000,0.000000,0.000000,0,1,0,0,0,0,177.272598,1691.412964,32.457325,177.375000,1691.375000,32.500000,177.272598,1691.412964,32.457325,-0.102402,0.037964,-0.042675,0.000000,0.000000,0.000000,0.000052,0.000000,1,1,1,0,195.397598,1704.537964,33.332325,195.500000,1704.500000,33.375000,195.397598,1704.537964,33.332325,-0.102402,0.037964,-0.042675,0.000000,0.000000,0.000000,0.000046,0.000000,1,1,1,0
157.434801,0.013156,0,4104,100.0,202.969910,1668.680664,39.577835,202.992508,1668.718628,39.535160,0.000000,0.000000,0.000000,0.000000,0.000000,0.000000,202.992508,1668.718628,30.535160,0.022598,0.037964,-0.042675,0.022598,0.037964,-0.042675,-0.000109,-0.000028,0.000020,0.000000,0.000000,0.000000,0,1,0,0,0,0,177.272598,1691.412964,32.457325,177.250000,1691.375000,32.500000,177.272598,1691.412964,32.457325,0.022598,0.037964,-0.042675,0.000000,0.000000,0.000000,0.000052,0.000000,1,1,1,0,195.397598,1704.537964,33.332325,195.375000,1704.500000,33.375000,195.397598,1704.537964,33.332325,0.022598,0.037964,-0.042675,0.000000,0.000000,0.000000,0.000046,0.000000,1,1,1,0
157.448515,0.013714,0,4104,100.0,202.992508,1668.718628,39.535160,203.015106,1668.631592,39.617485,0.000000,0.000000,0.000000,0.000000,0.000000,0.000000,203.015106,1668.631592,30.617485,0.022598,-0.087036,0.082325,0.022598,-0.087036,0.082325,-0.000109,-0.000028,0.000020,0.000000,0.000000,0.000000,0,1,0,0,0,0,177.272598,1691.412964,32.457325,177.250000,1691.500000,32.375000,177.272598,1691.412964,32.457325,0.022598,-0.087036,0.082325,0.000000,0.000000,0.000000,0.000052,0.000000,1,1,1,0,195.397598,1704.537964,33.332325,195.375000,1704.625000,33.250000,195.397598,1704.537964,33.332325,0.022598,-0.087036,0.082325,0.000000,0.000000,0.000000,0.000046,0.000000,1,1,1,0
157.463185,0.014670,0,4104,100.0,203.015106,1668.631592,39.617485,203.037704,1668.669556,39.574810,0.000000,0.000000,0.000000,0.000000,0.000000,0.000000,203.037704,1668.669556,30.574810,0.022598,0.037964,-0.042675,0.022598,0.037964,-0.042675,-0.000109,-0.000028,0.000020,0.000000,0.000000,0.000000,0,1,0,0,0,0,177.272598,1691.412964,32.457325,177.250000,1691.375000,32.500000,177.272598,1691.412964,32.457325,0.022598,0.037964,-0.042675,0.000000,0.000000,0.000000,0.000052,0.000000,1,1,1,0,195.397598,1704.537964,33.332325,195.375000,1704.500000,33.375000,195.397598,1704.537964,33.332325,0.022598,0.037964,-0.042675,0.000000,0.000000,0.000000,0.000046,0.000000,1,1,1,0
157.477350,0.014164,0,4104,100.0,203.037704,1668.669556,39.574810,203.060303,1668.707520,39.532135,0.000000,0.000000,0.000000,0.000000,0.000000,0.000000,203.060303,1668.707520,30.532135,0.022598,0.037964,-0.042675,0.022598,0.037964,-0.042675,-0.000109,-0.000028,0.000020,0.000000,0.000000,0.000000,0,1,0,0,0,0,177.272598,1691.412964,32.457325,177.250000,1691.375000,32.500000,177.272598,1691.412964,32.457325,0.022598,0.037964,-0.042675,0.000000,0.000000,0.000000,0.000052,0.000000,1,1,1,0,195.397598,1704.537964,33.332325,195.375000,1704.500000,33.375000,195.397598,1704.537964,33.332325,0.022598,0.037964,-0.042675,0.000000,0.000000,0.000000,0.000046,0.000000,1,1,1,0
157.491495,0.014146,0,4104,100.0,203.060303,1668.707520,39.532135,203.082901,1668.620483,39.614460,0.000000,0.000000,0.000000,0.000000,0.000000,0.000000,203.082901,1668.620483,30.614460,0.022598,-0.087036,0.082325,0.022598,-0.087036,0.082325,-0.000109,-0.000028,0.000020,0.000000,0.000000,0.000000,0,1,0,0,0,0,177.272598,1691.412964,32.457325,177.250000,1691.500000,32.375000,177.272598,1691.412964,32.457325,0.022598,-0.087036,0.082325,0.000000,0.000000,0.000000,0.000052,0.000000,1,1,1,0,195.397598,1704.537964,33.332325,195.375000,1704.625000,33.250000,195.397598,1704.537964,33.332325,0.022598,-0.087036,0.082325,0.000000,0.000000,0.000000,0.000046,0.000000,1,1,1,0
157.504695,0.013200,0,4104,100.0,203.082901,1668.620483,39.614460,202.980499,1668.658447,39.571785,0.000000,0.000000,0.000000,0.000000,0.000000,0.000000,202.980499,1668.658447,30.571785,-0.102402,0.037964,-0.042675,-0.102402,0.037964,-0.042675,-0.000109,-0.000028,0.000020,0.000000,0.000000,0.000000,0,1,0,0,0,0,177.272598,1691.412964,32.457325,177.375000,1691.375000,32.500000,177.272598,1691.412964,32.457325,-0.102402,0.037964,-0.042675,0.000000,0.000000,0.000000,0.000052,0.000000,1,1,1,0,195.397598,1704.537964,33.332325,195.500000,1704.500000,33.375000,195.397598,1704.537964,33.332325,-0.102402,0.037964,-0.042675,0.000000,0.000000,0.000000,0.000046,0.000000,1,1,1,0
157.517816,0.013121,0,4104,100.0,202.980499,1668.658447,39.571785,203.003098,1668.696411,39.529110,0.000000,0.000000,0.000000,0.000000,0.000000,0.000000,203.003098,1668.696411,30.529110,0.022598,0.037964,-0.042675,0.022598,0.037964,-0.042675,-0.000109,-0.000028,0.000020,0.000000,0.000000,0.000000,0,1,0,0,0,0,177.272598,1691.412964,32.457325,177.250000,1691.375000,32.500000,177.272598,1691.412964,32.457325,0.022598,0.037964,-0.042675,0.000000,0.000000,0.000000,0.000052,0.000000,1,1,1,0,195.397598,1704.537964,33.332325,195.375000,1704.500000,33.375000,195.397598,1704.537964,33.332325,0.022598,0.037964,-0.042675,0.000000,0.000000,0.000000,0.000046,0.000000,1,1,1,0
157.532524,0.014708,0,4104,100.0,203.003098,1668.696411,39.529110,203.025696,1668.609375,39.611435,0.000000,0.000000,0.000000,0.000000,0.000000,0.000000,203.025696,1668.609375,30.611435,0.022598,-0.087036,0.082325,0.022598,-0.087036,0.082325,-0.000109,-0.000028,0.000020,0.000000,0.000000,0.000000,0,1,0,0,0,0,177.272598,1691.412964,32.457325,177.250000,1691.500000,32.375000,177.272598,1691.412964,32.457325,0.022598,-0.087036,0.082325,0.000000,0.000000,0.000000,0.000052,0.000000,1,1,1,0,195.397598,1704.537964,33.332325,195.375000,1704.625000,33.250000,195.397598,1704.537964,33.332325,0.022598,-0.087036,0.082325,0.000000,0.000000,0.000000,0.000046,0.000000,1,1,1,0
157.546359,0.013835,0,4104,100.0,203.025696,1668.609375,39.611435,203.048294,1668.647339,39.568760,0.000000,0.000000,0.000000,0.000000,0.000000,0.000000,203.048294,1668.647339,30.568760,0.022598,0.037964,-0.042675,0.022598,0.037964,-0.042675,-0.000109,-0.000028,0.000020,0.000000,0.000000,0.000000,0,1,0,0,0,0,177.272598,1691.412964,32.457325,177.250000,1691.375000,32.500000,177.272598,1691.412964,32.457325,0.022598,0.037964,-0.042675,0.000000,0.000000,0.000000,0.000052,0.000000,1,1,1,0,195.397598,1704.537964,33.332325,195.375000,1704.500000,33.375000,195.397598,1704.537964,33.332325,0.022598,0.037964,-0.042675,0.000000,0.000000,0.000000,0.000046,0.000000,1,1,1,0
157.559417,0.013059,0,4104,100.0,203.048294,1668.647339,39.568760,203.070892,1668.685303,39.526085,0.000000,0.000000,0.000000,0.000000,0.000000,0.000000,203.070892,1668.685303,30.526085,0.022598,0.037964,-0.042675,0.022598,0.037964,-0.042675,-0.000109,-0.000028,0.000020,0.000000,0.000000,0.000000,0,1,0,0,0,0,177.272598,1691.412964,32.457325,177.250000,1691.375000,32.500000,177.272598,1691.412964,32.457325,0.022598,0.037964,-0.042675,0.000000,0.000000,0.000000,0.000052,0.000000,1,1,1,0,195.397598,1704.537964,33.332325,195.375000,1704.500000,33.375000,195.397598,1704.537964,33.332325,0.022598,0.037964,-0.042675,0.000000,0.000000,0.000000,0.000046,0.000000,1,1,1,0
157.574527,0.015109,0,4104,100.0,203.070892,1668.685303,39.526085,202.968491,1668.723267,39.608410,0.000000,0.000000,0.000000,0.000000,0.000000,0.000000,202.968491,1668.723267,30.608410,-0.102402,0.037964,0.082325,-0.102402,0.037964,0.082325,-0.000109,-0.000028,0.000020,0.000000,0.000000,0.000000,0,1,0,0,0,0,177.272598,1691.412964,32.457325,177.375000,1691.375000,32.375000,177.272598,1691.412964,32.457325,-0.102402,0.037964,0.082325,0.000000,0.000000,0.000000,0.000052,0.000000,1,1,1,0,195.397598,1704.537964,33.332325,195.500000,1704.500000,33.250000,195.397598,1704.537964,33.332325,-0.102402,0.037964,0.082325,0.000000,0.000000,0.000000,0.000046,0.000000,1,1,1,0
157.587802,0.013275,0,4104,100.0,202.968491,1668.723267,39.608410,202.991089,1668.636230,39.565735,0.000000,0.000000,0.000000,0.000000,0.000000,0.000000,202.991089,1668.636230,30.565735,0.022598,-0.087036,-0.042675,0.022598,-0.087036,-0.042675,-0.000109,-0.000028,0.000020,0.000000,0.000000,0.000000,0,1,0,0,0,0,177.272598,1691.412964,32.457325,177.250000,1691.500000,32.500000,177.272598,1691.412964,32.457325,0.022598,-0.087036,-0.042675,0.000000,0.000000,0.000000,0.000052,0.000000,1,1,1,0,195.397598,1704.537964,33.332325,195.375000,1704.625000,33.375000,195.397598,1704.537964,33.332325,0.022598,-0.087036,-0.042675,0.000000,0.000000,0.000000,0.000046,0.000000,1,1,1,0
157.601406,0.013604,0,4104,100.0,202.991089,1668.636230,39.565735,203.013687,1668.674194,39.523060,0.000000,0.000000,0.000000,0.000000,0.000000,0.000000,203.013687,1668.674194,30.523060,0.022598,0.037964,-0.042675,0.022598,0.037964,-0.042675,-0.000109,-0.000028,0.000020,0.000000,0.000000,0.000000,0,1,0,0,0,0,177.272598,1691.412964,32.457325,177.250000,1691.375000,32.500000,177.272598,1691.412964,32.457325,0.022598,0.037964,-0.042675,0.000000,0.000000,0.000000,0.000052,0.000000,1,1,1,0,195.397598,1704.537964,33.332325,195.375000,1704.500000,33.375000,195.397598,1704.537964,33.332325,0.022598,0.037964,-0.042675,0.000000,0.000000,0.000000,0.000046,0.000000,1,1,1,0
157.615096,0.013690,0,4104,100.0,203.013687,1668.674194,39.523060,203.036285,1668.712158,39.605385,0.000000,0.000000,0.000000,0.000000,0.000000,0.000000,203.036285,1668.712158,30.605385,0.022598,0.037964,0.082325,0.022598,0.037964,0.082325,-0.000109,-0.000028,0.000020,0.000000,0.000000,0.000000,0,1,0,0,0,0,177.272598,1691.412964,32.457325,177.250000,1691.375000,32.375000,177.272598,1691.412964,32.457325,0.022598,0.037964,0.082325,0.000000,0.000000,0.000000,0.000052,0.000000,1,1,1,0,195.397598,1704.537964,33.332325,195.375000,1704.500000,33.250000,195.397598,1704.537964,33.332325,0.022598,0.037964,0.082325,0.000000,0.000000,0.000000,0.000046,0.000000,1,1,1,0
157.628874,0.013778,0,4104,100.0,203.036285,1668.712158,39.605385,203.058884,1668.625122,39.562710,0.000000,0.000000,0.000000,0.000000,0.000000,0.000000,203.058884,1668.625122,30.562710,0.022598,-0.087036,-0.042675,0.022598,-0.087036,-0.042675,-0.000109,-0.000028,0.000020,0.000000,0.000000,0.000000,0,1,0,0,0,0,177.272598,1691.412964,32.457325,177.250000,1691.500000,32.500000,177.272598,1691.412964,32.457325,0.022598,-0.087036,-0.042675,0.000000,0.000000,0.000000,0.000052,0.000000,1,1,1,0,195.397598,1704.537964,33.332325,195.375000,1704.625000,33.375000,195.397598,1704.537964,33.332325,0.022598,-0.087036,-0.042675,0.000000,0.000000,0.000000,0.000046,0.000000,1,1,1,0
157.643902,0.015028,0,4104,100.0,203.058884,1668.625122,39.562710,203.081482,1668.663086,39.520035,0.000000,0.000000,0.000000,0.000000,0.000000,0.000000,203.081482,1668.663086,30.520035,0.022598,0.037964,-0.042675,0.022598,0.037964,-0.042675,-0.000109,-0.000028,0.000020,0.000000,0.000000,0.000000,0,1,0,0,0,0,177.272598,1691.412964,32.457325,177.250000,1691.375000,32.500000,177.272598,1691.412964,32.457325,0.022598,0.037964,-0.042675,0.000000,0.000000,0.000000,0.000052,0.000000,1,1,1,0,195.397598,1704.537964,33.332325,195.375000,1704.500000,33.375000,195.397598,1704.537964,33.332325,0.022598,0.037964,-0.042675,0.000000,0.000000,0.000000,0.000046,0.000000,1,1,1,0
157.657548,0.013646,0,4104,100.0,203.081482,1668.663086,39.520035,202.979080,1668.701050,39.602360,0.000000,0.000000,0.000000,0.000000,0.000000,0.000000,202.979080,1668.701050,30.602360,-0.102402,0.037964,0.082325,-0.102402,0.037964,0.082325,-0.000109,-0.000028,0.000020,0.000000,0.000000,0.000000,0,1,0,0,0,0,177.272598,1691.412964,32.457325,177.375000,1691.375000,32.375000,177.272598,1691.412964,32.457325,-0.102402,0.037964,0.082325,0.000000,0.000000,0.000000,0.000052,0.000000,1,1,1,0,195.397598,1704.537964,33.332325,195.500000,1704.500000,33.250000,195.397598,1704.537964,33.332325,-0.102402,0.037964,0.082325,0.000000,0.000000,0.000000,0.000046,0.000000,1,1,1,0
157.671756,0.014208,0,4104,100.0,202.979080,1668.701050,39.602360,203.001678,1668.614014,39.559685,0.000000,0.000000,0.000000,0.000000,0.000000,0.000000,203.001678,1668.614014,30.559685,0.022598,-0.087036,-0.042675,0.022598,-0.087036,-0.042675,-0.000109,-0.000028,0.000020,0.000000,0.000000,0.000000,0,1,0,0,0,0,177.272598,1691.412964,32.457325,177.250000,1691.500000,32.500000,177.272598,1691.412964,32.457325,0.022598,-0.087036,-0.042675,0.000000,0.000000,0.000000,0.000052,0.000000,1,1,1,0,195.397598,1704.537964,33.332325,195.375000,1704.625000,33.375000,195.397598,1704.537964,33.332325,0.022598,-0.087036,-0.042675,0.000000,0.000000,0.000000,0.000046,0.000000,1,1,1,0
157.685459,0.013703,0,4104,100.0,203.001678,1668.614014,39.559685,203.024277,1668.651978,39.642010,0.000000,0.000000,0.000000,0.000000,0.000000,0.000000,203.024277,1668.651978,30.642010,0.022598,0.037964,0.082325,0.022598,0.037964,0.082325,-0.000109,-0.000028,0.000020,0.000000,0.000000,0.000000,0,1,0,0,0,0,177.272598,1691.412964,32.457325,177.250000,1691.375000,32.375000,177.272598,1691.412964,32.457325,0.022598,0.037964,0.082325,0.000000,0.000000,0.000000,0.000052,0.000000,1,1,1,0,195.397598,1704.537964,33.332325,195.375000,1704.500000,33.250000,195.397598,1704.537964,33.332325,0.022598,0.037964,0.082325,0.000000,0.000000,0.000000,0.000046,0.000000,1,1,1,0
157.698621,0.013162,0,4104,100.0,203.024277,1668.651978,39.642010,203.046875,1668.689941,39.599335,0.000000,0.000000,0.000000,0.000000,0.000000,0.000000,203.046875,1668.689941,30.599335,0.022598,0.037964,-0.042675,0.022598,0.037964,-0.042675,-0.000109,-0.000028,0.000020,0.000000,0.000000,0.000000,0,1,0,0,0,0,177.272598,1691.412964,32.457325,177.250000,1691.375000,32.500000,177.272598,1691.412964,32.457325,0.022598,0.037964,-0.042675,0.000000,0.000000,0.000000,0.000052,0.000000,1,1,1,0,195.397598,1704.537964,33.332325,195.375000,1704.500000,33.375000,195.397598,1704.537964,33.332325,0.022598,0.037964,-0.042675,0.000000,0.000000,0.000000,0.000046,0.000000,1,1,1,0
157.712417,0.013796,0,4104,100.0,203.046875,1668.689941,39.599335,203.069473,1668.602905,39.556660,0.000000,0.000000,0.000000,0.000000,0.000000,0.000000,203.069473,1668.602905,30.556660,0.022598,-0.087036,-0.042675,0.022598,-0.087036,-0.042675,-0.000109,-0.000028,0.000020,0.000000,0.000000,0.000000,0,1,0,0,0,0,177.272598,1691.412964,32.457325,177.250000,1691.500000,32.500000,177.272598,1691.412964,32.457325,0.022598,-0.087036,-0.042675,0.000000,0.000000,0.000000,0.000052,0.000000,1,1,1,0,195.397598,1704.537964,33.332325,195.375000,1704.625000,33.375000,195.397598,1704.537964,33.332325,0.022598,-0.087036,-0.042675,0.000000,0.000000,0.000000,0.000046,0.000000,1,1,1,0
157.727461,0.015044,0,4104,100.0,203.069473,1668.602905,39.556660,202.967072,1668.640869,39.638985,0.000000,0.000000,0.000000,0.000000,0.000000,0.000000,202.967072,1668.640869,30.638985,-0.102402,0.037964,0.082325,-0.102402,0.037964,0.082325,-0.000109,-0.000028,0.000020,0.000000,0.000000,0.000000,0,1,0,0,0,0,177.272598,1691.412964,32.457325,177.375000,1691.375000,32.375000,177.272598,1691.412964,32.457325,-0.102402,0.037964,0.082325,0.000000,0.000000,0.000000,0.000052,0.000000,1,1,1,0,195.397598,1704.537964,33.332325,195.500000,1704.500000,33.250000,195.397598,1704.537964,33.332325,-0.102402,0.037964,0.082325,0.000000,0.000000,0.000000,0.000046,0.000000,1,1,1,0
157.740120,0.012659,0,4104,100.0,202.967072,1668.640869,39.638985,202.989670,1668.678833,39.596310,0.000000,0.000000,0.000000,0.000000,0.000000,0.000000,202.989670,1668.678833,30.596310,0.022598,0.037964,-0.042675,0.022598,0.037964,-0.042675,-0.000109,-0.000028,0.000020,0.000000,0.000000,0.000000,0,1,0,0,0,0,177.272598,1691.412964,32.457325,177.250000,1691.375000,32.500000,177.272598,1691.412964,32.457325,0.022598,0.037964,-0.042675,0.000000,0.000000,0.000000,0.000052,0.000000,1,1,1,0,195.397598,1704.537964,33.332325,195.375000,1704.500000,33.375000,195.397598,1704.537964,33.332325,0.022598,0.037964,-0.042675,0.000000,0.000000,0.000000,0.000046,0.000000,1,1,1,0
157.754784,0.014663,0,4104,100.0,202.989670,1668.678833,39.596310,203.012268,1668.716797,39.553635,0.000000,0.000000,0.000000,0.000000,0.000000,0.000000,203.012268,1668.716797,30.553635,0.022598,0.037964,-0.042675,0.022598,0.037964,-0.042675,-0.000109,-0.000028,0.000020,0.000000,0.000000,0.000000,0,1,0,0,0,0,177.272598,1691.412964,32.457325,177.250000,1691.375000,32.500000,177.272598,1691.412964,32.457325,0.022598,0.037964,-0.042675,0.000000,0.000000,0.000000,0.000052,0.000000,1,1,1,0,195.397598,1704.537964,33.332325,195.375000,1704.500000,33.375000,195.397598,1704.537964,33.332325,0.022598,0.037964,-0.042675,0.000000,0.000000,0.000000,0.000046,0.000000,1,1,1,0
157.767900,0.013116,0,4104,100.0,203.012268,1668.716797,39.553635,203.034866,1668.629761,39.635960,0.000000,0.000000,0.000000,0.000000,0.000000,0.000000,203.034866,1668.629761,30.635960,0.022598,-0.087036,0.082325,0.022598,-0.087036,0.082325,-0.000109,-0.000028,0.000020,0.000000,0.000000,0.000000,0,1,0,0,0,0,177.272598,1691.412964,32.457325,177.250000,1691.500000,32.375000,177.272598,1691.412964,32.457325,0.022598,-0.087036,0.082325,0.000000,0.000000,0.000000,0.000052,0.000000,1,1,1,0,195.397598,1704.537964,33.332325,195.375000,1704.625000,33.250000,195.397598,1704.537964,33.332325,0.022598,-0.087036,0.082325,0.000000,0.000000,0.000000,0.000046,0.000000,1,1,1,0
157.781571,0.013672,0,4104,100.0,203.034866,1668.629761,39.635960,203.057465,1668.667725,39.593285,0.000000,0.000000,0.000000,0.000000,0.000000,0.000000,203.057465,1668.667725,30.593285,0.022598,0.037964,-0.042675,0.022598,0.037964,-0.042675,-0.000109,-0.000028,0.000020,0.000000,0.000000,0.000000,0,1,0,0,0,0,177.272598,1691.412964,32.457325,177.250000,1691.375000,32.500000,177.272598,1691.412964,32.457325,0.022598,0.037964,-0.042675,0.000000,0.000000,0.000000,0.000052,0.000000,1,1,1,0,195.397598,1704.537964,33.332325,195.375000,1704.500000,33.375000,195.397598,1704.537964,33.332325,0.022598,0.037964,-0.042675,0.000000,0.000000,0.000000,0.000046,0.000000,1,1,1,0
157.796293,0.014721,0,4104,100.0,203.057465,1668.667725,39.593285,203.080063,1668.705688,39.550610,0.000000,0.000000,0.000000,0.000000,0.000000,0.000000,203.080063,1668.705688,30.550610,0.022598,0.037964,-0.042675,0.022598,0.037964,-0.042675,-0.000109,-0.000028,0.000020,0.000000,0.000000,0.000000,0,1,0,0,0,0,177.272598,1691.412964,32.457325,177.250000,1691.375000,32.500000,177.272598,1691.412964,32.457325,0.022598,0.037964,-0.042675,0.000000,0.000000,0.000000,0.000052,0.000000,1,1,1,0,195.397598,1704.537964,33.332325,195.375000,1704.500000,33.375000,195.397598,1704.537964,33.332325,0.022598,0.037964,-0.042675,0.000000,0.000000,0.000000,0.000046,0.000000,1,1,1,0
157.810026,0.013733,0,4104,100.0,203.080063,1668.705688,39.550610,202.977661,1668.618652,39.632935,0.000000,0.000000,0.000000,0.000000,0.000000,0.000000,202.977661,1668.618652,30.632935,-0.102402,-0.087036,0.082325,-0.102402,-0.087036,0.082325,-0.000109,-0.000028,0.000020,0.000000,0.000000,0.000000,0,1,0,0,0,0,177.272598,1691.412964,32.457325,177.375000,1691.500000,32.375000,177.272598,1691.412964,32.457325,-0.102402,-0.087036,0.082325,0.000000,0.000000,0.000000,0.000052,0.000000,1,1,1,0,195.397598,1704.537964,33.332325,195.500000,1704.625000,33.250000,195.397598,1704.537964,33.332325,-0.102402,-0.087036,0.082325,0.000000,0.000000,0.000000,0.000046,0.000000,1,1,1,0
157.824643,0.014617,0,4104,100.0,202.977661,1668.618652,39.632935,203.000259,1668.656616,39.590260,0.000000,0.000000,0.000000,0.000000,0.000000,0.000000,203.000259,1668.656616,30.590260,0.022598,0.037964,-0.042675,0.022598,0.037964,-0.042675,-0.000109,-0.000028,0.000020,0.000000,0.000000,0.000000,0,1,0,0,0,0,177.272598,1691.412964,32.457325,177.250000,1691.375000,32.500000,177.272598,1691.412964,32.457325,0.022598,0.037964,-0.042675,0.000000,0.000000,0.000000,0.000052,0.000000,1,1,1,0,195.397598,1704.537964,33.332325,195.375000,1704.500000,33.375000,195.397598,1704.537964,33.332325,0.022598,0.037964,-0.042675,0.000000,0.000000,0.000000,0.000046,0.000000,1,1,1,0
157.837801,0.013158,0,4104,100.0,203.000259,1668.656616,39.590260,203.022858,1668.694580,39.547585,0.000000,0.000000,0.000000,0.000000,0.000000,0.000000,203.022858,1668.694580,30.547585,0.022598,0.037964,-0.042675,0.022598,0.037964,-0.042675,-0.000109,-0.000028,0.000020,0.000000,0.000000,0.000000,0,1,0,0,0,0,177.272598,1691.412964,32.457325,177.250000,1691.375000,32.500000,177.272598,1691.412964,32.457325,0.022598,0.037964,-0.042675,0.000000,0.000000,0.000000,0.000052,0.000000,1,1,1,0,195.397598,1704.537964,33.332325,195.375000,1704.500000,33.375000,195.397598,1704.537964,33.332325,0.022598,0.037964,-0.042675,0.000000,0.000000,0.000000,0.000046,0.000000,1,1,1,0
157.852953,0.015152,0,4104,100.0,203.022858,1668.694580,39.547585,203.045456,1668.607544,39.629910,0.000000,0.000000,0.000000,0.000000,0.000000,0.000000,203.045456,1668.607544,30.629910,0.022598,-0.087036,0.082325,0.022598,-0.087036,0.082325,-0.000109,-0.000028,0.000020,0.000000,0.000000,0.000000,0,1,0,0,0,0,177.272598,1691.412964,32.457325,177.250000,1691.500000,32.375000,177.272598,1691.412964,32.457325,0.022598,-0.087036,0.082325,0.000000,0.000000,0.000000,0.000052,0.000000,1,1,1,0,195.397598,1704.537964,33.332325,195.375000,1704.625000,33.250000,195.397598,1704.537964,33.332325,0.022598,-0.087036,0.082325,0.000000,0.000000,0.000000,0.000046,0.000000,1,1,1,0
157.866161,0.013207,0,4104,100.0,203.045456,1668.607544,39.629910,203.068054,1668.645508,39.587234,0.000000,0.000000,0.000000,0.000000,0.000000,0.000000,203.068054,1668.645508,30.587234,0.022598,0.037964,-0.042675,0.022598,0.037964,-0.042675,-0.000109,-0.000028,0.000020,0.000000,0.000000,0.000000,0,1,0,0,0,0,177.272598,1691.412964,32.457325,177.250000,1691.375000,32.500000,177.272598,1691.412964,32.457325,0.022598,0.037964,-0.042675,0.000000,0.000000,0.000000,0.000052,0.000000,1,1,1,0,195.397598,1704.537964,33.332325,195.375000,1704.500000,33.375000,195.397598,1704.537964,33.332325,0.022598,0.037964,-0.042675,0.000000,0.000000,0.000000,0.000046,0.000000,1,1,1,0
157.879329,0.013168,0,4104,100.0,203.068054,1668.645508,39.587234,202.965652,1668.683472,39.544559,0.000000,0.000000,0.000000,0.000000,0.000000,0.000000,202.965652,1668.683472,30.544559,-0.102402,0.037964,-0.042675,-0.102402,0.037964,-0.042675,-0.000109,-0.000028,0.000020,0.000000,0.000000,0.000000,0,1,0,0,0,0,177.272598,1691.412964,32.457325,177.375000,1691.375000,32.500000,177.272598,1691.412964,32.457325,-0.102402,0.037964,-0.042675,0.000000,0.000000,0.000000,0.000052,0.000000,1,1,1,0,195.397598,1704.537964,33.332325,195.500000,1704.500000,33.375000,195.397598,1704.537964,33.332325,-0.102402,0.037964,-0.042675,0.000000,0.000000,0.000000,0.000046,0.000000,1,1,1,0
157.893013,0.013684,0,4104,100.0,202.965652,1668.683472,39.544559,202.988251,1668.721436,39.626884,0.000000,0.000000,0.000000,0.000000,0.000000,0.000000,202.988251,1668.721436,30.626884,0.022598,0.037964,0.082325,0.022598,0.037964,0.082325,-0.000109,-0.000028,0.000020,0.000000,0.000000,0.000000,0,1,0,0,0,0,177.272598,1691.412964,32.457325,177.250000,1691.375000,32.375000,177.272598,1691.412964,32.457325,0.022598,0.037964,0.082325,0.000000,0.000000,0.000000,0.000052,0.000000,1,1,1,0,195.397598,1704.537964,33.332325,195.375000,1704.500000,33.250000,195.397598,1704.537964,33.332325,0.022598,0.037964,0.082325,0.000000,0.000000,0.000000,0.000046,0.000000,1,1,1,0
157.907720,0.014707,0,4104,100.0,202.988251,1668.721436,39.626884,203.010849,1668.634399,39.584209,0.000000,0.000000,0.000000,0.000000,0.000000,0.000000,203.010849,1668.634399,30.584209,0.022598,-0.087036,-0.042675,0.022598,-0.087036,-0.042675,-0.000109,-0.000028,0.000020,0.000000,0.000000,0.000000,0,1,0,0,0,0,177.272598,1691.412964,32.457325,177.250000,1691.500000,32.500000,177.272598,1691.412964,32.457325,0.022598,-0.087036,-0.042675,0.000000,0.000000,0.000000,0.000052,0.000000,1,1,1,0,195.397598,1704.537964,33.332325,195.375000,1704.625000,33.375000,195.397598,1704.537964,33.332325,0.022598,-0.087036,-0.042675,0.000000,0.000000,0.000000,0.000046,0.000000,1,1,1,0
157.921415,0.013695,0,4104,100.0,203.010849,1668.634399,39.584209,203.033447,1668.672363,39.541534,0.000000,0.000000,0.000000,0.000000,0.000000,0.000000,203.033447,1668.672363,30.541534,0.022598,0.037964,-0.042675,0.022598,0.037964,-0.042675,-0.000109,-0.000028,0.000020,0.000000,0.000000,0.000000,0,1,0,0,0,0,177.272598,1691.412964,32.457325,177.250000,1691.375000,32.500000,177.272598,1691.412964,32.457325,0.022598,0.037964,-0.042675,0.000000,0.000000,0.000000,0.000052,0.000000,1,1,1,0,195.397598,1704.537964,33.332325,195.375000,1704.500000,33.375000,195.397598,1704.537964,33.332325,0.022598,0.037964,-0.042675,0.000000,0.000000,0.000000,0.000046,0.000000,1,1,1,0
157.934598,0.013183,0,4104,100.0,203.033447,1668.672363,39.541534,203.056046,1668.710327,39.623859,0.000000,0.000000,0.000000,0.000000,0.000000,0.000000,203.056046,1668.710327,30.623859,0.022598,0.037964,0.082325,0.022598,0.037964,0.082325,-0.000109,-0.000028,0.000020,0.000000,0.000000,0.000000,0,1,0,0,0,0,177.272598,1691.412964,32.457325,177.250000,1691.375000,32.375000,177.272598,1691.412964,32.457325,0.022598,0.037964,0.082325,0.000000,0.000000,0.000000,0.000052,0.000000,1,1,1,0,195.397598,1704.537964,33.332325,195.375000,1704.500000,33.250000,195.397598,1704.537964,33.332325,0.022598,0.037964,0.082325,0.000000,0.000000,0.000000,0.000046,0.000000,1,1,1,0
157.949277,0.014679,0,4104,100.0,203.056046,1668.710327,39.623859,203.078644,1668.623291,39.581184,0.000000,0.000000,0.000000,0.000000,0.000000,0.000000,203.078644,1668.623291,30.581184,0.022598,-0.087036,-0.042675,0.022598,-0.087036,-0.042675,-0.000109,-0.000028,0.000020,0.000000,0.000000,0.000000,0,1,0,0,0,0,177.272598,1691.412964,32.457325,177.250000,1691.500000,32.500000,177.272598,1691.412964,32.457325,0.022598,-0.087036,-0.042675,0.000000,0.000000,0.000000,0.000052,0.000000,1,1,1,0,195.397598,1704.537964,33.332325,195.375000,1704.625000,33.375000,195.397598,1704.537964,33.332325,0.022598,-0.087036,-0.042675,0.000000,0.000000,0.000000,0.000046,0.000000,1,1,1,0
157.962909,0.013632,0,4104,100.0,203.078644,1668.623291,39.581184,202.976242,1668.661255,39.538509,0.000000,0.000000,0.000000,0.000000,0.000000,0.000000,202.976242,1668.661255,30.538509,-0.102402,0.037964,-0.042675,-0.102402,0.037964,-0.042675,-0.000109,-0.000028,0.000020,0.000000,0.000000,0.000000,0,1,0,0,0,0,177.272598,1691.412964,32.457325,177.375000,1691.375000,32.500000,177.272598,1691.412964,32.457325,-0.102402,0.037964,-0.042675,0.000000,0.000000,0.000000,0.000052,0.000000,1,1,1,0,195.397598,1704.537964,33.332325,195.500000,1704.500000,33.375000,195.397598,1704.537964,33.332325,-0.102402,0.037964,-0.042675,0.000000,0.000000,0.000000,0.000046,0.000000,1,1,1,0
157.977111,0.014201,0,4104,100.0,202.976242,1668.661255,39.538509,202.998840,1668.699219,39.620834,0.000000,0.000000,0.000000,0.000000,0.000000,0.000000,202.998840,1668.699219,30.620834,0.022598,0.037964,0.082325,0.022598,0.037964,0.082325,-0.000109,-0.000028,0.000020,0.000000,0.000000,0.000000,0,1,0,0,0,0,177.272598,1691.412964,32.457325,177.250000,1691.375000,32.375000,177.272598,1691.412964,32.457325,0.022598,0.037964,0.082325,0.000000,0.000000,0.000000,0.000052,0.000000,1,1,1,0,195.397598,1704.537964,33.332325,195.375000,1704.500000,33.250000,195.397598,1704.537964,33.332325,0.022598,0.037964,0.082325,0.000000,0.000000,0.000000,0.000046,0.000000,1,1,1,0
157.990265,0.013154,0,4104,100.0,202.998840,1668.699219,39.620834,203.021439,1668.612183,39.578159,0.000000,0.000000,0.000000,0.000000,0.000000,0.000000,203.021439,1668.612183,30.578159,0.022598,-0.087036,-0.042675,0.022598,-0.087036,-0.042675,-0.000109,-0.000028,0.000020,0.000000,0.000000,0.000000,0,1,0,0,0,0,177.272598,1691.412964,32.457325,177.250000,1691.500000,32.500000,177.272598,1691.412964,32.457325,0.022598,-0.087036,-0.042675,0.000000,0.000000,0.000000,0.000052,0.000000,1,1,1,0,195.397598,1704.537964,33.332325,195.375000,1704.625000,33.375000,195.397598,1704.537964,33.332325,0.022598,-0.087036,-0.042675,0.000000,0.000000,0.000000,0.000046,0.000000,1,1,1,0
158.004034,0.013768,0,4104,100.0,203.021439,1668.612183,39.578159,203.044037,1668.650146,39.535484,0.000000,0.000000,0.000000,0.000000,0.000000,0.000000,203.044037,1668.650146,30.535484,0.022598,0.037964,-0.042675,0.022598,0.037964,-0.042675,-0.000109,-0.000028,0.000020,0.000000,0.000000,0.000000,0,1,0,0,0,0,177.272598,1691.412964,32.457325,177.250000,1691.375000,32.500000,177.272598,1691.412964,32.457325,0.022598,0.037964,-0.042675,0.000000,0.000000,0.000000,0.000052,0.000000,1,1,1,0,195.397598,1704.537964,33.332325,195.375000,1704.500000,33.375000,195.397598,1704.537964,33.332325,0.022598,0.037964,-0.042675,0.000000,0.000000,0.000000,0.000046,0.000000,1,1,1,0
158.018085,0.014052,0,4104,100.0,203.044037,1668.650146,39.535484,203.066635,1668.688110,39.617809,0.000000,0.000000,0.000000,0.000000,0.000000,0.000000,203.066635,1668.688110,30.617809,0.022598,0.037964,0.082325,0.022598,0.037964,0.082325,-0.000109,-0.000028,0.000020,0.000000,0.000000,0.000000,0,1,0,0,0,0,177.272598,1691.412964,32.457325,177.250000,1691.375000,32.375000,177.272598,1691.412964,32.457325,0.022598,0.037964,0.082325,0.000000,0.000000,0.000000,0.000052,0.000000,1,1,1,0,195.397598,1704.537964,33.332325,195.375000,1704.500000,33.250000,195.397598,1704.537964,33.332325,0.022598,0.037964,0.082325,0.000000,0.000000,0.000000,0.000046,0.000000,1,1,1,0
158.032280,0.014194,0,4104,100.0,203.066635,1668.688110,39.617809,202.964233,1668.601074,39.575134,0.000000,0.000000,0.000000,0.000000,0.000000,0.000000,202.964233,1668.601074,30.575134,-0.102402,-0.087036,-0.042675,-0.102402,-0.087036,-0.042675,-0.000109,-0.000028,0.000020,0.000000,0.000000,0.000000,0,1,0,0,0,0,177.272598,1691.412964,32.457325,177.375000,1691.500000,32.500000,177.272598,1691.412964,32.457325,-0.102402,-0.087036,-0.042675,0.000000,0.000000,0.000000,0.000052,0.000000,1,1,1,0,195.397598,1704.537964,33.332325,195.500000,1704.625000,33.375000,195.397598,1704.537964,33.332325,-0.102402,-0.087036,-0.042675,0.000000,0.000000,0.000000,0.000046,0.000000,1,1,1,0
158.045945,0.013665,0,4104,100.0,202.964233,1668.601074,39.575134,202.986832,1668.639038,39.532459,0.000000,0.000000,0.000000,0.000000,0.000000,0.000000,202.986832,1668.639038,30.532459,0.022598,0.037964,-0.042675,0.022598,0.037964,-0.042675,-0.000109,-0.000028,0.000020,0.000000,0.000000,0.000000,0,1,0,0,0,0,177.272598,1691.412964,32.457325,177.250000,1691.375000,32.500000,177.272598,1691.412964,32.457325,0.022598,0.037964,-0.042675,0.000000,0.000000,0.000000,0.000052,0.000000,1,1,1,0,195.397598,1704.537964,33.332325,195.375000,1704.500000,33.375000,195.397598,1704.537964,33.332325,0.022598,0.037964,-0.042675,0.000000,0.000000,0.000000,0.000046,0.000000,1,1,1,0
158.060133,0.014188,0,4104,100.0,202.986832,1668.639038,39.532459,203.009430,1668.677002,39.614784,0.000000,0.000000,0.000000,0.000000,0.000000,0.000000,203.009430,1668.677002,30.614784,0.022598,0.037964,0.082325,0.022598,0.037964,0.082325,-0.000109,-0.000028,0.000020,0.000000,0.000000,0.000000,0,1,0,0,0,0,177.272598,1691.412964,32.457325,177.250000,1691.375000,32.375000,177.272598,1691.412964,32.457325,0.022598,0.037964,0.082325,0.000000,0.000000,0.000000,0.000052,0.000000,1,1,1,0,195.397598,1704.537964,33.332325,195.375000,1704.500000,33.250000,195.397598,1704.537964,33.332325,0.022598,0.037964,0.082325,0.000000,0.000000,0.000000,0.000046,0.000000,1,1,1,0
158.074330,0.014197,0,4104,100.0,203.009430,1668.677002,39.614784,203.032028,1668.714966,39.572109,0.000000,0.000000,0.000000,0.000000,0.000000,0.000000,203.032028,1668.714966,30.572109,0.022598,0.037964,-0.042675,0.022598,0.037964,-0.042675,-0.000109,-0.000028,0.000020,0.000000,0.000000,0.000000,0,1,0,0,0,0,177.272598,1691.412964,32.457325,177.250000,1691.375000,32.500000,177.272598,1691.412964,32.457325,0.022598,0.037964,-0.042675,0.000000,0.000000,0.000000,0.000052,0.000000,1,1,1,0,195.397598,1704.537964,33.332325,195.375000,1704.500000,33.375000,195.397598,1704.537964,33.332325,0.022598,0.037964,-0.042675,0.000000,0.000000,0.000000,0.000046,0.000000,1,1,1,0
158.087520,0.013191,0,4104,100.0,203.032028,1668.714966,39.572109,203.054626,1668.627930,39.529434,0.000000,0.000000,0.000000,0.000000,0.000000,0.000000,203.054626,1668.627930,30.529434,0.022598,-0.087036,-0.042675,0.022598,-0.087036,-0.042675,-0.000109,-0.000028,0.000020,0.000000,0.000000,0.000000,0,1,0,0,0,0,177.272598,1691.412964,32.457325,177.250000,1691.500000,32.500000,177.272598,1691.412964,32.457325,0.022598,-0.087036,-0.042675,0.000000,0.000000,0.000000,0.000052,0.000000,1,1,1,0,195.397598,1704.537964,33.332325,195.375000,1704.625000,33.375000,195.397598,1704.537964,33.332325,0.022598,-0.087036,-0.042675,0.000000,0.000000,0.000000,0.000046,0.000000,1,1,1,0
158.101743,0.014223,0,4104,100.0,203.054626,1668.627930,39.529434,203.077225,1668.665894,39.611759,0.000000,0.000000,0.000000,0.000000,0.000000,0.000000,203.077225,1668.665894,30.611759,0.022598,0.037964,0.082325,0.022598,0.037964,0.082325,-0.000109,-0.000028,0.000020,0.000000,0.000000,0.000000,0,1,0,0,0,0,177.272598,1691.412964,32.457325,177.250000,1691.375000,32.375000,177.272598,1691.412964,32.457325,0.022598,0.037964,0.082325,0.000000,0.000000,0.000000,0.000052,0.000000,1,1,1,0,195.397598,1704.537964,33.332325,195.375000,1704.500000,33.250000,195.397598,1704.537964,33.332325,0.022598,0.037964,0.082325,0.000000,0.000000,0.000000,0.000046,0.000000,1,1,1,0
158.115441,0.013698,0,4104,100.0,203.077225,1668.665894,39.611759,202.974823,1668.703857,39.569084,0.000000,0.000000,0.000000,0.000000,0.000000,0.000000,202.974823,1668.703857,30.569084,-0.102402,0.037964,-0.042675,-0.102402,0.037964,-0.042675,-0.000109,-0.000028,0.000020,0.000000,0.000000,0.000000,0,1,0,0,0,0,177.272598,1691.412964,32.457325,177.375000,1691.375000,32.500000,177.272598,1691.412964,32.457325,-0.102402,0.037964,-0.042675,0.000000,0.000000,0.000000,0.000052,0.000000,1,1,1,0,195.397598,1704.537964,33.332325,195.500000,1704.500000,33.375000,195.397598,1704.537964,33.332325,-0.102402,0.037964,-0.042675,0.000000,0.000000,0.000000,0.000046,0.000000,1,1,1,0
158.130091,0.014650,0,4104,100.0,202.974823,1668.703857,39.569084,202.997421,1668.616821,39.526409,0.000000,0.000000,0.000000,0.000000,0.000000,0.000000,202.997421,1668.616821,30.526409,0.022598,-0.087036,-0.042675,0.022598,-0.087036,-0.042675,-0.000109,-0.000028,0.000020,0.000000,0.000000,0.000000,0,1,0,0,0,0,177.272598,1691.412964,32.457325,177.250000,1691.500000,32.500000,177.272598,1691.412964,32.457325,0.022598,-0.087036,-0.042675,0.000000,0.000000,0.000000,0.000052,0.000000,1,1,1,0,195.397598,1704.537964,33.332325,195.375000,1704.625000,33.375000,195.397598,1704.537964,33.332325,0.022598,-0.087036,-0.042675,0.000000,0.000000,0.000000,0.000046,0.000000,1,1,1,0
158.143238,0.013147,0,4104,100.0,202.997421,1668.616821,39.526409,203.020020,1668.654785,39.608734,0.000000,0.000000,0.000000,0.000000,0.000000,0.000000,203.020020,1668.654785,30.608734,0.022598,0.037964,0.082325,0.022598,0.037964,0.082325,-0.000109,-0.000028,0.000020,0.000000,0.000000,0.000000,0,1,0,0,0,0,177.272598,1691.412964,32.457325,177.250000,1691.375000,32.375000,177.272598,1691.412964,32.457325,0.022598,0.037964,0.082325,0.000000,0.000000,0.000000,0.000052,0.000000,1,1,1,0,195.397598,1704.537964,33.332325,195.375000,1704.500000,33.250000,195.397598,1704.537964,33.332325,0.022598,0.037964,0.082325,0.000000,0.000000,0.000000,0.000046,0.000000,1,1,1,0
158.160042,0.016805,0,4104,100.0,203.020020,1668.654785,39.608734,203.042618,1668.692749,39.566059,0.000000,0.000000,0.000000,0.000000,0.000000,0.000000,203.042618,1668.692749,30.566059,0.022598,0.037964,-0.042675,0.022598,0.037964,-0.042675,-0.000109,-0.000028,0.000020,0.000000,0.000000,0.000000,0,1,0,0,0,0,177.272598,1691.412964,32.457325,177.250000,1691.375000,32.500000,177.272598,1691.412964,32.457325,0.022598,0.037964,-0.042675,0.000000,0.000000,0.000000,0.000052,0.000000,1,1,1,0,195.397598,1704.537964,33.332325,195.375000,1704.500000,33.375000,195.397598,1704.537964,33.332325,0.022598,0.037964,-0.042675,0.000000,0.000000,0.000000,0.000046,0.000000,1,1,1,0
158.171160,0.011118,0,4104,100.0,203.042618,1668.692749,39.566059,203.065216,1668.605713,39.523384,0.000000,0.000000,0.000000,0.000000,0.000000,0.000000,203.065216,1668.605713,30.523384,0.022598,-0.087036,-0.042675,0.022598,-0.087036,-0.042675,-0.000109,-0.000028,0.000020,0.000000,0.000000,0.000000,0,1,0,0,0,0,177.272598,1691.412964,32.457325,177.250000,1691.500000,32.500000,177.272598,1691.412964,32.457325,0.022598,-0.087036,-0.042675,0.000000,0.000000,0.000000,0.000052,0.000000,1,1,1,0,195.397598,1704.537964,33.332325,195.375000,1704.625000,33.375000,195.397598,1704.537964,33.332325,0.022598,-0.087036,-0.042675,0.000000,0.000000,0.000000,0.000046,0.000000,1,1,1,0
158.187839,0.016679,0,4104,100.0,203.065216,1668.605713,39.523384,202.962814,1668.643677,39.605709,0.000000,0.000000,0.000000,0.000000,0.000000,0.000000,202.962814,1668.643677,30.605709,-0.102402,0.037964,0.082325,-0.102402,0.037964,0.082325,-0.000109,-0.000028,0.000020,0.000000,0.000000,0.000000,0,1,0,0,0,0,177.272598,1691.412964,32.457325,177.375000,1691.375000,32.375000,177.272598,1691.412964,32.457325,-0.102402,0.037964,0.082325,0.000000,0.000000,0.000000,0.000052,0.000000,1,1,1,0,195.397598,1704.537964,33.332325,195.500000,1704.500000,33.250000,195.397598,1704.537964,33.332325,-0.102402,0.037964,0.082325,0.000000,0.000000,0.000000,0.000046,0.000000,1,1,1,0
158.202581,0.014743,0,4104,100.0,202.962814,1668.643677,39.605709,202.985413,1668.681641,39.563034,0.000000,0.000000,0.000000,0.000000,0.000000,0.000000,202.985413,1668.681641,30.563034,0.022598,0.037964,-0.042675,0.022598,0.037964,-0.042675,-0.000109,-0.000028,0.000020,0.000000,0.000000,0.000000,0,1,0,0,0,0,177.272598,1691.412964,32.457325,177.250000,1691.375000,32.500000,177.272598,1691.412964,32.457325,0.022598,0.037964,-0.042675,0.000000,0.000000,0.000000,0.000052,0.000000,1,1,1,0,195.397598,1704.537964,33.332325,195.375000,1704.500000,33.375000,195.397598,1704.537964,33.332325,0.022598,0.037964,-0.042675,0.000000,0.000000,0.000000,0.000046,0.000000,1,1,1,0
158.214740,0.012159,0,4104,100.0,202.985413,1668.681641,39.563034,203.008011,1668.719604,39.520359,0.000000,0.000000,0.000000,0.000000,0.000000,0.000000,203.008011,1668.719604,30.520359,0.022598,0.037964,-0.042675,0.022598,0.037964,-0.042675,-0.000109,-0.000028,0.000020,0.000000,0.000000,0.000000,0,1,0,0,0,0,177.272598,1691.412964,32.457325,177.250000,1691.375000,32.500000,177.272598,1691.412964,32.457325,0.022598,0.037964,-0.042675,0.000000,0.000000,0.000000,0.000052,0.000000,1,1,1,0,195.397598,1704.537964,33.332325,195.375000,1704.500000,33.375000,195.397598,1704.537964,33.332325,0.022598,0.037964,-0.042675,0.000000,0.000000,0.000000,0.000046,0.000000,1,1,1,0
158.226931,0.012191,0,4104,100.0,203.008011,1668.719604,39.520359,203.030609,1668.632568,39.602684,0.000000,0.000000,0.000000,0.000000,0.000000,0.000000,203.030609,1668.632568,30.602684,0.022598,-0.087036,0.082325,0.022598,-0.087036,0.082325,-0.000109,-0.000028,0.000020,0.000000,0.000000,0.000000,0,1,0,0,0,0,177.272598,1691.412964,32.457325,177.250000,1691.500000,32.375000,177.272598,1691.412964,32.457325,0.022598,-0.087036,0.082325,0.000000,0.000000,0.000000,0.000052,0.000000,1,1,1,0,195.397598,1704.537964,33.332325,195.375000,1704.625000,33.250000,195.397598,1704.537964,33.332325,0.022598,-0.087036,0.082325,0.000000,0.000000,0.000000,0.000046,0.000000,1,1,1,0
158.240059,0.013127,0,4104,100.0,203.030609,1668.632568,39.602684,203.053207,1668.670532,39.560009,0.000000,0.000000,0.000000,0.000000,0.000000,0.000000,203.053207,1668.670532,30.560009,0.022598,0.037964,-0.042675,0.022598,0.037964,-0.042675,-0.000109,-0.000028,0.000020,0.000000,0.000000,0.000000,0,1,0,0,0,0,177.272598,1691.412964,32.457325,177.250000,1691.375000,32.500000,177.272598,1691.412964,32.457325,0.022598,0.037964,-0.042675,0.000000,0.000000,0.000000,0.000052,0.000000,1,1,1,0,195.397598,1704.537964,33.332325,195.375000,1704.500000,33.375000,195.397598,1704.537964,33.332325,0.022598,0.037964,-0.042675,0.000000,0.000000,0.000000,0.000046,0.000000,1,1,1,0
158.254739,0.014681,0,4104,100.0,203.053207,1668.670532,39.560009,203.075806,1668.708496,39.642334,0.000000,0.000000,0.000000,0.000000,0.000000,0.000000,203.075806,1668.708496,30.642334,0.022598,0.037964,0.082325,0.022598,0.037964,0.082325,-0.000109,-0.000028,0.000020,0.000000,0.000000,0.000000,0,1,0,0,0,0,177.272598,1691.412964,32.457325,177.250000,1691.375000,32.375000,177.272598,1691.412964,32.457325,0.022598,0.037964,0.082325,0.000000,0.000000,0.000000,0.000052,0.000000,1,1,1,0,195.397598,1704.537964,33.332325,195.375000,1704.500000,33.250000,195.397598,1704.537964,33.332325,0.022598,0.037964,0.082325,0.000000,0.000000,0.000000,0.000046,0.000000,1,1,1,0
158.267895,0.013156,0,4104,100.0,203.075806,1668.708496,39.642334,202.973404,1668.621460,39.599659,0.000000,0.000000,0.000000,0.000000,0.000000,0.000000,202.973404,1668.621460,30.599659,-0.102402,-0.087036,-0.042675,-0.102402,-0.087036,-0.042675,-0.000109,-0.000028,0.000020,0.000000,0.000000,0.000000,0,1,0,0,0,0,177.272598,1691.412964,32.457325,177.375000,1691.500000,32.500000,177.272598,1691.412964,32.457325,-0.102402,-0.087036,-0.042675,0.000000,0.000000,0.000000,0.000052,0.000000,1,1,1,0,195.397598,1704.537964,33.332325,195.500000,1704.625000,33.375000,195.397598,1704.537964,33.332325,-0.102402,-0.087036,-0.042675,0.000000,0.000000,0.000000,0.000046,0.000000,1,1,1,0
158.281567,0.013672,0,4104,100.0,202.973404,1668.621460,39.599659,202.996002,1668.659424,39.556984,0.000000,0.000000,0.000000,0.000000,0.000000,0.000000,202.996002,1668.659424,30.556984,0.022598,0.037964,-0.042675,0.022598,0.037964,-0.042675,-0.000109,-0.000028,0.000020,0.000000,0.000000,0.000000,0,1,0,0,0,0,177.272598,1691.412964,32.457325,177.250000,1691.375000,32.500000,177.272598,1691.412964,32.457325,0.022598,0.037964,-0.042675,0.000000,0.000000,0.000000,0.000052,0.000000,1,1,1,0,195.397598,1704.537964,33.332325,195.375000,1704.500000,33.375000,195.397598,1704.537964,33.332325,0.022598,0.037964,-0.042675,0.000000,0.000000,0.000000,0.000046,0.000000,1,1,1,0
158.296274,0.014707,0,4104,100.0,202.996002,1668.659424,39.556984,203.018600,1668.697388,39.639309,0.000000,0.000000,0.000000,0.000000,0.000000,0.000000,203.018600,1668.697388,30.639309,0.022598,0.037964,0.082325,0.022598,0.037964,0.082325,-0.000109,-0.000028,0.000020,0.000000,0.000000,0.000000,0,1,0,0,0,0,177.272598,1691.412964,32.457325,177.250000,1691.375000,32.375000,177.272598,1691.412964,32.457325,0.022598,0.037964,0.082325,0.000000,0.000000,0.000000,0.000052,0.000000,1,1,1,0,195.397598,1704.537964,33.332325,195.375000,1704.500000,33.250000,195.397598,1704.537964,33.332325,0.022598,0.037964,0.082325,0.000000,0.000000,0.000000,0.000046,0.000000,1,1,1,0
158.309945,0.013671,0,4104,100.0,203.018600,1668.697388,39.639309,203.041199,1668.610352,39.596634,0.000000,0.000000,0.000000,0.000000,0.000000,0.000000,203.041199,1668.610352,30.596634,0.022598,-0.087036,-0.042675,0.022598,-0.087036,-0.042675,-0.000109,-0.000028,0.000020,0.000000,0.000000,0.000000,0,1,0,0,0,0,177.272598,1691.412964,32.457325,177.250000,1691.500000,32.500000,177.272598,1691.412964,32.457325,0.022598,-0.087036,-0.042675,0.000000,0.000000,0.000000,0.000052,0.000000,1,1,1,0,195.397598,1704.537964,33.332325,195.375000,1704.625000,33.375000,195.397598,1704.537964,33.332325,0.022598,-0.087036,-0.042675,0.000000,0.000000,0.000000,0.000046,0.000000,1,1,1,0
158.324583,0.014638,0,4104,100.0,203.041199,1668.610352,39.596634,203.063797,1668.648315,39.553959,0.000000,0.000000,0.000000,0.000000,0.000000,0.000000,203.063797,1668.648315,30.553959,0.022598,0.037964,-0.042675,0.022598,0.037964,-0.042675,-0.000109,-0.000028,0.000020,0.000000,0.000000,0.000000,0,1,0,0,0,0,177.272598,1691.412964,32.457325,177.250000,1691.375000,32.500000,177.272598,1691.412964,32.457325,0.022598,0.037964,-0.042675,0.000000,0.000000,0.000000,0.000052,0.000000,1,1,1,0,195.397598,1704.537964,33.332325,195.375000,1704.500000,33.375000,195.397598,1704.537964,33.332325,0.022598,0.037964,-0.042675,0.000000,0.000000,0.000000,0.000046,0.000000,1,1,1,0
158.339455,0.014872,0,4104,100.0,203.063797,1668.648315,39.553959,202.961395,1668.686279,39.636284,0.000000,0.000000,0.000000,0.000000,0.000000,0.000000,202.961395,1668.686279,30.636284,-0.102402,0.037964,0.082325,-0.102402,0.037964,0.082325,-0.000109,-0.000028,0.000020,0.000000,0.000000,0.000000,0,1,0,0,0,0,177.272598,1691.412964,32.457325,177.375000,1691.375000,32.375000,177.272598,1691.412964,32.457325,-0.102402,0.037964,0.082325,0.000000,0.000000,0.000000,0.000052,0.000000,1,1,1,0,195.397598,1704.537964,33.332325,195.500000,1704.500000,33.250000,195.397598,1704.537964,33.332325,-0.102402,0.037964,0.082325,0.000000,0.000000,0.000000,0.000046,0.000000,1,1,1,0
158.351657,0.012202,0,4104,100.0,202.961395,1668.686279,39.636284,202.983994,1668.724243,39.593609,0.000000,0.000000,0.000000,0.000000,0.000000,0.000000,202.983994,1668.724243,30.593609,0.022598,0.037964,-0.042675,0.022598,0.037964,-0.042675,-0.000109,-0.000028,0.000020,0.000000,0.000000,0.000000,0,1,0,0,0,0,177.272598,1691.412964,32.457325,177.250000,1691.375000,32.500000,177.272598,1691.412964,32.457325,0.022598,0.037964,-0.042675,0.000000,0.000000,0.000000,0.000052,0.000000,1,1,1,0,195.397598,1704.537964,33.332325,195.375000,1704.500000,33.375000,195.397598,1704.537964,33.332325,0.022598,0.037964,-0.042675,0.000000,0.000000,0.000000,0.000046,0.000000,1,1,1,0
158.366444,0.014787,0,4104,100.0,202.983994,1668.724243,39.593609,203.006592,1668.637207,39.550934,0.000000,0.000000,0.000000,0.000000,0.000000,0.000000,203.006592,1668.637207,30.550934,0.022598,-0.087036,-0.042675,0.022598,-0.087036,-0.042675,-0.000109,-0.000028,0.000020,0.000000,0.000000,0.000000,0,1,0,0,0,0,177.272598,1691.412964,32.457325,177.250000,1691.500000,32.500000,177.272598,1691.412964,32.457325,0.022598,-0.087036,-0.042675,0.000000,0.000000,0.000000,0.000052,0.000000,1,1,1,0,195.397598,1704.537964,33.332325,195.375000,1704.625000,33.375000,195.397598,1704.537964,33.332325,0.022598,-0.087036,-0.042675,0.000000,0.000000,0.000000,0.000046,0.000000,1,1,1,0
158.380171,0.013726,0,4104,100.0,203.006592,1668.637207,39.550934,203.029190,1668.675171,39.633259,0.000000,0.000000,0.000000,0.000000,0.000000,0.000000,203.029190,1668.675171,30.633259,0.022598,0.037964,0.082325,0.022598,0.037964,0.082325,-0.000109,-0.000028,0.000020,0.000000,0.000000,0.000000,0,1,0,0,0,0,177.272598,1691.412964,32.457325,177.250000,1691.375000,32.375000,177.272598,1691.412964,32.457325,0.022598,0.037964,0.082325,0.000000,0.000000,0.000000,0.000052,0.000000,1,1,1,0,195.397598,1704.537964,33.332325,195.375000,1704.500000,33.250000,195.397598,1704.537964,33.332325,0.022598,0.037964,0.082325,0.000000,0.000000,0.000000,0.000046,0.000000,1,1,1,0
158.393864,0.013693,0,4104,100.0,203.029190,1668.675171,39.633259,203.051788,1668.713135,39.590584,0.000000,0.000000,0.000000,0.000000,0.000000,0.000000,203.051788,1668.713135,30.590584,0.022598,0.037964,-0.042675,0.022598,0.037964,-0.042675,-0.000109,-0.000028,0.000020,0.000000,0.000000,0.000000,0,1,0,0,0,0,177.272598,1691.412964,32.457325,177.250000,1691.375000,32.500000,177.272598,1691.412964,32.457325,0.022598,0.037964,-0.042675,0.000000,0.000000,0.000000,0.000052,0.000000,1,1,1,0,195.397598,1704.537964,33.332325,195.375000,1704.500000,33.375000,195.397598,1704.537964,33.332325,0.022598,0.037964,-0.042675,0.000000,0.000000,0.000000,0.000046,0.000000,1,1,1,0
158.407532,0.013668,0,4104,100.0,203.051788,1668.713135,39.590584,203.074387,1668.626099,39.547909,0.000000,0.000000,0.000000,0.000000,0.000000,0.000000,203.074387,1668.626099,30.547909,0.022598,-0.087036,-0.042675,0.022598,-0.087036,-0.042675,-0.000109,-0.000028,0.000020,0.000000,0.000000,0.000000,0,1,0,0,0,0,177.272598,1691.412964,32.457325,177.250000,1691.500000,32.500000,177.272598,1691.412964,32.457325,0.022598,-0.087036,-0.042675,0.000000,0.000000,0.000000,0.000052,0.000000,1,1,1,0,195.397598,1704.537964,33.332325,195.375000,1704.625000,33.375000,195.397598,1704.537964,33.332325,0.022598,-0.087036,-0.042675,0.000000,0.000000,0.000000,0.000046,0.000000,1,1,1,0
158.421763,0.014232,0,4104,100.0,203.074387,1668.626099,39.547909,202.971985,1668.664062,39.630234,0.000000,0.000000,0.000000,0.000000,0.000000,0.000000,202.971985,1668.664062,30.630234,-0.102402,0.037964,0.082325,-0.102402,0.037964,0.082325,-0.000109,-0.000028,0.000020,0.000000,0.000000,0.000000,0,1,0,0,0,0,177.272598,1691.412964,32.457325,177.375000,1691.375000,32.375000,177.272598,1691.412964,32.457325,-0.102402,0.037964,0.082325,0.000000,0.000000,0.000000,0.000052,0.000000,1,1,1,0,195.397598,1704.537964,33.332325,195.500000,1704.500000,33.250000,195.397598,1704.537964,33.332325,-0.102402,0.037964,0.082325,0.000000,0.000000,0.000000,0.000046,0.000000,1,1,1,0
158.435435,0.013672,0,4104,100.0,202.971985,1668.664062,39.630234,202.994583,1668.702026,39.587559,0.000000,0.000000,0.000000,0.000000,0.000000,0.000000,202.994583,1668.702026,30.587559,0.022598,0.037964,-0.042675,0.022598,0.037964,-0.042675,-0.000109,-0.000028,0.000020,0.000000,0.000000,0.000000,0,1,0,0,0,0,177.272598,1691.412964,32.457325,177.250000,1691.375000,32.500000,177.272598,1691.412964,32.457325,0.022598,0.037964,-0.042675,0.000000,0.000000,0.000000,0.000052,0.000000,1,1,1,0,195.397598,1704.537964,33.332325,195.375000,1704.500000,33.375000,195.397598,1704.537964,33.332325,0.022598,0.037964,-0.042675,0.000000,0.000000,0.000000,0.000046,0.000000,1,1,1,0
158.448078,0.012642,0,4104,100.0,202.994583,1668.702026,39.587559,203.017181,1668.614990,39.544884,0.000000,0.000000,0.000000,0.000000,0.000000,0.000000,203.017181,1668.614990,30.544884,0.022598,-0.087036,-0.042675,0.022598,-0.087036,-0.042675,-0.000109,-0.000028,0.000020,0.000000,0.000000,0.000000,0,1,0,0,0,0,177.272598,1691.412964,32.457325,177.250000,1691.500000,32.500000,177.272598,1691.412964,32.457325,0.022598,-0.087036,-0.042675,0.000000,0.000000,0.000000,0.000052,0.000000,1,1,1,0,195.397598,1704.537964,33.332325,195.375000,1704.625000,33.375000,195.397598,1704.537964,33.332325,0.022598,-0.087036,-0.042675,0.000000,0.000000,0.000000,0.000046,0.000000,1,1,1,0
158.463868,0.015790,0,4104,100.0,203.017181,1668.614990,39.544884,203.039780,1668.652954,39.627209,0.000000,0.000000,0.000000,0.000000,0.000000,0.000000,203.039780,1668.652954,30.627209,0.022598,0.037964,0.082325,0.022598,0.037964,0.082325,-0.000109,-0.000028,0.000020,0.000000,0.000000,0.000000,0,1,0,0,0,0,177.272598,1691.412964,32.457325,177.250000,1691.375000,32.375000,177.272598,1691.412964,32.457325,0.022598,0.037964,0.082325,0.000000,0.000000,0.000000,0.000052,0.000000,1,1,1,0,195.397598,1704.537964,33.332325,195.375000,1704.500000,33.250000,195.397598,1704.537964,33.332325,0.022598,0.037964,0.082325,0.000000,0.000000,0.000000,0.000046,0.000000,1,1,1,0
158.477577,0.013709,0,4104,100.0,203.039780,1668.652954,39.627209,203.062378,1668.690918,39.584534,0.000000,0.000000,0.000000,0.000000,0.000000,0.000000,203.062378,1668.690918,30.584534,0.022598,0.037964,-0.042675,0.022598,0.037964,-0.042675,-0.000109,-0.000028,0.000020,0.000000,0.000000,0.000000,0,1,0,0,0,0,177.272598,1691.412964,32.457325,177.250000,1691.375000,32.500000,177.272598,1691.412964,32.457325,0.022598,0.037964,-0.042675,0.000000,0.000000,0.000000,0.000052,0.000000,1,1,1,0,195.397598,1704.537964,33.332325,195.375000,1704.500000,33.375000,195.397598,1704.537964,33.332325,0.022598,0.037964,-0.042675,0.000000,0.000000,0.000000,0.000046,0.000000,1,1,1,0
158.490286,0.012709,0,4104,100.0,203.062378,1668.690918,39.584534,203.084976,1668.603882,39.541859,0.000000,0.000000,0.000000,0.000000,0.000000,0.000000,203.084976,1668.603882,30.541859,0.022598,-0.087036,-0.042675,0.022598,-0.087036,-0.042675,-0.000109,-0.000028,0.000020,0.000000,0.000000,0.000000,0,1,0,0,0,0,177.272598,1691.412964,32.457325,177.250000,1691.500000,32.500000,177.272598,1691.412964,32.457325,0.022598,-0.087036,-0.042675,0.000000,0.000000,0.000000,0.000052,0.000000,1,1,1,0,195.397598,1704.537964,33.332325,195.375000,1704.625000,33.375000,195.397598,1704.537964,33.332325,0.022598,-0.087036,-0.042675,0.000000,0.000000,0.000000,0.000046,0.000000,1,1,1,0
158.504107,0.013821,0,4104,100.0,203.084976,1668.603882,39.541859,202.982574,1668.641846,39.624184,0.000000,0.000000,0.000000,0.000000,0.000000,0.000000,202.982574,1668.641846,30.624184,-0.102402,0.037964,0.082325,-0.102402,0.037964,0.082325,-0.000109,-0.000028,0.000020,0.000000,0.000000,0.000000,0,1,0,0,0,0,177.272598,1691.412964,32.457325,177.375000,1691.375000,32.375000,177.272598,1691.412964,32.457325,-0.102402,0.037964,0.082325,0.000000,0.000000,0.000000,0.000052,0.000000,1,1,1,0,195.397598,1704.537964,33.332325,195.500000,1704.500000,33.250000,195.397598,1704.537964,33.332325,-0.102402,0.037964,0.082325,0.000000,0.000000,0.000000,0.000046,0.000000,1,1,1,0
158.518353,0.014246,0,4104,100.0,202.982574,1668.641846,39.624184,203.005173,1668.679810,39.581509,0.000000,0.000000,0.000000,0.000000,0.000000,0.000000,203.005173,1668.679810,30.581509,0.022598,0.037964,-0.042675,0.022598,0.037964,-0.042675,-0.000109,-0.000028,0.000020,0.000000,0.000000,0.000000,0,1,0,0,0,0,177.272598,1691.412964,32.457325,177.250000,1691.375000,32.500000,177.272598,1691.412964,32.457325,0.022598,0.037964,-0.042675,0.000000,0.000000,0.000000,0.000052,0.000000,1,1,1,0,195.397598,1704.537964,33.332325,195.375000,1704.500000,33.375000,195.397598,1704.537964,33.332325,0.022598,0.037964,-0.042675,0.000000,0.000000,0.000000,0.000046,0.000000,1,1,1,0
158.532143,0.013790,0,4104,100.0,203.005173,1668.679810,39.581509,203.027771,1668.717773,39.538834,0.000000,0.000000,0.000000,0.000000,0.000000,0.000000,203.027771,1668.717773,30.538834,0.022598,0.037964,-0.042675,0.022598,0.037964,-0.042675,-0.000109,-0.000028,0.000020,0.000000,0.000000,0.000000,0,1,0,0,0,0,177.272598,1691.412964,32.457325,177.250000,1691.375000,32.500000,177.272598,1691.412964,32.457325,0.022598,0.037964,-0.042675,0.000000,0.000000,0.000000,0.000052,0.000000,1,1,1,0,195.397598,1704.537964,33.332325,195.375000,1704.500000,33.375000,195.397598,1704.537964,33.332325,0.022598,0.037964,-0.042675,0.000000,0.000000,0.000000,0.000046,0.000000,1,1,1,0
158.546357,0.014215,0,4104,100.0,203.027771,1668.717773,39.538834,203.050369,1668.630737,39.621159,0.000000,0.000000,0.000000,0.000000,0.000000,0.000000,203.050369,1668.630737,30.621159,0.022598,-0.087036,0.082325,0.022598,-0.087036,0.082325,-0.000109,-0.000028,0.000020,0.000000,0.000000,0.000000,0,1,0,0,0,0,177.272598,1691.412964,32.457325,177.250000,1691.500000,32.375000,177.272598,1691.412964,32.457325,0.022598,-0.087036,0.082325,0.000000,0.000000,0.000000,0.000052,0.000000,1,1,1,0,195.397598,1704.537964,33.332325,195.375000,1704.625000,33.250000,195.397598,1704.537964,33.332325,0.022598,-0.087036,0.082325,0.000000,0.000000,0.000000,0.000046,0.000000,1,1,1,0
158.560094,0.013737,0,4104,100.0,203.050369,1668.630737,39.621159,203.072968,1668.668701,39.578484,0.000000,0.000000,0.000000,0.000000,0.000000,0.000000,203.072968,1668.668701,30.578484,0.022598,0.037964,-0.042675,0.022598,0.037964,-0.042675,-0.000109,-0.000028,0.000020,0.000000,0.000000,0.000000,0,1,0,0,0,0,177.272598,1691.412964,32.457325,177.250000,1691.375000,32.500000,177.272598,1691.412964,32.457325,0.022598,0.037964,-0.042675,0.000000,0.000000,0.000000,0.000052,0.000000,1,1,1,0,195.397598,1704.537964,33.332325,195.375000,1704.500000,33.375000,195.397598,1704.537964,33.332325,0.022598,0.037964,-0.042675,0.000000,0.000000,0.000000,0.000046,0.000000,1,1,1,0
158.574772,0.014677,0,4104,100.0,203.072968,1668.668701,39.578484,202.970566,1668.706665,39.535809,0.000000,0.000000,0.000000,0.000000,0.000000,0.000000,202.970566,1668.706665,30.535809,-0.102402,0.037964,-0.042675,-0.102402,0.037964,-0.042675,-0.000109,-0.000028,0.000020,0.000000,0.000000,0.000000,0,1,0,0,0,0,177.272598,1691.412964,32.457325,177.375000,1691.375000,32.500000,177.272598,1691.412964,32.457325,-0.102402,0.037964,-0.042675,0.000000,0.000000,0.000000,0.000052,0.000000,1,1,1,0,195.397598,1704.537964,33.332325,195.500000,1704.500000,33.375000,195.397598,1704.537964,33.332325,-0.102402,0.037964,-0.042675,0.000000,0.000000,0.000000,0.000046,0.000000,1,1,1,0
158.587983,0.013211,0,4104,100.0,202.970566,1668.706665,39.535809,202.993164,1668.619629,39.618134,0.000000,0.000000,0.000000,0.000000,0.000000,0.000000,202.993164,1668.619629,30.618134,0.022598,-0.087036,0.082325,0.022598,-0.087036,0.082325,-0.000109,-0.000028,0.000020,0.000000,0.000000,0.000000,0,1,0,0,0,0,177.272598,1691.412964,32.457325,177.250000,1691.500000,32.375000,177.272598,1691.412964,32.457325,0.022598,-0.087036,0.082325,0.000000,0.000000,0.000000,0.000052,0.000000,1,1,1,0,195.397598,1704.537964,33.332325,195.375000,1704.625000,33.250000,195.397598,1704.537964,33.332325,0.022598,-0.087036,0.082325,0.000000,0.000000,0.000000,0.000046,0.000000,1,1,1,0
158.601768,0.013785,0,4104,100.0,202.993164,1668.619629,39.618134,203.015762,1668.657593,39.575459,0.000000,0.000000,0.000000,0.000000,0.000000,0.000000,203.015762,1668.657593,30.575459,0.022598,0.037964,-0.042675,0.022598,0.037964,-0.042675,-0.000109,-0.000028,0.000020,0.000000,0.000000,0.000000,0,1,0,0,0,0,177.272598,1691.412964,32.457325,177.250000,1691.375000,32.500000,177.272598,1691.412964,32.457325,0.022598,0.037964,-0.042675,0.000000,0.000000,0.000000,0.000052,0.000000,1,1,1,0,195.397598,1704.537964,33.332325,195.375000,1704.500000,33.375000,195.397598,1704.537964,33.332325,0.022598,0.037964,-0.042675,0.000000,0.000000,0.000000,0.000046,0.000000,1,1,1,0
158.614905,0.013137,0,4104,100.0,203.015762,1668.657593,39.575459,203.038361,1668.695557,39.532784,0.000000,0.000000,0.000000,0.000000,0.000000,0.000000,203.038361,1668.695557,30.532784,0.022598,0.037964,-0.042675,0.022598,0.037964,-0.042675,-0.000109,-0.000028,0.000020,0.000000,0.000000,0.000000,0,1,0,0,0,0,177.272598,1691.412964,32.457325,177.250000,1691.375000,32.500000,177.272598,1691.412964,32.457325,0.022598,0.037964,-0.042675,0.000000,0.000000,0.000000,0.000052,0.000000,1,1,1,0,195.397598,1704.537964,33.332325,195.375000,1704.500000,33.375000,195.397598,1704.537964,33.332325,0.022598,0.037964,-0.042675,0.000000,0.000000,0.000000,0.000046,0.000000,1,1,1,0
158.630120,0.015215,0,4104,100.0,203.038361,1668.695557,39.532784,203.060959,1668.608521,39.615108,0.000000,0.000000,0.000000,0.000000,0.000000,0.000000,203.060959,1668.608521,30.615108,0.022598,-0.087036,0.082325,0.022598,-0.087036,0.082325,-0.000109,-0.000028,0.000020,0.000000,0.000000,0.000000,0,1,0,0,0,0,177.272598,1691.412964,32.457325,177.250000,1691.500000,32.375000,177.272598,1691.412964,32.457325,0.022598,-0.087036,0.082325,0.000000,0.000000,0.000000,0.000052,0.000000,1,1,1,0,195.397598,1704.537964,33.332325,195.375000,1704.625000,33.250000,195.397598,1704.537964,33.332325,0.022598,-0.087036,0.082325,0.000000,0.000000,0.000000,0.000046,0.000000,1,1,1,0
158.643323,0.013203,0,4104,100.0,203.060959,1668.608521,39.615108,203.083557,1668.646484,39.572433,0.000000,0.000000,0.000000,0.000000,0.000000,0.000000,203.083557,1668.646484,30.572433,0.022598,0.037964,-0.042675,0.022598,0.037964,-0.042675,-0.000109,-0.000028,0.000020,0.000000,0.000000,0.000000,0,1,0,0,0,0,177.272598,1691.412964,32.457325,177.250000,1691.375000,32.500000,177.272598,1691.412964,32.457325,0.022598,0.037964,-0.042675,0.000000,0.000000,0.000000,0.000052,0.000000,1,1,1,0,195.397598,1704.537964,33.332325,195.375000,1704.500000,33.375000,195.397598,1704.537964,33.332325,0.022598,0.037964,-0.042675,0.000000,0.000000,0.000000,0.000046,0.000000,1,1,1,0
158.657025,0.013702,0,4104,100.0,203.083557,1668.646484,39.572433,202.981155,1668.684448,39.529758,0.000000,0.000000,0.000000,0.000000,0.000000,0.000000,202.981155,1668.684448,30.529758,-0.102402,0.037964,-0.042675,-0.102402,0.037964,-0.042675,-0.000109,-0.000028,0.000020,0.000000,0.000000,0.000000,0,1,0,0,0,0,177.272598,1691.412964,32.457325,177.375000,1691.375000,32.500000,177.272598,1691.412964,32.457325,-0.102402,0.037964,-0.042675,0.000000,0.000000,0.000000,0.000052,0.000000,1,1,1,0,195.397598,1704.537964,33.332325,195.500000,1704.500000,33.375000,195.397598,1704.537964,33.332325,-0.102402,0.037964,-0.042675,0.000000,0.000000,0.000000,0.000046,0.000000,1,1,1,0
158.671168,0.014143,0,4104,100.0,202.981155,1668.684448,39.529758,203.003754,1668.722412,39.612083,0.000000,0.000000,0.000000,0.000000,0.000000,0.000000,203.003754,1668.722412,30.612083,0.022598,0.037964,0.082325,0.022598,0.037964,0.082325,-0.000109,-0.000028,0.000020,0.000000,0.000000,0.000000,0,1,0,0,0,0,177.272598,1691.412964,32.457325,177.250000,1691.375000,32.375000,177.272598,1691.412964,32.457325,0.022598,0.037964,0.082325,0.000000,0.000000,0.000000,0.000052,0.000000,1,1,1,0,195.397598,1704.537964,33.332325,195.375000,1704.500000,33.250000,195.397598,1704.537964,33.332325,0.022598,0.037964,0.082325,0.000000,0.000000,0.000000,0.000046,0.000000,1,1,1,0
158.684864,0.013696,0,4104,100.0,203.003754,1668.722412,39.612083,203.026352,1668.635376,39.569408,0.000000,0.000000,0.000000,0.000000,0.000000,0.000000,203.026352,1668.635376,30.569408,0.022598,-0.087036,-0.042675,0.022598,-0.087036,-0.042675,-0.000109,-0.000028,0.000020,0.000000,0.000000,0.000000,0,1,0,0,0,0,177.272598,1691.412964,32.457325,177.250000,1691.500000,32.500000,177.272598,1691.412964,32.457325,0.022598,-0.087036,-0.042675,0.000000,0.000000,0.000000,0.000052,0.000000,1,1,1,0,195.397598,1704.537964,33.332325,195.375000,1704.625000,33.375000,195.397598,1704.537964,33.332325,0.022598,-0.087036,-0.042675,0.000000,0.000000,0.000000,0.000046,0.000000,1,1,1,0
158.698546,0.013682,0,4104,100.0,203.026352,1668.635376,39.569408,203.048950,1668.673340,39.526733,0.000000,0.000000,0.000000,0.000000,0.000000,0.000000,203.048950,1668.673340,30.526733,0.022598,0.037964,-0.042675,0.022598,0.037964,-0.042675,-0.000109,-0.000028,0.000020,0.000000,0.000000,0.000000,0,1,0,0,0,0,177.272598,1691.412964,32.457325,177.250000,1691.375000,32.500000,177.272598,1691.412964,32.457325,0.022598,0.037964,-0.042675,0.000000,0.000000,0.000000,0.000052,0.000000,1,1,1,0,195.397598,1704.537964,33.332325,195.375000,1704.500000,33.375000,195.397598,1704.537964,33.332325,0.022598,0.037964,-0.042675,0.000000,0.000000,0.000000,0.000046,0.000000,1,1,1,0
158.713238,0.014692,0,4104,100.0,203.048950,1668.673340,39.526733,203.071548,1668.711304,39.609058,0.000000,0.000000,0.000000,0.000000,0.000000,0.000000,203.071548,1668.711304,30.609058,0.022598,0.037964,0.082325,0.022598,0.037964,0.082325,-0.000109,-0.000028,0.000020,0.000000,0.000000,0.000000,0,1,0,0,0,0,177.272598,1691.412964,32.457325,177.250000,1691.375000,32.375000,177.272598,1691.412964,32.457325,0.022598,0.037964,0.082325,0.000000,0.000000,0.000000,0.000052,0.000000,1,1,1,0,195.397598,1704.537964,33.332325,195.375000,1704.500000,33.250000,195.397598,1704.537964,33.332325,0.022598,0.037964,0.082325,0.000000,0.000000,0.000000,0.000046,0.000000,1,1,1,0
158.726920,0.013682,0,4104,100.0,203.071548,1668.711304,39.609058,202.969147,1668.624268,39.566383,0.000000,0.000000,0.000000,0.000000,0.000000,0.000000,202.969147,1668.624268,30.566383,-0.102402,-0.087036,-0.042675,-0.102402,-0.087036,-0.042675,-0.000109,-0.000028,0.000020,0.000000,0.000000,0.000000,0,1,0,0,0,0,177.272598,1691.412964,32.457325,177.375000,1691.500000,32.500000,177.272598,1691.412964,32.457325,-0.102402,-0.087036,-0.042675,0.000000,0.000000,0.000000,0.000052,0.000000,1,1,1,0,195.397598,1704.537964,33.332325,195.500000,1704.625000,33.375000,195.397598,1704.537964,33.332325,-0.102402,-0.087036,-0.042675,0.000000,0.000000,0.000000,0.000046,0.000000,1,1,1,0
158.740073,0.013153,0,4104,100.0,202.969147,1668.624268,39.566383,202.991745,1668.662231,39.523708,0.000000,0.000000,0.000000,0.000000,0.000000,0.000000,202.991745,1668.662231,30.523708,0.022598,0.037964,-0.042675,0.022598,0.037964,-0.042675,-0.000109,-0.000028,0.000020,0.000000,0.000000,0.000000,0,1,0,0,0,0,177.272598,1691.412964,32.457325,177.250000,1691.375000,32.500000,177.272598,1691.412964,32.457325,0.022598,0.037964,-0.042675,0.000000,0.000000,0.000000,0.000052,0.000000,1,1,1,0,195.397598,1704.537964,33.332325,195.375000,1704.500000,33.375000,195.397598,1704.537964,33.332325,0.022598,0.037964,-0.042675,0.000000,0.000000,0.000000,0.000046,0.000000,1,1,1,0
158.754778,0.014705,0,4104,100.0,202.991745,1668.662231,39.523708,203.014343,1668.700195,39.606033,0.000000,0.000000,0.000000,0.000000,0.000000,0.000000,203.014343,1668.700195,30.606033,0.022598,0.037964,0.082325,0.022598,0.037964,0.082325,-0.000109,-0.000028,0.000020,0.000000,0.000000,0.000000,0,1,0,0,0,0,177.272598,1691.412964,32.457325,177.250000,1691.375000,32.375000,177.272598,1691.412964,32.457325,0.022598,0.037964,0.082325,0.000000,0.000000,0.000000,0.000052,0.000000,1,1,1,0,195.397598,1704.537964,33.332325,195.375000,1704.500000,33.250000,195.397598,1704.537964,33.332325,0.022598,0.037964,0.082325,0.000000,0.000000,0.000000,0.000046,0.000000,1,1,1,0
158.767991,0.013213,0,4104,100.0,203.014343,1668.700195,39.606033,203.036942,1668.613159,39.563358,0.000000,0.000000,0.000000,0.000000,0.000000,0.000000,203.036942,1668.613159,30.563358,0.022598,-0.087036,-0.042675,0.022598,-0.087036,-0.042675,-0.000109,-0.000028,0.000020,0.000000,0.000000,0.000000,0,1,0,0,0,0,177.272598,1691.412964,32.457325,177.250000,1691.500000,32.500000,177.272598,1691.412964,32.457325,0.022598,-0.087036,-0.042675,0.000000,0.000000,0.000000,0.000052,0.000000,1,1,1,0,195.397598,1704.537964,33.332325,195.375000,1704.625000,33.375000,195.397598,1704.537964,33.332325,0.022598,-0.087036,-0.042675,0.000000,0.000000,0.000000,0.000046,0.000000,1,1,1,0
158.781569,0.013578,0,4104,100.0,203.036942,1668.613159,39.563358,203.059540,1668.651123,39.520683,0.000000,0.000000,0.000000,0.000000,0.000000,0.000000,203.059540,1668.651123,30.520683,0.022598,0.037964,-0.042675,0.022598,0.037964,-0.042675,-0.000109,-0.000028,0.000020,0.000000,0.000000,0.000000,0,1,0,0,0,0,177.272598,1691.412964,32.457325,177.250000,1691.375000,32.500000,177.272598,1691.412964,32.457325,0.022598,0.037964,-0.042675,0.000000,0.000000,0.000000,0.000052,0.000000,1,1,1,0,195.397598,1704.537964,33.332325,195.375000,1704.500000,33.375000,195.397598,1704.537964,33.332325,0.022598,0.037964,-0.042675,0.000000,0.000000,0.000000,0.000046,0.000000,1,1,1,0
158.796266,0.014697,0,4104,100.0,203.059540,1668.651123,39.520683,203.082138,1668.689087,39.603008,0.000000,0.000000,0.000000,0.000000,0.000000,0.000000,203.082138,1668.689087,30.603008,0.022598,0.037964,0.082325,0.022598,0.037964,0.082325,-0.000109,-0.000028,0.000020,0.000000,0.000000,0.000000,0,1,0,0,0,0,177.272598,1691.412964,32.457325,177.250000,1691.375000,32.375000,177.272598,1691.412964,32.457325,0.022598,0.037964,0.082325,0.000000,0.000000,0.000000,0.000052,0.000000,1,1,1,0,195.397598,1704.537964,33.332325,195.375000,1704.500000,33.250000,195.397598,1704.537964,33.332325,0.022598,0.037964,0.082325,0.000000,0.000000,0.000000,0.000046,0.000000,1,1,1,0
158.865872,0.069606,0,4104,100.0,203.082138,1668.689087,39.603008,202.979736,1668.602051,39.560333,0.000000,0.000000,0.000000,0.000000,0.000000,0.000000,202.979736,1668.602051,30.560333,-0.102402,-0.087036,-0.042675,-0.102402,-0.087036,-0.042675,-0.000109,-0.000028,0.000020,0.000000,0.000000,0.000000,0,1,0,0,0,0,177.272598,1691.412964,32.457325,177.375000,1691.500000,32.500000,177.272598,1691.412964,32.457325,-0.102402,-0.087036,-0.042675,0.000000,0.000000,0.000000,0.000052,0.000000,1,1,1,0,195.397598,1704.537964,33.332325,195.500000,1704.625000,33.375000,195.397598,1704.537964,33.332325,-0.102402,-0.087036,-0.042675,0.000000,0.000000,0.000000,0.000046,0.000000,1,1,1,0
158.877861,0.011989,0,4104,100.0,202.979736,1668.602051,39.560333,203.002335,1668.640015,39.642658,0.000000,0.000000,0.000000,0.000000,0.000000,0.000000,203.002335,1668.640015,30.642658,0.022598,0.037964,0.082325,0.022598,0.037964,0.082325,-0.000109,-0.000028,0.000020,0.000000,0.000000,0.000000,0,1,0,0,0,0,177.272598,1691.412964,32.457325,177.250000,1691.375000,32.375000,177.272598,1691.412964,32.457325,0.022598,0.037964,0.082325,0.000000,0.000000,0.000000,0.000052,0.000000,1,1,1,0,195.397598,1704.537964,33.332325,195.375000,1704.500000,33.250000,195.397598,1704.537964,33.332325,0.022598,0.037964,0.082325,0.000000,0.000000,0.000000,0.000046,0.000000,1,1,1,0
158.894876,0.017016,0,4104,100.0,203.002335,1668.640015,39.642658,203.024933,1668.677979,39.599983,0.000000,0.000000,0.000000,0.000000,0.000000,0.000000,203.024933,1668.677979,30.599983,0.022598,0.037964,-0.042675,0.022598,0.037964,-0.042675,-0.000109,-0.000028,0.000020,0.000000,0.000000,0.000000,0,1,0,0,0,0,177.272598,1691.412964,32.457325,177.250000,1691.375000,32.500000,177.272598,1691.412964,32.457325,0.022598,0.037964,-0.042675,0.000000,0.000000,0.000000,0.000052,0.000000,1,1,1,0,195.397598,1704.537964,33.332325,195.375000,1704.500000,33.375000,195.397598,1704.537964,33.332325,0.022598,0.037964,-0.042675,0.000000,0.000000,0.000000,0.000046,0.000000,1,1,1,0
158.907099,0.012222,0,4104,100.0,203.024933,1668.677979,39.599983,203.047531,1668.715942,39.557308,0.000000,0.000000,0.000000,0.000000,0.000000,0.000000,203.047531,1668.715942,30.557308,0.022598,0.037964,-0.042675,0.022598,0.037964,-0.042675,-0.000109,-0.000028,0.000020,0.000000,0.000000,0.000000,0,1,0,0,0,0,177.272598,1691.412964,32.457325,177.250000,1691.375000,32.500000,177.272598,1691.412964,32.457325,0.022598,0.037964,-0.042675,0.000000,0.000000,0.000000,0.000052,0.000000,1,1,1,0,195.397598,1704.537964,33.332325,195.375000,1704.500000,33.375000,195.397598,1704.537964,33.332325,0.022598,0.037964,-0.042675,0.000000,0.000000,0.000000,0.000046,0.000000,1,1,1,0
158.921358,0.014259,0,4104,100.0,203.047531,1668.715942,39.557308,203.070129,1668.628906,39.639633,0.000000,0.000000,0.000000,0.000000,0.000000,0.000000,203.070129,1668.628906,30.639633,0.022598,-0.087036,0.082325,0.022598,-0.087036,0.082325,-0.000109,-0.000028,0.000020,0.000000,0.000000,0.000000,0,1,0,0,0,0,177.272598,1691.412964,32.457325,177.250000,1691.500000,32.375000,177.272598,1691.412964,32.457325,0.022598,-0.087036,0.082325,0.000000,0.000000,0.000000,0.000052,0.000000,1,1,1,0,195.397598,1704.537964,33.332325,195.375000,1704.625000,33.250000,195.397598,1704.537964,33.332325,0.022598,-0.087036,0.082325,0.000000,0.000000,0.000000,0.000046,0.000000,1,1,1,0
158.936131,0.014773,0,4104,100.0,203.070129,1668.628906,39.639633,202.967728,1668.666870,39.596958,0.000000,0.000000,0.000000,0.000000,0.000000,0.000000,202.967728,1668.666870,30.596958,-0.102402,0.037964,-0.042675,-0.102402,0.037964,-0.042675,-0.000109,-0.000028,0.000020,0.000000,0.000000,0.000000,0,1,0,0,0,0,177.272598,1691.412964,32.457325,177.375000,1691.375000,32.500000,177.272598,1691.412964,32.457325,-0.102402,0.037964,-0.042675,0.000000,0.000000,0.000000,0.000052,0.000000,1,1,1,0,195.397598,1704.537964,33.332325,195.500000,1704.500000,33.375000,195.397598,1704.537964,33.332325,-0.102402,0.037964,-0.042675,0.000000,0.000000,0.000000,0.000046,0.000000,1,1,1,0
158.948379,0.012248,0,4104,100.0,202.967728,1668.666870,39.596958,202.990326,1668.704834,39.554283,0.000000,0.000000,0.000000,0.000000,0.000000,0.000000,202.990326,1668.704834,30.554283,0.022598,0.037964,-0.042675,0.022598,0.037964,-0.042675,-0.000109,-0.000028,0.000020,0.000000,0.000000,0.000000,0,1,0,0,0,0,177.272598,1691.412964,32.457325,177.250000,1691.375000,32.500000,177.272598,1691.412964,32.457325,0.022598,0.037964,-0.042675,0.000000,0.000000,0.000000,0.000052,0.000000,1,1,1,0,195.397598,1704.537964,33.332325,195.375000,1704.500000,33.375000,195.397598,1704.537964,33.332325,0.022598,0.037964,-0.042675,0.000000,0.000000,0.000000,0.000046,0.000000,1,1,1,0
158.963151,0.014772,0,4104,100.0,202.990326,1668.704834,39.554283,203.012924,1668.617798,39.636608,0.000000,0.000000,0.000000,0.000000,0.000000,0.000000,203.012924,1668.617798,30.636608,0.022598,-0.087036,0.082325,0.022598,-0.087036,0.082325,-0.000109,-0.000028,0.000020,0.000000,0.000000,0.000000,0,1,0,0,0,0,177.272598,1691.412964,32.457325,177.250000,1691.500000,32.375000,177.272598,1691.412964,32.457325,0.022598,-0.087036,0.082325,0.000000,0.000000,0.000000,0.000052,0.000000,1,1,1,0,195.397598,1704.537964,33.332325,195.375000,1704.625000,33.250000,195.397598,1704.537964,33.332325,0.022598,-0.087036,0.082325,0.000000,0.000000,0.000000,0.000046,0.000000,1,1,1,0
158.976309,0.013158,0,4104,100.0,203.012924,1668.617798,39.636608,203.035522,1668.655762,39.593933,0.000000,0.000000,0.000000,0.000000,0.000000,0.000000,203.035522,1668.655762,30.593933,0.022598,0.037964,-0.042675,0.022598,0.037964,-0.042675,-0.000109,-0.000028,0.000020,0.000000,0.000000,0.000000,0,1,0,0,0,0,177.272598,1691.412964,32.457325,177.250000,1691.375000,32.500000,177.272598,1691.412964,32.457325,0.022598,0.037964,-0.042675,0.000000,0.000000,0.000000,0.000052,0.000000,1,1,1,0,195.397598,1704.537964,33.332325,195.375000,1704.500000,33.375000,195.397598,1704.537964,33.332325,0.022598,0.037964,-0.042675,0.000000,0.000000,0.000000,0.000046,0.000000,1,1,1,0
158.990090,0.013781,0,4104,100.0,203.035522,1668.655762,39.593933,203.058121,1668.693726,39.551258,0.000000,0.000000,0.000000,0.000000,0.000000,0.000000,203.058121,1668.693726,30.551258,0.022598,0.037964,-0.042675,0.022598,0.037964,-0.042675,-0.000109,-0.000028,0.000020,0.000000,0.000000,0.000000,0,1,0,0,0,0,177.272598,1691.412964,32.457325,177.250000,1691.375000,32.500000,177.272598,1691.412964,32.457325,0.022598,0.037964,-0.042675,0.000000,0.000000,0.000000,0.000052,0.000000,1,1,1,0,195.397598,1704.537964,33.332325,195.375000,1704.500000,33.375000,195.397598,1704.537964,33.332325,0.022598,0.037964,-0.042675,0.000000,0.000000,0.000000,0.000046,0.000000,1,1,1,0
159.004829,0.014739,0,4104,100.0,203.058121,1668.693726,39.551258,203.080719,1668.606689,39.633583,0.000000,0.000000,0.000000,0.000000,0.000000,0.000000,203.080719,1668.606689,30.633583,0.022598,-0.087036,0.082325,0.022598,-0.087036,0.082325,-0.000109,-0.000028,0.000020,0.000000,0.000000,0.000000,0,1,0,0,0,0,177.272598,1691.412964,32.457325,177.250000,1691.500000,32.375000,177.272598,1691.412964,32.457325,0.022598,-0.087036,0.082325,0.000000,0.000000,0.000000,0.000052,0.000000,1,1,1,0,195.397598,1704.537964,33.332325,195.375000,1704.625000,33.250000,195.397598,1704.537964,33.332325,0.022598,-0.087036,0.082325,0.000000,0.000000,0.000000,0.000046,0.000000,1,1,1,0
159.018019,0.013191,0,4104,100.0,203.080719,1668.606689,39.633583,202.978317,1668.644653,39.590908,0.000000,0.000000,0.000000,0.000000,0.000000,0.000000,202.978317,1668.644653,30.590908,-0.102402,0.037964,-0.042675,-0.102402,0.037964,-0.042675,-0.000109,-0.000028,0.000020,0.000000,0.000000,0.000000,0,1,0,0,0,0,177.272598,1691.412964,32.457325,177.375000,1691.375000,32.500000,177.272598,1691.412964,32.457325,-0.102402,0.037964,-0.042675,0.000000,0.000000,0.000000,0.000052,0.000000,1,1,1,0,195.397598,1704.537964,33.332325,195.500000,1704.500000,33.375000,195.397598,1704.537964,33.332325,-0.102402,0.037964,-0.042675,0.000000,0.000000,0.000000,0.000046,0.000000,1,1,1,0
159.031731,0.013711,0,4104,100.0,202.978317,1668.644653,39.590908,203.000916,1668.682617,39.548233,0.000000,0.000000,0.000000,0.000000,0.000000,0.000000,203.000916,1668.682617,30.548233,0.022598,0.037964,-0.042675,0.022598,0.037964,-0.042675,-0.000109,-0.000028,0.000020,0.000000,0.000000,0.000000,0,1,0,0,0,0,177.272598,1691.412964,32.457325,177.250000,1691.375000,32.500000,177.272598,1691.412964,32.457325,0.022598,0.037964,-0.042675,0.000000,0.000000,0.000000,0.000052,0.000000,1,1,1,0,195.397598,1704.537964,33.332325,195.375000,1704.500000,33.375000,195.397598,1704.537964,33.332325,0.022598,0.037964,-0.042675,0.000000,0.000000,0.000000,0.000046,0.000000,1,1,1,0
159.045904,0.014174,0,4104,100.0,203.000916,1668.682617,39.548233,203.023514,1668.720581,39.630558,0.000000,0.000000,0.000000,0.000000,0.000000,0.000000,203.023514,1668.720581,30.630558,0.022598,0.037964,0.082325,0.022598,0.037964,0.082325,-0.000109,-0.000028,0.000020,0.000000,0.000000,0.000000,0,1,0,0,0,0,177.272598,1691.412964,32.457325,177.250000,1691.375000,32.375000,177.272598,1691.412964,32.457325,0.022598,0.037964,0.082325,0.000000,0.000000,0.000000,0.000052,0.000000,1,1,1,0,195.397598,1704.537964,33.332325,195.375000,1704.500000,33.250000,195.397598,1704.537964,33.332325,0.022598,0.037964,0.082325,0.000000,0.000000,0.000000,0.000046,0.000000,1,1,1,0
159.060090,0.014186,0,4104,100.0,203.023514,1668.720581,39.630558,203.046112,1668.633545,39.587883,0.000000,0.000000,0.000000,0.000000,0.000000,0.000000,203.046112,1668.633545,30.587883,0.022598,-0.087036,-0.042675,0.022598,-0.087036,-0.042675,-0.000109,-0.000028,0.000020,0.000000,0.000000,0.000000,0,1,0,0,0,0,177.272598,1691.412964,32.457325,177.250000,1691.500000,32.500000,177.272598,1691.412964,32.457325,0.022598,-0.087036,-0.042675,0.000000,0.000000,0.000000,0.000052,0.000000,1,1,1,0,195.397598,1704.537964,33.332325,195.375000,1704.625000,33.375000,195.397598,1704.537964,33.332325,0.022598,-0.087036,-0.042675,0.000000,0.000000,0.000000,0.000046,0.000000,1,1,1,0
159.074789,0.014699,0,4104,100.0,203.046112,1668.633545,39.587883,203.068710,1668.671509,39.545208,0.000000,0.000000,0.000000,0.000000,0.000000,0.000000,203.068710,1668.671509,30.545208,0.022598,0.037964,-0.042675,0.022598,0.037964,-0.042675,-0.000109,-0.000028,0.000020,0.000000,0.000000,0.000000,0,1,0,0,0,0,177.272598,1691.412964,32.457325,177.250000,1691.375000,32.500000,177.272598,1691.412964,32.457325,0.022598,0.037964,-0.042675,0.000000,0.000000,0.000000,0.000052,0.000000,1,1,1,0,195.397598,1704.537964,33.332325,195.375000,1704.500000,33.375000,195.397598,1704.537964,33.332325,0.022598,0.037964,-0.042675,0.000000,0.000000,0.000000,0.000046,0.000000,1,1,1,0
159.087934,0.013145,0,4104,100.0,203.068710,1668.671509,39.545208,202.966309,1668.709473,39.627533,0.000000,0.000000,0.000000,0.000000,0.000000,0.000000,202.966309,1668.709473,30.627533,-0.102402,0.037964,0.082325,-0.102402,0.037964,0.082325,-0.000109,-0.000028,0.000020,0.000000,0.000000,0.000000,0,1,0,0,0,0,177.272598,1691.412964,32.457325,177.375000,1691.375000,32.375000,177.272598,1691.412964,32.457325,-0.102402,0.037964,0.082325,0.000000,0.000000,0.000000,0.000052,0.000000,1,1,1,0,195.397598,1704.537964,33.332325,195.500000,1704.500000,33.250000,195.397598,1704.537964,33.332325,-0.102402,0.037964,0.082325,0.000000,0.000000,0.000000,0.000046,0.000000,1,1,1,0
159.101616,0.013682,0,4104,100.0,202.966309,1668.709473,39.627533,202.988907,1668.622437,39.584858,0.000000,0.000000,0.000000,0.000000,0.000000,0.000000,202.988907,1668.622437,30.584858,0.022598,-0.087036,-0.042675,0.022598,-0.087036,-0.042675,-0.000109,-0.000028,0.000020,0.000000,0.000000,0.000000,0,1,0,0,0,0,177.272598,1691.412964,32.457325,177.250000,1691.500000,32.500000,177.272598,1691.412964,32.457325,0.022598,-0.087036,-0.042675,0.000000,0.000000,0.000000,0.000052,0.000000,1,1,1,0,195.397598,1704.537964,33.332325,195.375000,1704.625000,33.375000,195.397598,1704.537964,33.332325,0.022598,-0.087036,-0.042675,0.000000,0.000000,0.000000,0.000046,0.000000,1,1,1,0
159.116323,0.014707,0,4104,100.0,202.988907,1668.622437,39.584858,203.011505,1668.660400,39.542183,0.000000,0.000000,0.000000,0.000000,0.000000,0.000000,203.011505,1668.660400,30.542183,0.022598,0.037964,-0.042675,0.022598,0.037964,-0.042675,-0.000109,-0.000028,0.000020,0.000000,0.000000,0.000000,0,1,0,0,0,0,177.272598,1691.412964,32.457325,177.250000,1691.375000,32.500000,177.272598,1691.412964,32.457325,0.022598,0.037964,-0.042675,0.000000,0.000000,0.000000,0.000052,0.000000,1,1,1,0,195.397598,1704.537964,33.332325,195.375000,1704.500000,33.375000,195.397598,1704.537964,33.332325,0.022598,0.037964,-0.042675,0.000000,0.000000,0.000000,0.000046,0.000000,1,1,1,0
159.129031,0.012708,0,4104,100.0,203.011505,1668.660400,39.542183,203.034103,1668.698364,39.624508,0.000000,0.000000,0.000000,0.000000,0.000000,0.000000,203.034103,1668.698364,30.624508,0.022598,0.037964,0.082325,0.022598,0.037964,0.082325,-0.000109,-0.000028,0.000020,0.000000,0.000000,0.000000,0,1,0,0,0,0,177.272598,1691.412964,32.457325,177.250000,1691.375000,32.375000,177.272598,1691.412964,32.457325,0.022598,0.037964,0.082325,0.000000,0.000000,0.000000,0.000052,0.000000,1,1,1,0,195.397598,1704.537964,33.332325,195.375000,1704.500000,33.250000,195.397598,1704.537964,33.332325,0.022598,0.037964,0.082325,0.000000,0.000000,0.000000,0.000046,0.000000,1,1,1,0
159.143186,0.014155,0,4104,100.0,203.034103,1668.698364,39.624508,203.056702,1668.611328,39.581833,0.000000,0.000000,0.000000,0.000000,0.000000,0.000000,203.056702,1668.611328,30.581833,0.022598,-0.087036,-0.042675,0.022598,-0.087036,-0.042675,-0.000109,-0.000028,0.000020,0.000000,0.000000,0.000000,0,1,0,0,0,0,177.272598,1691.412964,32.457325,177.250000,1691.500000,32.500000,177.272598,1691.412964,32.457325,0.022598,-0.087036,-0.042675,0.000000,0.000000,0.000000,0.000052,0.000000,1,1,1,0,195.397598,1704.537964,33.332325,195.375000,1704.625000,33.375000,195.397598,1704.537964,33.332325,0.022598,-0.087036,-0.042675,0.000000,0.000000,0.000000,0.000046,0.000000,1,1,1,0
159.157937,0.014751,0,4104,100.0,203.056702,1668.611328,39.581833,203.079300,1668.649292,39.539158,0.000000,0.000000,0.000000,0.000000,0.000000,0.000000,203.079300,1668.649292,30.539158,0.022598,0.037964,-0.042675,0.022598,0.037964,-0.042675,-0.000109,-0.000028,0.000020,0.000000,0.000000,0.000000,0,1,0,0,0,0,177.272598,1691.412964,32.457325,177.250000,1691.375000,32.500000,177.272598,1691.412964,32.457325,0.022598,0.037964,-0.042675,0.000000,0.000000,0.000000,0.000052,0.000000,1,1,1,0,195.397598,1704.537964,33.332325,195.375000,1704.500000,33.375000,195.397598,1704.537964,33.332325,0.022598,0.037964,-0.042675,0.000000,0.000000,0.000000,0.000046,0.000000,1,1,1,0
159.171512,0.013575,0,4104,100.0,203.079300,1668.649292,39.539158,202.976898,1668.687256,39.621483,0.000000,0.000000,0.000000,0.000000,0.000000,0.000000,202.976898,1668.687256,30.621483,-0.102402,0.037964,0.082325,-0.102402,0.037964,0.082325,-0.000109,-0.000028,0.000020,0.000000,0.000000,0.000000,0,1,0,0,0,0,177.272598,1691.412964,32.457325,177.375000,1691.375000,32.375000,177.272598,1691.412964,32.457325,-0.102402,0.037964,0.082325,0.000000,0.000000,0.000000,0.000052,0.000000,1,1,1,0,195.397598,1704.537964,33.332325,195.500000,1704.500000,33.250000,195.397598,1704.537964,33.332325,-0.102402,0.037964,0.082325,0.000000,0.000000,0.000000,0.000046,0.000000,1,1,1,0
159.184654,0.013141,0,4104,100.0,202.976898,1668.687256,39.621483,202.999496,1668.725220,39.578808,0.000000,0.000000,0.000000,0.000000,0.000000,0.000000,202.999496,1668.725220,30.578808,0.022598,0.037964,-0.042675,0.022598,0.037964,-0.042675,-0.000109,-0.000028,0.000020,0.000000,0.000000,0.000000,0,1,0,0,0,0,177.272598,1691.412964,32.457325,177.250000,1691.375000,32.500000,177.272598,1691.412964,32.457325,0.022598,0.037964,-0.042675,0.000000,0.000000,0.000000,0.000052,0.000000,1,1,1,0,195.397598,1704.537964,33.332325,195.375000,1704.500000,33.375000,195.397598,1704.537964,33.332325,0.022598,0.037964,-0.042675,0.000000,0.000000,0.000000,0.000046,0.000000,1,1,1,0
159.198624,0.013970,0,4104,100.0,202.999496,1668.725220,39.578808,203.022095,1668.638184,39.536133,0.000000,0.000000,0.000000,0.000000,0.000000,0.000000,203.022095,1668.638184,30.536133,0.022598,-0.087036,-0.042675,0.022598,-0.087036,-0.042675,-0.000109,-0.000028,0.000020,0.000000,0.000000,0.000000,0,1,0,0,0,0,177.272598,1691.412964,32.457325,177.250000,1691.500000,32.500000,177.272598,1691.412964,32.457325,0.022598,-0.087036,-0.042675,0.000000,0.000000,0.000000,0.000052,0.000000,1,1,1,0,195.397598,1704.537964,33.332325,195.375000,1704.625000,33.375000,195.397598,1704.537964,33.332325,0.022598,-0.087036,-0.042675,0.000000,0.000000,0.000000,0.000046,0.000000,1,1,1,0
159.213085,0.014461,0,4104,100.0,203.022095,1668.638184,39.536133,203.044693,1668.676147,39.618458,0.000000,0.000000,0.000000,0.000000,0.000000,0.000000,203.044693,1668.676147,30.618458,0.022598,0.037964,0.082325,0.022598,0.037964,0.082325,-0.000109,-0.000028,0.000020,0.000000,0.000000,0.000000,0,1,0,0,0,0,177.272598,1691.412964,32.457325,177.250000,1691.375000,32.375000,177.272598,1691.412964,32.457325,0.022598,0.037964,0.082325,0.000000,0.000000,0.000000,0.000052,0.000000,1,1,1,0,195.397598,1704.537964,33.332325,195.375000,1704.500000,33.250000,195.397598,1704.537964,33.332325,0.022598,0.037964,0.082325,0.000000,0.000000,0.000000,0.000046,0.000000,1,1,1,0
159.226215,0.013130,0,4104,100.0,203.044693,1668.676147,39.618458,203.067291,1668.714111,39.575783,0.000000,0.000000,0.000000,0.000000,0.000000,0.000000,203.067291,1668.714111,30.575783,0.022598,0.037964,-0.042675,0.022598,0.037964,-0.042675,-0.000109,-0.000028,0.000020,0.000000,0.000000,0.000000,0,1,0,0,0,0,177.272598,1691.412964,32.457325,177.250000,1691.375000,32.500000,177.272598,1691.412964,32.457325,0.022598,0.037964,-0.042675,0.000000,0.000000,0.000000,0.000052,0.000000,1,1,1,0,195.397598,1704.537964,33.332325,195.375000,1704.500000,33.375000,195.397598,1704.537964,33.332325,0.022598,0.037964,-0.042675,0.000000,0.000000,0.000000,0.000046,0.000000,1,1,1,0
159.240903,0.014688,0,4104,100.0,203.067291,1668.714111,39.575783,202.964890,1668.627075,39.533108,0.000000,0.000000,0.000000,0.000000,0.000000,0.000000,202.964890,1668.627075,30.533108,-0.102402,-0.087036,-0.042675,-0.102402,-0.087036,-0.042675,-0.000109,-0.000028,0.000020,0.000000,0.000000,0.000000,0,1,0,0,0,0,177.272598,1691.412964,32.457325,177.375000,1691.500000,32.500000,177.272598,1691.412964,32.457325,-0.102402,-0.087036,-0.042675,0.000000,0.000000,0.000000,0.000052,0.000000,1,1,1,0,195.397598,1704.537964,33.332325,195.500000,1704.625000,33.375000,195.397598,1704.537964,33.332325,-0.102402,-0.087036,-0.042675,0.000000,0.000000,0.000000,0.000046,0.000000,1,1,1,0
159.254558,0.013655,0,4104,100.0,202.964890,1668.627075,39.533108,202.987488,1668.665039,39.615433,0.000000,0.000000,0.000000,0.000000,0.000000,0.000000,202.987488,1668.665039,30.615433,0.022598,0.037964,0.082325,0.022598,0.037964,0.082325,-0.000109,-0.000028,0.000020,0.000000,0.000000,0.000000,0,1,0,0,0,0,177.272598,1691.412964,32.457325,177.250000,1691.375000,32.375000,177.272598,1691.412964,32.457325,0.022598,0.037964,0.082325,0.000000,0.000000,0.000000,0.000052,0.000000,1,1,1,0,195.397598,1704.537964,33.332325,195.375000,1704.500000,33.250000,195.397598,1704.537964,33.332325,0.022598,0.037964,0.082325,0.000000,0.000000,0.000000,0.000046,0.000000,1,1,1,0
159.268226,0.013668,0,4104,100.0,202.987488,1668.665039,39.615433,203.010086,1668.703003,39.572758,0.000000,0.000000,0.000000,0.000000,0.000000,0.000000,203.010086,1668.703003,30.572758,0.022598,0.037964,-0.042675,0.022598,0.037964,-0.042675,-0.000109,-0.000028,0.000020,0.000000,0.000000,0.000000,0,1,0,0,0,0,177.272598,1691.412964,32.457325,177.250000,1691.375000,32.500000,177.272598,1691.412964,32.457325,0.022598,0.037964,-0.042675,0.000000,0.000000,0.000000,0.000052,0.000000,1,1,1,0,195.397598,1704.537964,33.332325,195.375000,1704.500000,33.375000,195.397598,1704.537964,33.332325,0.022598,0.037964,-0.042675,0.000000,0.000000,0.000000,0.000046,0.000000,1,1,1,0
159.282930,0.014704,0,4104,100.0,203.010086,1668.703003,39.572758,203.032684,1668.615967,39.530083,0.000000,0.000000,0.000000,0.000000,0.000000,0.000000,203.032684,1668.615967,30.530083,0.022598,-0.087036,-0.042675,0.022598,-0.087036,-0.042675,-0.000109,-0.000028,0.000020,0.000000,0.000000,0.000000,0,1,0,0,0,0,177.272598,1691.412964,32.457325,177.250000,1691.500000,32.500000,177.272598,1691.412964,32.457325,0.022598,-0.087036,-0.042675,0.000000,0.000000,0.000000,0.000052,0.000000,1,1,1,0,195.397598,1704.537964,33.332325,195.375000,1704.625000,33.375000,195.397598,1704.537964,33.332325,0.022598,-0.087036,-0.042675,0.000000,0.000000,0.000000,0.000046,0.000000,1,1,1,0
159.296105,0.013176,0,4104,100.0,203.032684,1668.615967,39.530083,203.055283,1668.653931,39.612408,0.000000,0.000000,0.000000,0.000000,0.000000,0.000000,203.055283,1668.653931,30.612408,0.022598,0.037964,0.082325,0.022598,0.037964,0.082325,-0.000109,-0.000028,0.000020,0.000000,0.000000,0.000000,0,1,0,0,0,0,177.272598,1691.412964,32.457325,177.250000,1691.375000,32.375000,177.272598,1691.412964,32.457325,0.022598,0.037964,0.082325,0.000000,0.000000,0.000000,0.000052,0.000000,1,1,1,0,195.397598,1704.537964,33.332325,195.375000,1704.500000,33.250000,195.397598,1704.537964,33.332325,0.022598,0.037964,0.082325,0.000000,0.000000,0.000000,0.000046,0.000000,1,1,1,0
159.310310,0.014205,0,4104,100.0,203.055283,1668.653931,39.612408,203.077881,1668.691895,39.569733,0.000000,0.000000,0.000000,0.000000,0.000000,0.000000,203.077881,1668.691895,30.569733,0.022598,0.037964,-0.042675,0.022598,0.037964,-0.042675,-0.000109,-0.000028,0.000020,0.000000,0.000000,0.000000,0,1,0,0,0,0,177.272598,1691.412964,32.457325,177.250000,1691.375000,32.500000,177.272598,1691.412964,32.457325,0.022598,0.037964,-0.042675,0.000000,0.000000,0.000000,0.000052,0.000000,1,1,1,0,195.397598,1704.537964,33.332325,195.375000,1704.500000,33.375000,195.397598,1704.537964,33.332325,0.022598,0.037964,-0.042675,0.000000,0.000000,0.000000,0.000046,0.000000,1,1,1,0
159.324030,0.013720,0,4104,100.0,203.077881,1668.691895,39.569733,202.975479,1668.604858,39.527058,0.000000,0.000000,0.000000,0.000000,0.000000,0.000000,202.975479,1668.604858,30.527058,-0.102402,-0.087036,-0.042675,-0.102402,-0.087036,-0.042675,-0.000109,-0.000028,0.000020,0.000000,0.000000,0.000000,0,1,0,0,0,0,177.272598,1691.412964,32.457325,177.375000,1691.500000,32.500000,177.272598,1691.412964,32.457325,-0.102402,-0.087036,-0.042675,0.000000,0.000000,0.000000,0.000052,0.000000,1,1,1,0,195.397598,1704.537964,33.332325,195.500000,1704.625000,33.375000,195.397598,1704.537964,33.332325,-0.102402,-0.087036,-0.042675,0.000000,0.000000,0.000000,0.000046,0.000000,1,1,1,0
159.337105,0.013074,0,4104,100.0,202.975479,1668.604858,39.527058,202.998077,1668.642822,39.609383,0.000000,0.000000,0.000000,0.000000,0.000000,0.000000,202.998077,1668.642822,30.609383,0.022598,0.037964,0.082325,0.022598,0.037964,0.082325,-0.000109,-0.000028,0.000020,0.000000,0.000000,0.000000,0,1,0,0,0,0,177.272598,1691.412964,32.457325,177.250000,1691.375000,32.375000,177.272598,1691.412964,32.457325,0.022598,0.037964,0.082325,0.000000,0.000000,0.000000,0.000052,0.000000,1,1,1,0,195.397598,1704.537964,33.332325,195.375000,1704.500000,33.250000,195.397598,1704.537964,33.332325,0.022598,0.037964,0.082325,0.000000,0.000000,0.000000,0.000046,0.000000,1,1,1,0
159.351800,0.014696,0,4104,100.0,202.998077,1668.642822,39.609383,203.020676,1668.680786,39.566708,0.000000,0.000000,0.000000,0.000000,0.000000,0.000000,203.020676,1668.680786,30.566708,0.022598,0.037964,-0.042675,0.022598,0.037964,-0.042675,-0.000109,-0.000028,0.000020,0.000000,0.000000,0.000000,0,1,0,0,0,0,177.272598,1691.412964,32.457325,177.250000,1691.375000,32.500000,177.272598,1691.412964,32.457325,0.022598,0.037964,-0.042675,0.000000,0.000000,0.000000,0.000052,0.000000,1,1,1,0,195.397598,1704.537964,33.332325,195.375000,1704.500000,33.375000,195.397598,1704.537964,33.332325,0.022598,0.037964,-0.042675,0.000000,0.000000,0.000000,0.000046,0.000000,1,1,1,0
159.365484,0.013683,0,4104,100.0,203.020676,1668.680786,39.566708,203.043274,1668.718750,39.524033,0.000000,0.000000,0.000000,0.000000,0.000000,0.000000,203.043274,1668.718750,30.524033,0.022598,0.037964,-0.042675,0.022598,0.037964,-0.042675,-0.000109,-0.000028,0.000020,0.000000,0.000000,0.000000,0,1,0,0,0,0,177.272598,1691.412964,32.457325,177.250000,1691.375000,32.500000,177.272598,1691.412964,32.457325,0.022598,0.037964,-0.042675,0.000000,0.000000,0.000000,0.000052,0.000000,1,1,1,0,195.397598,1704.537964,33.332325,195.375000,1704.500000,33.375000,195.397598,1704.537964,33.332325,0.022598,0.037964,-0.042675,0.000000,0.000000,0.000000,0.000046,0.000000,1,1,1,0
159.380102,0.014618,0,4104,100.0,203.043274,1668.718750,39.524033,203.065872,1668.631714,39.606358,0.000000,0.000000,0.000000,0.000000,0.000000,0.000000,203.065872,1668.631714,30.606358,0.022598,-0.087036,0.082325,0.022598,-0.087036,0.082325,-0.000109,-0.000028,0.000020,0.000000,0.000000,0.000000,0,1,0,0,0,0,177.272598,1691.412964,32.457325,177.250000,1691.500000,32.375000,177.272598,1691.412964,32.457325,0.022598,-0.087036,0.082325,0.000000,0.000000,0.000000,0.000052,0.000000,1,1,1,0,195.397598,1704.537964,33.332325,195.375000,1704.625000,33.250000,195.397598,1704.537964,33.332325,0.022598,-0.087036,0.082325,0.000000,0.000000,0.000000,0.000046,0.000000,1,1,1,0
159.393236,0.013134,0,4104,100.0,203.065872,1668.631714,39.606358,202.963470,1668.669678,39.563683,0.000000,0.000000,0.000000,0.000000,0.000000,0.000000,202.963470,1668.669678,30.563683,-0.102402,0.037964,-0.042675,-0.102402,0.037964,-0.042675,-0.000109,-0.000028,0.000020,0.000000,0.000000,0.000000,0,1,0,0,0,0,177.272598,1691.412964,32.457325,177.375000,1691.375000,32.500000,177.272598,1691.412964,32.457325,-0.102402,0.037964,-0.042675,0.000000,0.000000,0.000000,0.000052,0.000000,1,1,1,0,195.397598,1704.537964,33.332325,195.500000,1704.500000,33.375000,195.397598,1704.537964,33.332325,-0.102402,0.037964,-0.042675,0.000000,0.000000,0.000000,0.000046,0.000000,1,1,1,0
159.406939,0.013702,0,4104,100.0,202.963470,1668.669678,39.563683,202.986069,1668.707642,39.521008,0.000000,0.000000,0.000000,0.000000,0.000000,0.000000,202.986069,1668.707642,30.521008,0.022598,0.037964,-0.042675,0.022598,0.037964,-0.042675,-0.000109,-0.000028,0.000020,0.000000,0.000000,0.000000,0,1,0,0,0,0,177.272598,1691.412964,32.457325,177.250000,1691.375000,32.500000,177.272598,1691.412964,32.457325,0.022598,0.037964,-0.042675,0.000000,0.000000,0.000000,0.000052,0.000000,1,1,1,0,195.397598,1704.537964,33.332325,195.375000,1704.500000,33.375000,195.397598,1704.537964,33.332325,0.022598,0.037964,-0.042675,0.000000,0.000000,0.000000,0.000046,0.000000,1,1,1,0
159.421549,0.014610,0,4104,100.0,202.986069,1668.707642,39.521008,203.008667,1668.620605,39.603333,0.000000,0.000000,0.000000,0.000000,0.000000,0.000000,203.008667,1668.620605,30.603333,0.022598,-0.087036,0.082325,0.022598,-0.087036,0.082325,-0.000109,-0.000028,0.000020,0.000000,0.000000,0.000000,0,1,0,0,0,0,177.272598,1691.412964,32.457325,177.250000,1691.500000,32.375000,177.272598,1691.412964,32.457325,0.022598,-0.087036,0.082325,0.000000,0.000000,0.000000,0.000052,0.000000,1,1,1,0,195.397598,1704.537964,33.332325,195.375000,1704.625000,33.250000,195.397598,1704.537964,33.332325,0.022598,-0.087036,0.082325,0.000000,0.000000,0.000000,0.000046,0.000000,1,1,1,0
159.435736,0.014187,0,4104,100.0,203.008667,1668.620605,39.603333,203.031265,1668.658569,39.560658,0.000000,0.000000,0.000000,0.000000,0.000000,0.000000,203.031265,1668.658569,30.560658,0.022598,0.037964,-0.042675,0.022598,0.037964,-0.042675,-0.000109,-0.000028,0.000020,0.000000,0.000000,0.000000,0,1,0,0,0,0,177.272598,1691.412964,32.457325,177.250000,1691.375000,32.500000,177.272598,1691.412964,32.457325,0.022598,0.037964,-0.042675,0.000000,0.000000,0.000000,0.000052,0.000000,1,1,1,0,195.397598,1704.537964,33.332325,195.375000,1704.500000,33.375000,195.397598,1704.537964,33.332325,0.022598,0.037964,-0.042675,0.000000,0.000000,0.000000,0.000046,0.000000,1,1,1,0
159.449422,0.013686,0,4104,100.0,203.031265,1668.658569,39.560658,203.053864,1668.696533,39.642982,0.000000,0.000000,0.000000,0.000000,0.000000,0.000000,203.053864,1668.696533,30.642982,0.022598,0.037964,0.082325,0.022598,0.037964,0.082325,-0.000109,-0.000028,0.000020,0.000000,0.000000,0.000000,0,1,0,0,0,0,177.272598,1691.412964,32.457325,177.250000,1691.375000,32.375000,177.272598,1691.412964,32.457325,0.022598,0.037964,0.082325,0.000000,0.000000,0.000000,0.000052,0.000000,1,1,1,0,195.397598,1704.537964,33.332325,195.375000,1704.500000,33.250000,195.397598,1704.537964,33.332325,0.022598,0.037964,0.082325,0.000000,0.000000,0.000000,0.000046,0.000000,1,1,1,0
159.463108,0.013686,0,4104,100.0,203.053864,1668.696533,39.642982,203.076462,1668.609497,39.600307,0.000000,0.000000,0.000000,0.000000,0.000000,0.000000,203.076462,1668.609497,30.600307,0.022598,-0.087036,-0.042675,0.022598,-0.087036,-0.042675,-0.000109,-0.000028,0.000020,0.000000,0.000000,0.000000,0,1,0,0,0,0,177.272598,1691.412964,32.457325,177.250000,1691.500000,32.500000,177.272598,1691.412964,32.457325,0.022598,-0.087036,-0.042675,0.000000,0.000000,0.000000,0.000052,0.000000,1,1,1,0,195.397598,1704.537964,33.332325,195.375000,1704.625000,33.375000,195.397598,1704.537964,33.332325,0.022598,-0.087036,-0.042675,0.000000,0.000000,0.000000,0.000046,0.000000,1,1,1,0
159.476201,0.013093,0,4104,100.0,203.076462,1668.609497,39.600307,202.974060,1668.647461,39.557632,0.000000,0.000000,0.000000,0.000000,0.000000,0.000000,202.974060,1668.647461,30.557632,-0.102402,0.037964,-0.042675,-0.102402,0.037964,-0.042675,-0.000109,-0.000028,0.000020,0.000000,0.000000,0.000000,0,1,0,0,0,0,177.272598,1691.412964,32.457325,177.375000,1691.375000,32.500000,177.272598,1691.412964,32.457325,-0.102402,0.037964,-0.042675,0.000000,0.000000,0.000000,0.000052,0.000000,1,1,1,0,195.397598,1704.537964,33.332325,195.500000,1704.500000,33.375000,195.397598,1704.537964,33.332325,-0.102402,0.037964,-0.042675,0.000000,0.000000,0.000000,0.000046,0.000000,1,1,1,0
159.490456,0.014255,0,4104,100.0,202.974060,1668.647461,39.557632,202.996658,1668.685425,39.639957,0.000000,0.000000,0.000000,0.000000,0.000000,0.000000,202.996658,1668.685425,30.639957,0.022598,0.037964,0.082325,0.022598,0.037964,0.082325,-0.000109,-0.000028,0.000020,0.000000,0.000000,0.000000,0,1,0,0,0,0,177.272598,1691.412964,32.457325,177.250000,1691.375000,32.375000,177.272598,1691.412964,32.457325,0.022598,0.037964,0.082325,0.000000,0.000000,0.000000,0.000052,0.000000,1,1,1,0,195.397598,1704.537964,33.332325,195.375000,1704.500000,33.250000,195.397598,1704.537964,33.332325,0.022598,0.037964,0.082325,0.000000,0.000000,0.000000,0.000046,0.000000,1,1,1,0
159.504141,0.013685,0,4104,100.0,202.996658,1668.685425,39.639957,203.019257,1668.723389,39.597282,0.000000,0.000000,0.000000,0.000000,0.000000,0.000000,203.019257,1668.723389,30.597282,0.022598,0.037964,-0.042675,0.022598,0.037964,-0.042675,-0.000109,-0.000028,0.000020,0.000000,0.000000,0.000000,0,1,0,0,0,0,177.272598,1691.412964,32.457325,177.250000,1691.375000,32.500000,177.272598,1691.412964,32.457325,0.022598,0.037964,-0.042675,0.000000,0.000000,0.000000,0.000052,0.000000,1,1,1,0,195.397598,1704.537964,33.332325,195.375000,1704.500000,33.375000,195.397598,1704.537964,33.332325,0.022598,0.037964,-0.042675,0.000000,0.000000,0.000000,0.000046,0.000000,1,1,1,0
159.517869,0.013729,0,4104,100.0,203.019257,1668.723389,39.597282,203.041855,1668.636353,39.554607,0.000000,0.000000,0.000000,0.000000,0.000000,0.000000,203.041855,1668.636353,30.554607,0.022598,-0.087036,-0.042675,0.022598,-0.087036,-0.042675,-0.000109,-0.000028,0.000020,0.000000,0.000000,0.000000,0,1,0,0,0,0,177.272598,1691.412964,32.457325,177.250000,1691.500000,32.500000,177.272598,1691.412964,32.457325,0.022598,-0.087036,-0.042675,0.000000,0.000000,0.000000,0.000052,0.000000,1,1,1,0,195.397598,1704.537964,33.332325,195.375000,1704.625000,33.375000,195.397598,1704.537964,33.332325,0.022598,-0.087036,-0.042675,0.000000,0.000000,0.000000,0.000046,0.000000,1,1,1,0
159.533196,0.015327,0,4104,100.0,203.041855,1668.636353,39.554607,203.064453,1668.674316,39.636932,0.000000,0.000000,0.000000,0.000000,0.000000,0.000000,203.064453,1668.674316,30.636932,0.022598,0.037964,0.082325,0.022598,0.037964,0.082325,-0.000109,-0.000028,0.000020,0.000000,0.000000,0.000000,0,1,0,0,0,0,177.272598,1691.412964,32.457325,177.250000,1691.375000,32.375000,177.272598,1691.412964,32.457325,0.022598,0.037964,0.082325,0.000000,0.000000,0.000000,0.000052,0.000000,1,1,1,0,195.397598,1704.537964,33.332325,195.375000,1704.500000,33.250000,195.397598,1704.537964,33.332325,0.022598,0.037964,0.082325,0.000000,0.000000,0.000000,0.000046,0.000000,1,1,1,0
159.546463,0.013267,0,4104,100.0,203.064453,1668.674316,39.636932,202.962051,1668.712280,39.594257,0.000000,0.000000,0.000000,0.000000,0.000000,0.000000,202.962051,1668.712280,30.594257,-0.102402,0.037964,-0.042675,-0.102402,0.037964,-0.042675,-0.000109,-0.000028,0.000020,0.000000,0.000000,0.000000,0,1,0,0,0,0,177.272598,1691.412964,32.457325,177.375000,1691.375000,32.500000,177.272598,1691.412964,32.457325,-0.102402,0.037964,-0.042675,0.000000,0.000000,0.000000,0.000052,0.000000,1,1,1,0,195.397598,1704.537964,33.332325,195.500000,1704.500000,33.375000,195.397598,1704.537964,33.332325,-0.102402,0.037964,-0.042675,0.000000,0.000000,0.000000,0.000046,0.000000,1,1,1,0
159.560291,0.013828,0,4104,100.0,202.962051,1668.712280,39.594257,202.984650,1668.625244,39.551582,0.000000,0.000000,0.000000,0.000000,0.000000,0.000000,202.984650,1668.625244,30.551582,0.022598,-0.087036,-0.042675,0.022598,-0.087036,-0.042675,-0.000109,-0.000028,0.000020,0.000000,0.000000,0.000000,0,1,0,0,0,0,177.272598,1691.412964,32.457325,177.250000,1691.500000,32.500000,177.272598,1691.412964,32.457325,0.022598,-0.087036,-0.042675,0.000000,0.000000,0.000000,0.000052,0.000000,1,1,1,0,195.397598,1704.537964,33.332325,195.375000,1704.625000,33.375000,195.397598,1704.537964,33.332325,0.022598,-0.087036,-0.042675,0.000000,0.000000,0.000000,0.000046,0.000000,1,1,1,0
159.574560,0.014268,0,4104,100.0,202.984650,1668.625244,39.551582,203.007248,1668.663208,39.633907,0.000000,0.000000,0.000000,0.000000,0.000000,0.000000,203.007248,1668.663208,30.633907,0.022598,0.037964,0.082325,0.022598,0.037964,0.082325,-0.000109,-0.000028,0.000020,0.000000,0.000000,0.000000,0,1,0,0,0,0,177.272598,1691.412964,32.457325,177.250000,1691.375000,32.375000,177.272598,1691.412964,32.457325,0.022598,0.037964,0.082325,0.000000,0.000000,0.000000,0.000052,0.000000,1,1,1,0,195.397598,1704.537964,33.332325,195.375000,1704.500000,33.250000,195.397598,1704.537964,33.332325,0.022598,0.037964,0.082325,0.000000,0.000000,0.000000,0.000046,0.000000,1,1,1,0
159.591431,0.016871,0,4104,100.0,203.007248,1668.663208,39.633907,203.029846,1668.701172,39.591232,0.000000,0.000000,0.000000,0.000000,0.000000,0.000000,203.029846,1668.701172,30.591232,0.022598,0.037964,-0.042675,0.022598,0.037964,-0.042675,-0.000109,-0.000028,0.000020,0.000000,0.000000,0.000000,0,1,0,0,0,0,177.272598,1691.412964,32.457325,177.250000,1691.375000,32.500000,177.272598,1691.412964,32.457325,0.022598,0.037964,-0.042675,0.000000,0.000000,0.000000,0.000052,0.000000,1,1,1,0,195.397598,1704.537964,33.332325,195.375000,1704.500000,33.375000,195.397598,1704.537964,33.332325,0.022598,0.037964,-0.042675,0.000000,0.000000,0.000000,0.000046,0.000000,1,1,1,0
159.601683,0.010252,0,4104,100.0,203.029846,1668.701172,39.591232,203.052444,1668.614136,39.548557,0.000000,0.000000,0.000000,0.000000,0.000000,0.000000,203.052444,1668.614136,30.548557,0.022598,-0.087036,-0.042675,0.022598,-0.087036,-0.042675,-0.000109,-0.000028,0.000020,0.000000,0.000000,0.000000,0,1,0,0,0,0,177.272598,1691.412964,32.457325,177.250000,1691.500000,32.500000,177.272598,1691.412964,32.457325,0.022598,-0.087036,-0.042675,0.000000,0.000000,0.000000,0.000052,0.000000,1,1,1,0,195.397598,1704.537964,33.332325,195.375000,1704.625000,33.375000,195.397598,1704.537964,33.332325,0.022598,-0.087036,-0.042675,0.000000,0.000000,0.000000,0.000046,0.000000,1,1,1,0
159.615443,0.013760,0,4104,100.0,203.052444,1668.614136,39.548557,203.075043,1668.652100,39.630882,0.000000,0.000000,0.000000,0.000000,0.000000,0.000000,203.075043,1668.652100,30.630882,0.022598,0.037964,0.082325,0.022598,0.037964,0.082325,-0.000109,-0.000028,0.000020,0.000000,0.000000,0.000000,0,1,0,0,0,0,177.272598,1691.412964,32.457325,177.250000,1691.375000,32.375000,177.272598,1691.412964,32.457325,0.022598,0.037964,0.082325,0.000000,0.000000,0.000000,0.000052,0.000000,1,1,1,0,195.397598,1704.537964,33.332325,195.375000,1704.500000,33.250000,195.397598,1704.537964,33.332325,0.022598,0.037964,0.082325,0.000000,0.000000,0.000000,0.000046,0.000000,1,1,1,0
159.630177,0.014734,0,4104,100.0,203.075043,1668.652100,39.630882,202.972641,1668.690063,39.588207,0.000000,0.000000,0.000000,0.000000,0.000000,0.000000,202.972641,1668.690063,30.588207,-0.102402,0.037964,-0.042675,-0.102402,0.037964,-0.042675,-0.000109,-0.000028,0.000020,0.000000,0.000000,0.000000,0,1,0,0,0,0,177.272598,1691.412964,32.457325,177.375000,1691.375000,32.500000,177.272598,1691.412964,32.457325,-0.102402,0.037964,-0.042675,0.000000,0.000000,0.000000,0.000052,0.000000,1,1,1,0,195.397598,1704.537964,33.332325,195.500000,1704.500000,33.375000,195.397598,1704.537964,33.332325,-0.102402,0.037964,-0.042675,0.000000,0.000000,0.000000,0.000046,0.000000,1,1,1,0
159.643402,0.013225,0,4104,100.0,202.972641,1668.690063,39.588207,202.995239,1668.603027,39.545532,0.000000,0.000000,0.000000,0.000000,0.000000,0.000000,202.995239,1668.603027,30.545532,0.022598,-0.087036,-0.042675,0.022598,-0.087036,-0.042675,-0.000109,-0.000028,0.000020,0.000000,0.000000,0.000000,0,1,0,0,0,0,177.272598,1691.412964,32.457325,177.250000,1691.500000,32.500000,177.272598,1691.412964,32.457325,0.022598,-0.087036,-0.042675,0.000000,0.000000,0.000000,0.000052,0.000000,1,1,1,0,195.397598,1704.537964,33.332325,195.375000,1704.625000,33.375000,195.397598,1704.537964,33.332325,0.022598,-0.087036,-0.042675,0.000000,0.000000,0.000000,0.000046,0.000000,1,1,1,0
159.656600,0.013198,0,4104,100.0,202.995239,1668.603027,39.545532,203.017838,1668.640991,39.627857,0.000000,0.000000,0.000000,0.000000,0.000000,0.000000,203.017838,1668.640991,30.627857,0.022598,0.037964,0.082325,0.022598,0.037964,0.082325,-0.000109,-0.000028,0.000020,0.000000,0.000000,0.000000,0,1,0,0,0,0,177.272598,1691.412964,32.457325,177.250000,1691.375000,32.375000,177.272598,1691.412964,32.457325,0.022598,0.037964,0.082325,0.000000,0.000000,0.000000,0.000052,0.000000,1,1,1,0,195.397598,1704.537964,33.332325,195.375000,1704.500000,33.250000,195.397598,1704.537964,33.332325,0.022598,0.037964,0.082325,0.000000,0.000000,0.000000,0.000046,0.000000,1,1,1,0
159.671843,0.015243,0,4104,100.0,203.017838,1668.640991,39.627857,203.040436,1668.678955,39.585182,0.000000,0.000000,0.000000,0.000000,0.000000,0.000000,203.040436,1668.678955,30.585182,0.022598,0.037964,-0.042675,0.022598,0.037964,-0.042675,-0.000109,-0.000028,0.000020,0.000000,0.000000,0.000000,0,1,0,0,0,0,177.272598,1691.412964,32.457325,177.250000,1691.375000,32.500000,177.272598,1691.412964,32.457325,0.022598,0.037964,-0.042675,0.000000,0.000000,0.000000,0.000052,0.000000,1,1,1,0,195.397598,1704.537964,33.332325,195.375000,1704.500000,33.375000,195.397598,1704.537964,33.332325,0.022598,0.037964,-0.042675,0.000000,0.000000,0.000000,0.000046,0.000000,1,1,1,0
159.684492,0.012649,0,4104,100.0,203.040436,1668.678955,39.585182,203.063034,1668.716919,39.542507,0.000000,0.000000,0.000000,0.000000,0.000000,0.000000,203.063034,1668.716919,30.542507,0.022598,0.037964,-0.042675,0.022598,0.037964,-0.042675,-0.000109,-0.000028,0.000020,0.000000,0.000000,0.000000,0,1,0,0,0,0,177.272598,1691.412964,32.457325,177.250000,1691.375000,32.500000,177.272598,1691.412964,32.457325,0.022598,0.037964,-0.042675,0.000000,0.000000,0.000000,0.000052,0.000000,1,1,1,0,195.397598,1704.537964,33.332325,195.375000,1704.500000,33.375000,195.397598,1704.537964,33.332325,0.022598,0.037964,-0.042675,0.000000,0.000000,0.000000,0.000046,0.000000,1,1,1,0
159.698145,0.013653,0,4104,100.0,203.063034,1668.716919,39.542507,202.960632,1668.629883,39.624832,0.000000,0.000000,0.000000,0.000000,0.000000,0.000000,202.960632,1668.629883,30.624832,-0.102402,-0.087036,0.082325,-0.102402,-0.087036,0.082325,-0.000109,-0.000028,0.000020,0.000000,0.000000,0.000000,0,1,0,0,0,0,177.272598,1691.412964,32.457325,177.375000,1691.500000,32.375000,177.272598,1691.412964,32.457325,-0.102402,-0.087036,0.082325,0.000000,0.000000,0.000000,0.000052,0.000000,1,1,1,0,195.397598,1704.537964,33.332325,195.500000,1704.625000,33.250000,195.397598,1704.537964,33.332325,-0.102402,-0.087036,0.082325,0.000000,0.000000,0.000000,0.000046,0.000000,1,1,1,0
159.712835,0.014690,0,4104,100.0,202.960632,1668.629883,39.624832,202.983231,1668.667847,39.582157,0.000000,0.000000,0.000000,0.000000,0.000000,0.000000,202.983231,1668.667847,30.582157,0.022598,0.037964,-0.042675,0.022598,0.037964,-0.042675,-0.000109,-0.000028,0.000020,0.000000,0.000000,0.000000,0,1,0,0,0,0,177.272598,1691.412964,32.457325,177.250000,1691.375000,32.500000,177.272598,1691.412964,32.457325,0.022598,0.037964,-0.042675,0.000000,0.000000,0.000000,0.000052,0.000000,1,1,1,0,195.397598,1704.537964,33.332325,195.375000,1704.500000,33.375000,195.397598,1704.537964,33.332325,0.022598,0.037964,-0.042675,0.000000,0.000000,0.000000,0.000046,0.000000,1,1,1,0
159.726005,0.013170,0,4104,100.0,202.983231,1668.667847,39.582157,203.005829,1668.705811,39.539482,0.000000,0.000000,0.000000,0.000000,0.000000,0.000000,203.005829,1668.705811,30.539482,0.022598,0.037964,-0.042675,0.022598,0.037964,-0.042675,-0.000109,-0.000028,0.000020,0.000000,0.000000,0.000000,0,1,0,0,0,0,177.272598,1691.412964,32.457325,177.250000,1691.375000,32.500000,177.272598,1691.412964,32.457325,0.022598,0.037964,-0.042675,0.000000,0.000000,0.000000,0.000052,0.000000,1,1,1,0,195.397598,1704.537964,33.332325,195.375000,1704.500000,33.375000,195.397598,1704.537964,33.332325,0.022598,0.037964,-0.042675,0.000000,0.000000,0.000000,0.000046,0.000000,1,1,1,0
159.740202,0.014197,0,4104,100.0,203.005829,1668.705811,39.539482,203.028427,1668.618774,39.621807,0.000000,0.000000,0.000000,0.000000,0.000000,0.000000,203.028427,1668.618774,30.621807,0.022598,-0.087036,0.082325,0.022598,-0.087036,0.082325,-0.000109,-0.000028,0.000020,0.000000,0.000000,0.000000,0,1,0,0,0,0,177.272598,1691.412964,32.457325,177.250000,1691.500000,32.375000,177.272598,1691.412964,32.457325,0.022598,-0.087036,0.082325,0.000000,0.000000,0.000000,0.000052,0.000000,1,1,1,0,195.397598,1704.537964,33.332325,195.375000,1704.625000,33.250000,195.397598,1704.537964,33.332325,0.022598,-0.087036,0.082325,0.000000,0.000000,0.000000,0.000046,0.000000,1,1,1,0
159.754443,0.014241,0,4104,100.0,203.028427,1668.618774,39.621807,203.051025,1668.656738,39.579132,0.000000,0.000000,0.000000,0.000000,0.000000,0.000000,203.051025,1668.656738,30.579132,0.022598,0.037964,-0.042675,0.022598,0.037964,-0.042675,-0.000109,-0.000028,0.000020,0.000000,0.000000,0.000000,0,1,0,0,0,0,177.272598,1691.412964,32.457325,177.250000,1691.375000,32.500000,177.272598,1691.412964,32.457325,0.022598,0.037964,-0.042675,0.000000,0.000000,0.000000,0.000052,0.000000,1,1,1,0,195.397598,1704.537964,33.332325,195.375000,1704.500000,33.375000,195.397598,1704.537964,33.332325,0.022598,0.037964,-0.042675,0.000000,0.000000,0.000000,0.000046,0.000000,1,1,1,0
159.768117,0.013674,0,4104,100.0,203.051025,1668.656738,39.579132,203.073624,1668.694702,39.536457,0.000000,0.000000,0.000000,0.000000,0.000000,0.000000,203.073624,1668.694702,30.536457,0.022598,0.037964,-0.042675,0.022598,0.037964,-0.042675,-0.000109,-0.000028,0.000020,0.000000,0.000000,0.000000,0,1,0,0,0,0,177.272598,1691.412964,32.457325,177.250000,1691.375000,32.500000,177.272598,1691.412964,32.457325,0.022598,0.037964,-0.042675,0.000000,0.000000,0.000000,0.000052,0.000000,1,1,1,0,195.397598,1704.537964,33.332325,195.375000,1704.500000,33.375000,195.397598,1704.537964,33.332325,0.022598,0.037964,-0.042675,0.000000,0.000000,0.000000,0.000046,0.000000,1,1,1,0
159.781788,0.013672,0,4104,100.0,203.073624,1668.694702,39.536457,202.971222,1668.607666,39.618782,0.000000,0.000000,0.000000,0.000000,0.000000,0.000000,202.971222,1668.607666,30.618782,-0.102402,-0.087036,0.082325,-0.102402,-0.087036,0.082325,-0.000109,-0.000028,0.000020,0.000000,0.000000,0.000000,0,1,0,0,0,0,177.272598,1691.412964,32.457325,177.375000,1691.500000,32.375000,177.272598,1691.412964,32.457325,-0.102402,-0.087036,0.082325,0.000000,0.000000,0.000000,0.000052,0.000000,1,1,1,0,195.397598,1704.537964,33.332325,195.500000,1704.625000,33.250000,195.397598,1704.537964,33.332325,-0.102402,-0.087036,0.082325,0.000000,0.000000,0.000000,0.000046,0.000000,1,1,1,0
159.796450,0.014662,0,4104,100.0,202.971222,1668.607666,39.618782,202.993820,1668.645630,39.576107,0.000000,0.000000,0.000000,0.000000,0.000000,0.000000,202.993820,1668.645630,30.576107,0.022598,0.037964,-0.042675,0.022598,0.037964,-0.042675,-0.000109,-0.000028,0.000020,0.000000,0.000000,0.000000,0,1,0,0,0,0,177.272598,1691.412964,32.457325,177.250000,1691.375000,32.500000,177.272598,1691.412964,32.457325,0.022598,0.037964,-0.042675,0.000000,0.000000,0.000000,0.000052,0.000000,1,1,1,0,195.397598,1704.537964,33.332325,195.375000,1704.500000,33.375000,195.397598,1704.537964,33.332325,0.022598,0.037964,-0.042675,0.000000,0.000000,0.000000,0.000046,0.000000,1,1,1,0
159.809618,0.013168,0,4104,100.0,202.993820,1668.645630,39.576107,203.016418,1668.683594,39.533432,0.000000,0.000000,0.000000,0.000000,0.000000,0.000000,203.016418,1668.683594,30.533432,0.022598,0.037964,-0.042675,0.022598,0.037964,-0.042675,-0.000109,-0.000028,0.000020,0.000000,0.000000,0.000000,0,1,0,0,0,0,177.272598,1691.412964,32.457325,177.250000,1691.375000,32.500000,177.272598,1691.412964,32.457325,0.022598,0.037964,-0.042675,0.000000,0.000000,0.000000,0.000052,0.000000,1,1,1,0,195.397598,1704.537964,33.332325,195.375000,1704.500000,33.375000,195.397598,1704.537964,33.332325,0.022598,0.037964,-0.042675,0.000000,0.000000,0.000000,0.000046,0.000000,1,1,1,0
159.823324,0.013706,0,4104,100.0,203.016418,1668.683594,39.533432,203.039017,1668.721558,39.615757,0.000000,0.000000,0.000000,0.000000,0.000000,0.000000,203.039017,1668.721558,30.615757,0.022598,0.037964,0.082325,0.022598,0.037964,0.082325,-0.000109,-0.000028,0.000020,0.000000,0.000000,0.000000,0,1,0,0,0,0,177.272598,1691.412964,32.457325,177.250000,1691.375000,32.375000,177.272598,1691.412964,32.457325,0.022598,0.037964,0.082325,0.000000,0.000000,0.000000,0.000052,0.000000,1,1,1,0,195.397598,1704.537964,33.332325,195.375000,1704.500000,33.250000,195.397598,1704.537964,33.332325,0.022598,0.037964,0.082325,0.000000,0.000000,0.000000,0.000046,0.000000,1,1,1,0
159.837547,0.014223,0,4104,100.0,203.039017,1668.721558,39.615757,203.061615,1668.634521,39.573082,0.000000,0.000000,0.000000,0.000000,0.000000,0.000000,203.061615,1668.634521,30.573082,0.022598,-0.087036,-0.042675,0.022598,-0.087036,-0.042675,-0.000109,-0.000028,0.000020,0.000000,0.000000,0.000000,0,1,0,0,0,0,177.272598,1691.412964,32.457325,177.250000,1691.500000,32.500000,177.272598,1691.412964,32.457325,0.022598,-0.087036,-0.042675,0.000000,0.000000,0.000000,0.000052,0.000000,1,1,1,0,195.397598,1704.537964,33.332325,195.375000,1704.625000,33.375000,195.397598,1704.537964,33.332325,0.022598,-0.087036,-0.042675,0.000000,0.000000,0.000000,0.000046,0.000000,1,1,1,0
159.851745,0.014198,0,4104,100.0,203.061615,1668.634521,39.573082,203.084213,1668.672485,39.530407,0.000000,0.000000,0.000000,0.000000,0.000000,0.000000,203.084213,1668.672485,30.530407,0.022598,0.037964,-0.042675,0.022598,0.037964,-0.042675,-0.000109,-0.000028,0.000020,0.000000,0.000000,0.000000,0,1,0,0,0,0,177.272598,1691.412964,32.457325,177.250000,1691.375000,32.500000,177.272598,1691.412964,32.457325,0.022598,0.037964,-0.042675,0.000000,0.000000,0.000000,0.000052,0.000000,1,1,1,0,195.397598,1704.537964,33.332325,195.375000,1704.500000,33.375000,195.397598,1704.537964,33.332325,0.022598,0.037964,-0.042675,0.000000,0.000000,0.000000,0.000046,0.000000,1,1,1,0
159.864916,0.013172,0,4104,100.0,203.084213,1668.672485,39.530407,202.981812,1668.710449,39.612732,0.000000,0.000000,0.000000,0.000000,0.000000,0.000000,202.981812,1668.710449,30.612732,-0.102402,0.037964,0.082325,-0.102402,0.037964,0.082325,-0.000109,-0.000028,0.000020,0.000000,0.000000,0.000000,0,1,0,0,0,0,177.272598,1691.412964,32.457325,177.375000,1691.375000,32.375000,177.272598,1691.412964,32.457325,-0.102402,0.037964,0.082325,0.000000,0.000000,0.000000,0.000052,0.000000,1,1,1,0,195.397598,1704.537964,33.332325,195.500000,1704.500000,33.250000,195.397598,1704.537964,33.332325,-0.102402,0.037964,0.082325,0.000000,0.000000,0.000000,0.000046,0.000000,1,1,1,0
159.878641,0.013724,0,4104,100.0,202.981812,1668.710449,39.612732,203.004410,1668.623413,39.570057,0.000000,0.000000,0.000000,0.000000,0.000000,0.000000,203.004410,1668.623413,30.570057,0.022598,-0.087036,-0.042675,0.022598,-0.087036,-0.042675,-0.000109,-0.000028,0.000020,0.000000,0.000000,0.000000,0,1,0,0,0,0,177.272598,1691.412964,32.457325,177.250000,1691.500000,32.500000,177.272598,1691.412964,32.457325,0.022598,-0.087036,-0.042675,0.000000,0.000000,0.000000,0.000052,0.000000,1,1,1,0,195.397598,1704.537964,33.332325,195.375000,1704.625000,33.375000,195.397598,1704.537964,33.332325,0.022598,-0.087036,-0.042675,0.000000,0.000000,0.000000,0.000046,0.000000,1,1,1,0
159.892815,0.014174,0,4104,100.0,203.004410,1668.623413,39.570057,203.027008,1668.661377,39.527382,0.000000,0.000000,0.000000,0.000000,0.000000,0.000000,203.027008,1668.661377,30.527382,0.022598,0.037964,-0.042675,0.022598,0.037964,-0.042675,-0.000109,-0.000028,0.000020,0.000000,0.000000,0.000000,0,1,0,0,0,0,177.272598,1691.412964,32.457325,177.250000,1691.375000,32.500000,177.272598,1691.412964,32.457325,0.022598,0.037964,-0.042675,0.000000,0.000000,0.000000,0.000052,0.000000,1,1,1,0,195.397598,1704.537964,33.332325,195.375000,1704.500000,33.375000,195.397598,1704.537964,33.332325,0.022598,0.037964,-0.042675,0.000000,0.000000,0.000000,0.000046,0.000000,1,1,1,0
159.907496,0.014681,0,4104,100.0,203.027008,1668.661377,39.527382,203.049606,1668.699341,39.609707,0.000000,0.000000,0.000000,0.000000,0.000000,0.000000,203.049606,1668.699341,30.609707,0.022598,0.037964,0.082325,0.022598,0.037964,0.082325,-0.000109,-0.000028,0.000020,0.000000,0.000000,0.000000,0,1,0,0,0,0,177.272598,1691.412964,32.457325,177.250000,1691.375000,32.375000,177.272598,1691.412964,32.457325,0.022598,0.037964,0.082325,0.000000,0.000000,0.000000,0.000052,0.000000,1,1,1,0,195.397598,1704.537964,33.332325,195.375000,1704.500000,33.250000,195.397598,1704.537964,33.332325,0.022598,0.037964,0.082325,0.000000,0.000000,0.000000,0.000046,0.000000,1,1,1,0
159.921747,0.014252,0,4104,100.0,203.049606,1668.699341,39.609707,203.072205,1668.612305,39.567032,0.000000,0.000000,0.000000,0.000000,0.000000,0.000000,203.072205,1668.612305,30.567032,0.022598,-0.087036,-0.042675,0.022598,-0.087036,-0.042675,-0.000109,-0.000028,0.000020,0.000000,0.000000,0.000000,0,1,0,0,0,0,177.272598,1691.412964,32.457325,177.250000,1691.500000,32.500000,177.272598,1691.412964,32.457325,0.022598,-0.087036,-0.042675,0.000000,0.000000,0.000000,0.000052,0.000000,1,1,1,0,195.397598,1704.537964,33.332325,195.375000,1704.625000,33.375000,195.397598,1704.537964,33.332325,0.022598,-0.087036,-0.042675,0.000000,0.000000,0.000000,0.000046,0.000000,1,1,1,0
159.934913,0.013165,0,4104,100.0,203.072205,1668.612305,39.567032,202.969803,1668.650269,39.524357,0.000000,0.000000,0.000000,0.000000,0.000000,0.000000,202.969803,1668.650269,30.524357,-0.102402,0.037964,-0.042675,-0.102402,0.037964,-0.042675,-0.000109,-0.000028,0.000020,0.000000,0.000000,0.000000,0,1,0,0,0,0,177.272598,1691.412964,32.457325,177.375000,1691.375000,32.500000,177.272598,1691.412964,32.457325,-0.102402,0.037964,-0.042675,0.000000,0.000000,0.000000,0.000052,0.000000,1,1,1,0,195.397598,1704.537964,33.332325,195.500000,1704.500000,33.375000,195.397598,1704.537964,33.332325,-0.102402,0.037964,-0.042675,0.000000,0.000000,0.000000,0.000046,0.000000,1,1,1,0
159.949761,0.014849,0,4104,100.0,202.969803,1668.650269,39.524357,202.992401,1668.688232,39.606682,0.000000,0.000000,0.000000,0.000000,0.000000,0.000000,202.992401,1668.688232,30.606682,0.022598,0.037964,0.082325,0.022598,0.037964,0.082325,-0.000109,-0.000028,0.000020,0.000000,0.000000,0.000000,0,1,0,0,0,0,177.272598,1691.412964,32.457325,177.250000,1691.375000,32.375000,177.272598,1691.412964,32.457325,0.022598,0.037964,0.082325,0.000000,0.000000,0.000000,0.000052,0.000000,1,1,1,0,195.397598,1704.537964,33.332325,195.375000,1704.500000,33.250000,195.397598,1704.537964,33.332325,0.022598,0.037964,0.082325,0.000000,0.000000,0.000000,0.000046,0.000000,1,1,1,0
159.963000,0.013238,0,4104,100.0,202.992401,1668.688232,39.606682,203.014999,1668.601196,39.564007,0.000000,0.000000,0.000000,0.000000,0.000000,0.000000,203.014999,1668.601196,30.564007,0.022598,-0.087036,-0.042675,0.022598,-0.087036,-0.042675,-0.000109,-0.000028,0.000020,0.000000,0.000000,0.000000,0,1,0,0,0,0,177.272598,1691.412964,32.457325,177.250000,1691.500000,32.500000,177.272598,1691.412964,32.457325,0.022598,-0.087036,-0.042675,0.000000,0.000000,0.000000,0.000052,0.000000,1,1,1,0,195.397598,1704.537964,33.332325,195.375000,1704.625000,33.375000,195.397598,1704.537964,33.332325,0.022598,-0.087036,-0.042675,0.000000,0.000000,0.000000,0.000046,0.000000,1,1,1,0
159.977939,0.014940,0,4104,100.0,203.014999,1668.601196,39.564007,203.037598,1668.639160,39.521332,0.000000,0.000000,0.000000,0.000000,0.000000,0.000000,203.037598,1668.639160,30.521332,0.022598,0.037964,-0.042675,0.022598,0.037964,-0.042675,-0.000109,-0.000028,0.000020,0.000000,0.000000,0.000000,0,1,0,0,0,0,177.272598,1691.412964,32.457325,177.250000,1691.375000,32.500000,177.272598,1691.412964,32.457325,0.022598,0.037964,-0.042675,0.000000,0.000000,0.000000,0.000052,0.000000,1,1,1,0,195.397598,1704.537964,33.332325,195.375000,1704.500000,33.375000,195.397598,1704.537964,33.332325,0.022598,0.037964,-0.042675,0.000000,0.000000,0.000000,0.000046,0.000000,1,1,1,0
159.991449,0.013510,0,4104,100.0,203.037598,1668.639160,39.521332,203.060196,1668.677124,39.603657,0.000000,0.000000,0.000000,0.000000,0.000000,0.000000,203.060196,1668.677124,30.603657,0.022598,0.037964,0.082325,0.022598,0.037964,0.082325,-0.000109,-0.000028,0.000020,0.000000,0.000000,0.000000,0,1,0,0,0,0,177.272598,1691.412964,32.457325,177.250000,1691.375000,32.375000,177.272598,1691.412964,32.457325,0.022598,0.037964,0.082325,0.000000,0.000000,0.000000,0.000052,0.000000,1,1,1,0,195.397598,1704.537964,33.332325,195.375000,1704.500000,33.250000,195.397598,1704.537964,33.332325,0.022598,0.037964,0.082325,0.000000,0.000000,0.000000,0.000046,0.000000,1,1,1,0
160.004875,0.013426,0,4104,100.0,203.060196,1668.677124,39.603657,203.082794,1668.715088,39.560982,0.000000,0.000000,0.000000,0.000000,0.000000,0.000000,203.082794,1668.715088,30.560982,0.022598,0.037964,-0.042675,0.022598,0.037964,-0.042675,-0.000109,-0.000028,0.000020,0.000000,0.000000,0.000000,0,1,0,0,0,0,177.272598,1691.412964,32.457325,177.250000,1691.375000,32.500000,177.272598,1691.412964,32.457325,0.022598,0.037964,-0.042675,0.000000,0.000000,0.000000,0.000052,0.000000,1,1,1,0,195.397598,1704.537964,33.332325,195.375000,1704.500000,33.375000,195.397598,1704.537964,33.332325,0.022598,0.037964,-0.042675,0.000000,0.000000,0.000000,0.000046,0.000000,1,1,1,0
160.019906,0.015031,0,4104,100.0,203.082794,1668.715088,39.560982,202.980392,1668.628052,39.643307,0.000000,0.000000,0.000000,0.000000,0.000000,0.000000,202.980392,1668.628052,30.643307,-0.102402,-0.087036,0.082325,-0.102402,-0.087036,0.082325,-0.000109,-0.000028,0.000020,0.000000,0.000000,0.000000,0,1,0,0,0,0,177.272598,1691.412964,32.457325,177.375000,1691.500000,32.375000,177.272598,1691.412964,32.457325,-0.102402,-0.087036,0.082325,0.000000,0.000000,0.000000,0.000052,0.000000,1,1,1,0,195.397598,1704.537964,33.332325,195.500000,1704.625000,33.250000,195.397598,1704.537964,33.332325,-0.102402,-0.087036,0.082325,0.000000,0.000000,0.000000,0.000046,0.000000,1,1,1,0
160.033305,0.013399,0,4104,100.0,202.980392,1668.628052,39.643307,203.002991,1668.666016,39.600632,0.000000,0.000000,0.000000,0.000000,0.000000,0.000000,203.002991,1668.666016,30.600632,0.022598,0.037964,-0.042675,0.022598,0.037964,-0.042675,-0.000109,-0.000028,0.000020,0.000000,0.000000,0.000000,0,1,0,0,0,0,177.272598,1691.412964,32.457325,177.250000,1691.375000,32.500000,177.272598,1691.412964,32.457325,0.022598,0.037964,-0.042675,0.000000,0.000000,0.000000,0.000052,0.000000,1,1,1,0,195.397598,1704.537964,33.332325,195.375000,1704.500000,33.375000,195.397598,1704.537964,33.332325,0.022598,0.037964,-0.042675,0.000000,0.000000,0.000000,0.000046,0.000000,1,1,1,0
160.046143,0.012838,0,4104,100.0,203.002991,1668.666016,39.600632,203.025589,1668.703979,39.557957,0.000000,0.000000,0.000000,0.000000,0.000000,0.000000,203.025589,1668.703979,30.557957,0.022598,0.037964,-0.042675,0.022598,0.037964,-0.042675,-0.000109,-0.000028,0.000020,0.000000,0.000000,0.000000,0,1,0,0,0,0,177.272598,1691.412964,32.457325,177.250000,1691.375000,32.500000,177.272598,1691.412964,32.457325,0.022598,0.037964,-0.042675,0.000000,0.000000,0.000000,0.000052,0.000000,1,1,1,0,195.397598,1704.537964,33.332325,195.375000,1704.500000,33.375000,195.397598,1704.537964,33.332325,0.022598,0.037964,-0.042675,0.000000,0.000000,0.000000,0.000046,0.000000,1,1,1,0
160.059738,0.013595,0,4104,100.0,203.025589,1668.703979,39.557957,203.048187,1668.616943,39.640282,0.000000,0.000000,0.000000,0.000000,0.000000,0.000000,203.048187,1668.616943,30.640282,0.022598,-0.087036,0.082325,0.022598,-0.087036,0.082325,-0.000109,-0.000028,0.000020,0.000000,0.000000,0.000000,0,1,0,0,0,0,177.272598,1691.412964,32.457325,177.250000,1691.500000,32.375000,177.272598,1691.412964,32.457325,0.022598,-0.087036,0.082325,0.000000,0.000000,0.000000,0.000052,0.000000,1,1,1,0,195.397598,1704.537964,33.332325,195.375000,1704.625000,33.250000,195.397598,1704.537964,33.332325,0.022598,-0.087036,0.082325,0.000000,0.000000,0.000000,0.000046,0.000000,1,1,1,0
160.074656,0.014919,0,4104,100.0,203.048187,1668.616943,39.640282,203.070786,1668.654907,39.597607,0.000000,0.000000,0.000000,0.000000,0.000000,0.000000,203.070786,1668.654907,30.597607,0.022598,0.037964,-0.042675,0.022598,0.037964,-0.042675,-0.000109,-0.000028,0.000020,0.000000,0.000000,0.000000,0,1,0,0,0,0,177.272598,1691.412964,32.457325,177.250000,1691.375000,32.500000,177.272598,1691.412964,32.457325,0.022598,0.037964,-0.042675,0.000000,0.000000,0.000000,0.000052,0.000000,1,1,1,0,195.397598,1704.537964,33.332325,195.375000,1704.500000,33.375000,195.397598,1704.537964,33.332325,0.022598,0.037964,-0.042675,0.000000,0.000000,0.000000,0.000046,0.000000,1,1,1,0
160.088040,0.013384,0,4104,100.0,203.070786,1668.654907,39.597607,202.968384,1668.692871,39.554932,0.000000,0.000000,0.000000,0.000000,0.000000,0.000000,202.968384,1668.692871,30.554932,-0.102402,0.037964,-0.042675,-0.102402,0.037964,-0.042675,-0.000109,-0.000028,0.000020,0.000000,0.000000,0.000000,0,1,0,0,0,0,177.272598,1691.412964,32.457325,177.375000,1691.375000,32.500000,177.272598,1691.412964,32.457325,-0.102402,0.037964,-0.042675,0.000000,0.000000,0.000000,0.000052,0.000000,1,1,1,0,195.397598,1704.537964,33.332325,195.500000,1704.500000,33.375000,195.397598,1704.537964,33.332325,-0.102402,0.037964,-0.042675,0.000000,0.000000,0.000000,0.000046,0.000000,1,1,1,0
160.101842,0.013802,0,4104,100.0,202.968384,1668.692871,39.554932,202.990982,1668.605835,39.637257,0.000000,0.000000,0.000000,0.000000,0.000000,0.000000,202.990982,1668.605835,30.637257,0.022598,-0.087036,0.082325,0.022598,-0.087036,0.082325,-0.000109,-0.000028,0.000020,0.000000,0.000000,0.000000,0,1,0,0,0,0,177.272598,1691.412964,32.457325,177.250000,1691.500000,32.375000,177.272598,1691.412964,32.457325,0.022598,-0.087036,0.082325,0.000000,0.000000,0.000000,0.000052,0.000000,1,1,1,0,195.397598,1704.537964,33.332325,195.375000,1704.625000,33.250000,195.397598,1704.537964,33.332325,0.022598,-0.087036,0.082325,0.000000,0.000000,0.000000,0.000046,0.000000,1,1,1,0
160.115857,0.014015,0,4104,100.0,202.990982,1668.605835,39.637257,203.013580,1668.643799,39.594582,0.000000,0.000000,0.000000,0.000000,0.000000,0.000000,203.013580,1668.643799,30.594582,0.022598,0.037964,-0.042675,0.022598,0.037964,-0.042675,-0.000109,-0.000028,0.000020,0.000000,0.000000,0.000000,0,1,0,0,0,0,177.272598,1691.412964,32.457325,177.250000,1691.375000,32.500000,177.272598,1691.412964,32.457325,0.022598,0.037964,-0.042675,0.000000,0.000000,0.000000,0.000052,0.000000,1,1,1,0,195.397598,1704.537964,33.332325,195.375000,1704.500000,33.375000,195.397598,1704.537964,33.332325,0.022598,0.037964,-0.042675,0.000000,0.000000,0.000000,0.000046,0.000000,1,1,1,0
160.129774,0.013917,0,4104,100.0,203.013580,1668.643799,39.594582,203.036179,1668.681763,39.551907,0.000000,0.000000,0.000000,0.000000,0.000000,0.000000,203.036179,1668.681763,30.551907,0.022598,0.037964,-0.042675,0.022598,0.037964,-0.042675,-0.000109,-0.000028,0.000020,0.000000,0.000000,0.000000,0,1,0,0,0,0,177.272598,1691.412964,32.457325,177.250000,1691.375000,32.500000,177.272598,1691.412964,32.457325,0.022598,0.037964,-0.042675,0.000000,0.000000,0.000000,0.000052,0.000000,1,1,1,0,195.397598,1704.537964,33.332325,195.375000,1704.500000,33.375000,195.397598,1704.537964,33.332325,0.022598,0.037964,-0.042675,0.000000,0.000000,0.000000,0.000046,0.000000,1,1,1,0
160.143646,0.013872,0,4104,100.0,203.036179,1668.681763,39.551907,203.058777,1668.719727,39.634232,0.000000,0.000000,0.000000,0.000000,0.000000,0.000000,203.058777,1668.719727,30.634232,0.022598,0.037964,0.082325,0.022598,0.037964,0.082325,-0.000109,-0.000028,0.000020,0.000000,0.000000,0.000000,0,1,0,0,0,0,177.272598,1691.412964,32.457325,177.250000,1691.375000,32.375000,177.272598,1691.412964,32.457325,0.022598,0.037964,0.082325,0.000000,0.000000,0.000000,0.000052,0.000000,1,1,1,0,195.397598,1704.537964,33.332325,195.375000,1704.500000,33.250000,195.397598,1704.537964,33.332325,0.022598,0.037964,0.082325,0.000000,0.000000,0.000000,0.000046,0.000000,1,1,1,0
160.157603,0.013957,0,4104,100.0,203.058777,1668.719727,39.634232,203.081375,1668.632690,39.591557,0.000000,0.000000,0.000000,0.000000,0.000000,0.000000,203.081375,1668.632690,30.591557,0.022598,-0.087036,-0.042675,0.022598,-0.087036,-0.042675,-0.000109,-0.000028,0.000020,0.000000,0.000000,0.000000,0,1,0,0,0,0,177.272598,1691.412964,32.457325,177.250000,1691.500000,32.500000,177.272598,1691.412964,32.457325,0.022598,-0.087036,-0.042675,0.000000,0.000000,0.000000,0.000052,0.000000,1,1,1,0,195.397598,1704.537964,33.332325,195.375000,1704.625000,33.375000,195.397598,1704.537964,33.332325,0.022598,-0.087036,-0.042675,0.000000,0.000000,0.000000,0.000046,0.000000,1,1,1,0
160.172157,0.014554,0,4104,100.0,203.081375,1668.632690,39.591557,202.978973,1668.670654,39.548882,0.000000,0.000000,0.000000,0.000000,0.000000,0.000000,202.978973,1668.670654,30.548882,-0.102402,0.037964,-0.042675,-0.102402,0.037964,-0.042675,-0.000109,-0.000028,0.000020,0.000000,0.000000,0.000000,0,1,0,0,0,0,177.272598,1691.412964,32.457325,177.375000,1691.375000,32.500000,177.272598,1691.412964,32.457325,-0.102402,0.037964,-0.042675,0.000000,0.000000,0.000000,0.000052,0.000000,1,1,1,0,195.397598,1704.537964,33.332325,195.500000,1704.500000,33.375000,195.397598,1704.537964,33.332325,-0.102402,0.037964,-0.042675,0.000000,0.000000,0.000000,0.000046,0.000000,1,1,1,0
160.185939,0.013782,0,4104,100.0,202.978973,1668.670654,39.548882,203.001572,1668.708618,39.631207,0.000000,0.000000,0.000000,0.000000,0.000000,0.000000,203.001572,1668.708618,30.631207,0.022598,0.037964,0.082325,0.022598,0.037964,0.082325,-0.000109,-0.000028,0.000020,0.000000,0.000000,0.000000,0,1,0,0,0,0,177.272598,1691.412964,32.457325,177.250000,1691.375000,32.375000,177.272598,1691.412964,32.457325,0.022598,0.037964,0.082325,0.000000,0.000000,0.000000,0.000052,0.000000,1,1,1,0,195.397598,1704.537964,33.332325,195.375000,1704.500000,33.250000,195.397598,1704.537964,33.332325,0.022598,0.037964,0.082325,0.000000,0.000000,0.000000,0.000046,0.000000,1,1,1,0
160.198850,0.012911,0,4104,100.0,203.001572,1668.708618,39.631207,203.024170,1668.621582,39.588531,0.000000,0.000000,0.000000,0.000000,0.000000,0.000000,203.024170,1668.621582,30.588531,0.022598,-0.087036,-0.042675,0.022598,-0.087036,-0.042675,-0.000109,-0.000028,0.000020,0.000000,0.000000,0.000000,0,1,0,0,0,0,177.272598,1691.412964,32.457325,177.250000,1691.500000,32.500000,177.272598,1691.412964,32.457325,0.022598,-0.087036,-0.042675,0.000000,0.000000,0.000000,0.000052,0.000000,1,1,1,0,195.397598,1704.537964,33.332325,195.375000,1704.625000,33.375000,195.397598,1704.537964,33.332325,0.022598,-0.087036,-0.042675,0.000000,0.000000,0.000000,0.000046,0.000000,1,1,1,0
160.212843,0.013993,0,4104,100.0,203.024170,1668.621582,39.588531,203.046768,1668.659546,39.545856,0.000000,0.000000,0.000000,0.000000,0.000000,0.000000,203.046768,1668.659546,30.545856,0.022598,0.037964,-0.042675,0.022598,0.037964,-0.042675,-0.000109,-0.000028,0.000020,0.000000,0.000000,0.000000,0,1,0,0,0,0,177.272598,1691.412964,32.457325,177.250000,1691.375000,32.500000,177.272598,1691.412964,32.457325,0.022598,0.037964,-0.042675,0.000000,0.000000,0.000000,0.000052,0.000000,1,1,1,0,195.397598,1704.537964,33.332325,195.375000,1704.500000,33.375000,195.397598,1704.537964,33.332325,0.022598,0.037964,-0.042675,0.000000,0.000000,0.000000,0.000046,0.000000,1,1,1,0
160.226579,0.013736,0,4104,100.0,203.046768,1668.659546,39.545856,203.069366,1668.697510,39.628181,0.000000,0.000000,0.000000,0.000000,0.000000,0.000000,203.069366,1668.697510,30.628181,0.022598,0.037964,0.082325,0.022598,0.037964,0.082325,-0.000109,-0.000028,0.000020,0.000000,0.000000,0.000000,0,1,0,0,0,0,177.272598,1691.412964,32.457325,177.250000,1691.375000,32.375000,177.272598,1691.412964,32.457325,0.022598,0.037964,0.082325,0.000000,0.000000,0.000000,0.000052,0.000000,1,1,1,0,195.397598,1704.537964,33.332325,195.375000,1704.500000,33.250000,195.397598,1704.537964,33.332325,0.022598,0.037964,0.082325,0.000000,0.000000,0.000000,0.000046,0.000000,1,1,1,0
160.240392,0.013813,0,4104,100.0,203.069366,1668.697510,39.628181,202.966965,1668.610474,39.585506,0.000000,0.000000,0.000000,0.000000,0.000000,0.000000,202.966965,1668.610474,30.585506,-0.102402,-0.087036,-0.042675,-0.102402,-0.087036,-0.042675,-0.000109,-0.000028,0.000020,0.000000,0.000000,0.000000,0,1,0,0,0,0,177.272598,1691.412964,32.457325,177.375000,1691.500000,32.500000,177.272598,1691.412964,32.457325,-0.102402,-0.087036,-0.042675,0.000000,0.000000,0.000000,0.000052,0.000000,1,1,1,0,195.397598,1704.537964,33.332325,195.500000,1704.625000,33.375000,195.397598,1704.537964,33.332325,-0.102402,-0.087036,-0.042675,0.000000,0.000000,0.000000,0.000046,0.000000,1,1,1,0
160.254243,0.013850,0,4104,100.0,202.966965,1668.610474,39.585506,202.989563,1668.648438,39.542831,0.000000,0.000000,0.000000,0.000000,0.000000,0.000000,202.989563,1668.648438,30.542831,0.022598,0.037964,-0.042675,0.022598,0.037964,-0.042675,-0.000109,-0.000028,0.000020,0.000000,0.000000,0.000000,0,1,0,0,0,0,177.272598,1691.412964,32.457325,177.250000,1691.375000,32.500000,177.272598,1691.412964,32.457325,0.022598,0.037964,-0.042675,0.000000,0.000000,0.000000,0.000052,0.000000,1,1,1,0,195.397598,1704.537964,33.332325,195.375000,1704.500000,33.375000,195.397598,1704.537964,33.332325,0.022598,0.037964,-0.042675,0.000000,0.000000,0.000000,0.000046,0.000000,1,1,1,0
160.268142,0.013899,0,4104,100.0,202.989563,1668.648438,39.542831,203.012161,1668.686401,39.625156,0.000000,0.000000,0.000000,0.000000,0.000000,0.000000,203.012161,1668.686401,30.625156,0.022598,0.037964,0.082325,0.022598,0.037964,0.082325,-0.000109,-0.000028,0.000020,0.000000,0.000000,0.000000,0,1,0,0,0,0,177.272598,1691.412964,32.457325,177.250000,1691.375000,32.375000,177.272598,1691.412964,32.457325,0.022598,0.037964,0.082325,0.000000,0.000000,0.000000,0.000052,0.000000,1,1,1,0,195.397598,1704.537964,33.332325,195.375000,1704.500000,33.250000,195.397598,1704.537964,33.332325,0.022598,0.037964,0.082325,0.000000,0.000000,0.000000,0.000046,0.000000,1,1,1,0
160.281892,0.013750,0,4104,100.0,203.012161,1668.686401,39.625156,203.034760,1668.724365,39.582481,0.000000,0.000000,0.000000,0.000000,0.000000,0.000000,203.034760,1668.724365,30.582481,0.022598,0.037964,-0.042675,0.022598,0.037964,-0.042675,-0.000109,-0.000028,0.000020,0.000000,0.000000,0.000000,0,1,0,0,0,0,177.272598,1691.412964,32.457325,177.250000,1691.375000,32.500000,177.272598,1691.412964,32.457325,0.022598,0.037964,-0.042675,0.000000,0.000000,0.000000,0.000052,0.000000,1,1,1,0,195.397598,1704.537964,33.332325,195.375000,1704.500000,33.375000,195.397598,1704.537964,33.332325,0.022598,0.037964,-0.042675,0.000000,0.000000,0.000000,0.000046,0.000000,1,1,1,0
160.296772,0.014880,0,4104,100.0,203.034760,1668.724365,39.582481,203.057358,1668.637329,39.539806,0.000000,0.000000,0.000000,0.000000,0.000000,0.000000,203.057358,1668.637329,30.539806,0.022598,-0.087036,-0.042675,0.022598,-0.087036,-0.042675,-0.000109,-0.000028,0.000020,0.000000,0.000000,0.000000,0,1,0,0,0,0,177.272598,1691.412964,32.457325,177.250000,1691.500000,32.500000,177.272598,1691.412964,32.457325,0.022598,-0.087036,-0.042675,0.000000,0.000000,0.000000,0.000052,0.000000,1,1,1,0,195.397598,1704.537964,33.332325,195.375000,1704.625000,33.375000,195.397598,1704.537964,33.332325,0.022598,-0.087036,-0.042675,0.000000,0.000000,0.000000,0.000046,0.000000,1,1,1,0
160.310120,0.013349,0,4104,100.0,203.057358,1668.637329,39.539806,203.079956,1668.675293,39.622131,0.000000,0.000000,0.000000,0.000000,0.000000,0.000000,203.079956,1668.675293,30.622131,0.022598,0.037964,0.082325,0.022598,0.037964,0.082325,-0.000109,-0.000028,0.000020,0.000000,0.000000,0.000000,0,1,0,0,0,0,177.272598,1691.412964,32.457325,177.250000,1691.375000,32.375000,177.272598,1691.412964,32.457325,0.022598,0.037964,0.082325,0.000000,0.000000,0.000000,0.000052,0.000000,1,1,1,0,195.397598,1704.537964,33.332325,195.375000,1704.500000,33.250000,195.397598,1704.537964,33.332325,0.022598,0.037964,0.082325,0.000000,0.000000,0.000000,0.000046,0.000000,1,1,1,0
160.324956,0.014835,0,4104,100.0,203.079956,1668.675293,39.622131,202.977554,1668.713257,39.579456,0.000000,0.000000,0.000000,0.000000,0.000000,0.000000,202.977554,1668.713257,30.579456,-0.102402,0.037964,-0.042675,-0.102402,0.037964,-0.042675,-0.000109,-0.000028,0.000020,0.000000,0.000000,0.000000,0,1,0,0,0,0,177.272598,1691.412964,32.457325,177.375000,1691.375000,32.500000,177.272598,1691.412964,32.457325,-0.102402,0.037964,-0.042675,0.000000,0.000000,0.000000,0.000052,0.000000,1,1,1,0,195.397598,1704.537964,33.332325,195.500000,1704.500000,33.375000,195.397598,1704.537964,33.332325,-0.102402,0.037964,-0.042675,0.000000,0.000000,0.000000,0.000046,0.000000,1,1,1,0
